domain,language,iso,file,chars,spacy_trained_tokens,spacy_trained_words,spacy_blank_tokens,spacy_blank_words
www.dna.fi,Finnish,fi,-WiFi.html.json,4951,706.0,596.0,706.0,596.0
www.dna.fi,Finnish,fi,-alykellot_apple-watch.html.json,5018,694.0,583.0,694.0,583.0
www.dna.fi,Finnish,fi,-alykellot_samsung-galaxy-watch.html.json,4981,688.0,576.0,688.0,576.0
www.dna.fi,Finnish,fi,-modeemit.html.json,4184,542.0,471.0,542.0,471.0
www.dna.fi,Finnish,fi,-mokkulat.html.json,1374,184.0,156.0,184.0,156.0
www.dna.fi,Finnish,fi,-nettiostaminen_tilaaminen.html.json,4025,520.0,443.0,520.0,443.0
www.dna.fi,Finnish,fi,-puhelinliittymat_esim.html.json,2837,411.0,343.0,411.0,343.0
www.dna.fi,Finnish,fi,asiakkuus.html.json,3664,464.0,445.0,464.0,445.0
www.dna.fi,Finnish,fi,asiakkuus_kirjautuminen.html.json,2881,355.0,311.0,355.0,311.0
www.dna.fi,Finnish,fi,asiakkuus_laskutus.html.json,5497,728.0,619.0,728.0,619.0
www.dna.fi,Finnish,fi,asiakkuus_laskutus_e-lasku.html.json,1244,164.0,130.0,164.0,130.0
www.dna.fi,Finnish,fi,asiakkuus_nettiostaminen.html.json,1593,228.0,191.0,228.0,191.0
www.dna.fi,Finnish,fi,asiakkuus_nettiostaminen_click-collect.html.json,4175,622.0,519.0,622.0,519.0
www.dna.fi,Finnish,fi,asiakkuus_nettiostaminen_maksutavat.html.json,3394,405.0,353.0,405.0,353.0
www.dna.fi,Finnish,fi,asiakkuus_nettiostaminen_palautus-ja-takuu.html.json,4548,594.0,514.0,594.0,514.0
www.dna.fi,Finnish,fi,asiakkuus_nettiostaminen_tilaaminen.html.json,4025,520.0,443.0,520.0,443.0
www.dna.fi,Finnish,fi,asiakkuus_nettiostaminen_toimitus.html.json,4516,583.0,496.0,583.0,496.0
www.dna.fi,Finnish,fi,asiakkuus_oma-dna-sovellus.html.json,772,95.0,86.0,95.0,86.0
www.dna.fi,Finnish,fi,asiakkuus_valtakirjat.html.json,5823,787.0,664.0,787.0,664.0
www.dna.fi,Finnish,fi,dnatv_suoratoistopalvelut_cmore.html.json,4520,578.0,515.0,578.0,515.0
www.dna.fi,Finnish,fi,dnatv_suoratoistopalvelut_viihdekirjasto.html.json,614,86.0,73.0,86.0,73.0
www.dna.fi,Finnish,fi,index.html.json,865,104.0,102.0,104.0,102.0
www.dna.fi,Finnish,fi,kuuluvuus-ja-verkot_3g.html.json,4411,602.0,514.0,602.0,514.0
www.dna.fi,Finnish,fi,kuuluvuus-ja-verkot_4g-verkko.html.json,5137,712.0,613.0,712.0,613.0
www.dna.fi,Finnish,fi,kuuluvuus-ja-verkot_5g-verkko.html.json,2533,351.0,309.0,351.0,309.0
www.dna.fi,Finnish,fi,laitteet.html.json,1173,149.0,138.0,149.0,138.0
www.dna.fi,Finnish,fi,laitteet_alykellot.html.json,1457,156.0,133.0,156.0,133.0
www.dna.fi,Finnish,fi,laitteet_alykellot_apple-watch.html.json,5018,694.0,583.0,694.0,583.0
www.dna.fi,Finnish,fi,laitteet_alykellot_huawei-watch.html.json,1150,166.0,136.0,166.0,136.0
www.dna.fi,Finnish,fi,laitteet_alykellot_samsung-galaxy-watch.html.json,4981,688.0,576.0,688.0,576.0
www.dna.fi,Finnish,fi,laitteet_modeemit.html.json,4184,542.0,471.0,542.0,471.0
www.dna.fi,Finnish,fi,laitteet_modeemit_dna-valokuitu-plus-premium-modeemi-ubc1303.html.json,341,41.0,36.0,41.0,36.0
www.dna.fi,Finnish,fi,laitteet_modeemit_dna-valokuitu-plus-premium-modeemi-ubc1303_asetukset.html.json,7028,913.0,782.0,913.0,782.0
www.dna.fi,Finnish,fi,laitteet_modeemit_dna-valokuitu-plus-premium-modeemi-ubc1303_kayttoonotto.html.json,5676,857.0,672.0,857.0,672.0
www.dna.fi,Finnish,fi,laitteet_modeemit_dna-valokuitu-plus-premium-modeemi-ubc1303_tpaivitykset.html.json,1991,240.0,216.0,240.0,216.0
www.dna.fi,Finnish,fi,laitteet_modeemit_ethernet_dna-ethernet-wifi-6-k562.html.json,814,116.0,99.0,116.0,99.0
www.dna.fi,Finnish,fi,laitteet_modeemit_ethernet_dna-ethernet-wifi-6-k562_asetukset.html.json,6832,944.0,808.0,944.0,808.0
www.dna.fi,Finnish,fi,laitteet_modeemit_ethernet_dna-ethernet-wifi-6-k562_ominaisuudet.html.json,1308,211.0,179.0,211.0,179.0
www.dna.fi,Finnish,fi,laitteet_modeemit_ethernet_dna-ethernet-wifi-6-k562_paivitykset.html.json,2305,295.0,267.0,295.0,267.0
www.dna.fi,Finnish,fi,laitteet_modeemit_ethernet_dna-ethernet-wifi-6-k562_vianmaaritys.html.json,3300,456.0,378.0,456.0,378.0
www.dna.fi,Finnish,fi,laitteet_modeemit_ethernet_dna-ethernet-wifi6-plus-f5670.html.json,794,110.0,95.0,110.0,95.0
www.dna.fi,Finnish,fi,laitteet_modeemit_ethernet_dna-ethernet-wifi6-plus-f5670_ominaisuudet.html.json,731,131.0,107.0,131.0,107.0
www.dna.fi,Finnish,fi,laitteet_modeemit_ethernet_dna-ethernet-wifi6-plus-f5670_paivitykset.html.json,451,53.0,50.0,53.0,50.0
www.dna.fi,Finnish,fi,laitteet_modeemit_ethernet_dna-ethernet-wifi6-plus-f5670_vianmaaritys.html.json,3417,461.0,383.0,461.0,383.0
www.dna.fi,Finnish,fi,laitteet_modeemit_ethernet_dna-kytkin-tl-sg-108.html.json,130,14.0,14.0,14.0,14.0
www.dna.fi,Finnish,fi,laitteet_modeemit_ethernet_dna-kytkin-tl-sg-108_kayttoonotto.html.json,1548,206.0,173.0,206.0,173.0
www.dna.fi,Finnish,fi,laitteet_modeemit_ethernet_dna-kytkin-tl-sg-108_ominaisuudet.html.json,266,45.0,33.0,45.0,33.0
www.dna.fi,Finnish,fi,laitteet_modeemit_ethernet_dna-mesh-f-266.html.json,911,127.0,110.0,127.0,110.0
www.dna.fi,Finnish,fi,laitteet_modeemit_ethernet_dna-mesh-f-266_ominaisuudet.html.json,853,146.0,124.0,146.0,124.0
www.dna.fi,Finnish,fi,laitteet_modeemit_ethernet_dna-mesh-f-266_paivitykset.html.json,813,98.0,87.0,98.0,87.0
www.dna.fi,Finnish,fi,laitteet_modeemit_ethernet_dna-mesh-f-266_vianmaaritys.html.json,3420,462.0,384.0,462.0,384.0
www.dna.fi,Finnish,fi,laitteet_modeemit_ethernet_dna-mesh-wifi-wa8021v5.html.json,209,27.0,23.0,27.0,23.0
www.dna.fi,Finnish,fi,laitteet_modeemit_ethernet_dna-mesh-wifi-wa8021v5_kayttoonotto.html.json,4089,537.0,466.0,537.0,466.0
www.dna.fi,Finnish,fi,laitteet_modeemit_ethernet_dna-mesh-wifi-wa8021v5_ominaisuudet.html.json,575,96.0,77.0,96.0,77.0
www.dna.fi,Finnish,fi,laitteet_modeemit_ethernet_dna-mesh-wifi-wa8021v5_paivitykset.html.json,724,81.0,74.0,81.0,74.0
www.dna.fi,Finnish,fi,laitteet_modeemit_ethernet_dna-mesh-wifi-wa8021v5_vianmaaritys.html.json,4481,609.0,509.0,609.0,509.0
www.dna.fi,Finnish,fi,laitteet_modeemit_ethernet_dna-mesh-wifi-wa8021v5_wa8021v5_asetukset.html.json,6079,831.0,716.0,831.0,716.0
www.dna.fi,Finnish,fi,laitteet_modeemit_ethernet_dna-valokuitu-plus-ethernet-dg200ac.html.json,256,28.0,26.0,28.0,26.0
www.dna.fi,Finnish,fi,laitteet_modeemit_ethernet_dna-valokuitu-plus-ethernet-dg200ac_ominaisuudet.html.json,590,91.0,71.0,91.0,71.0
www.dna.fi,Finnish,fi,laitteet_modeemit_ethernet_dna-valokuitu-plus-ethernet-dg200ac_paivitykset.html.json,2677,330.0,279.0,330.0,279.0
www.dna.fi,Finnish,fi,laitteet_modeemit_ethernet_dna-valokuitu-plus-ethernet-ex400.html.json,175,18.0,16.0,18.0,16.0
www.dna.fi,Finnish,fi,laitteet_modeemit_ethernet_dna-valokuitu-plus-ethernet-ex400_kayttoonotto.html.json,3400,464.0,383.0,464.0,383.0
www.dna.fi,Finnish,fi,laitteet_modeemit_ethernet_dna-valokuitu-plus-ethernet-ex400_ominaisuudet.html.json,468,77.0,62.0,77.0,62.0
www.dna.fi,Finnish,fi,laitteet_modeemit_ethernet_dna-valokuitu-plus-ethernet-ex400_paivitykset.html.json,2901,359.0,305.0,359.0,305.0
www.dna.fi,Finnish,fi,laitteet_modeemit_ethernet_dna-xdsl-ed500a.html.json,201,25.0,21.0,25.0,21.0
www.dna.fi,Finnish,fi,laitteet_modeemit_ethernet_dna-xdsl-ed500a_ominaisuudet.html.json,574,94.0,73.0,94.0,73.0
www.dna.fi,Finnish,fi,laitteet_modeemit_ethernet_dna-xdsl-ed500a_paivitykset.html.json,2221,279.0,238.0,279.0,238.0
www.dna.fi,Finnish,fi,laitteet_modeemit_ethernet_dna-xdsl-ed500a_vianselvitys.html.json,2382,338.0,281.0,338.0,281.0
www.dna.fi,Finnish,fi,laitteet_modeemit_ethernet_google-wifi-mesh.html.json,455,58.0,50.0,58.0,50.0
www.dna.fi,Finnish,fi,laitteet_modeemit_ethernet_google-wifi-mesh_kayttoonotto.html.json,5237,728.0,619.0,728.0,619.0
www.dna.fi,Finnish,fi,laitteet_modeemit_ethernet_google-wifi-mesh_ominaisuudet.html.json,882,137.0,112.0,137.0,112.0
www.dna.fi,Finnish,fi,laitteet_modeemit_ethernet_google-wifi-mesh_tuki-ja-ongelmatilanteet.html.json,1844,255.0,219.0,255.0,219.0
www.dna.fi,Finnish,fi,laitteet_modeemit_ftth.html.json,2298,341.0,260.0,341.0,260.0
www.dna.fi,Finnish,fi,laitteet_modeemit_ftth_dna-valokuitu-plus-modeemi-eg300ac.html.json,180,19.0,17.0,19.0,17.0
www.dna.fi,Finnish,fi,laitteet_modeemit_ftth_dna-valokuitu-plus-modeemi-eg300ac_ominaisuudet.html.json,597,99.0,77.0,99.0,77.0
www.dna.fi,Finnish,fi,laitteet_modeemit_ftth_dna-valokuitu-plus-modeemi-eg300ac_paivitykset.html.json,2672,329.0,278.0,329.0,278.0
www.dna.fi,Finnish,fi,laitteet_modeemit_ftth_dna-valokuitu-plus-modeemi-eg400ac.html.json,168,19.0,17.0,19.0,17.0
www.dna.fi,Finnish,fi,laitteet_modeemit_ftth_dna-valokuitu-plus-modeemi-eg400ac_asetukset.html.json,754,99.0,86.0,99.0,86.0
www.dna.fi,Finnish,fi,laitteet_modeemit_ftth_dna-valokuitu-plus-modeemi-eg400ac_kayttoonotto.html.json,4954,649.0,555.0,649.0,555.0
www.dna.fi,Finnish,fi,laitteet_modeemit_ftth_dna-valokuitu-plus-modeemi-eg400ac_ominaisuudet.html.json,373,59.0,49.0,59.0,49.0
www.dna.fi,Finnish,fi,laitteet_modeemit_ftth_dna-valokuitu-plus-modeemi-eg400ac_paivitykset.html.json,2654,325.0,274.0,325.0,274.0
www.dna.fi,Finnish,fi,laitteet_modeemit_kaapeli_cisco-epc3828.html.json,372,49.0,40.0,49.0,40.0
www.dna.fi,Finnish,fi,laitteet_modeemit_kaapeli_cisco-epc3828_asetukset.html.json,5514,750.0,635.0,750.0,635.0
www.dna.fi,Finnish,fi,laitteet_modeemit_kaapeli_cisco-epc3828_kayttoonotto.html.json,5453,823.0,644.0,823.0,644.0
www.dna.fi,Finnish,fi,laitteet_modeemit_kaapeli_cisco-epc3828_ominaisuudet.html.json,425,63.0,51.0,63.0,51.0
www.dna.fi,Finnish,fi,laitteet_modeemit_kaapeli_cisco-epc3828_paivitykset.html.json,807,98.0,87.0,98.0,87.0
www.dna.fi,Finnish,fi,laitteet_modeemit_kaapeli_dna-kaapelimodeemi-wifi-6-f-3896.html.json,787,109.0,94.0,109.0,94.0
www.dna.fi,Finnish,fi,laitteet_modeemit_kaapeli_dna-kaapelimodeemi-wifi-6-f-3896_kayttoonotto.html.json,4372,558.0,491.0,558.0,491.0
www.dna.fi,Finnish,fi,laitteet_modeemit_kaapeli_dna-kaapelimodeemi-wifi-6-f-3896_ominaisuudet.html.json,804,139.0,105.0,139.0,105.0
www.dna.fi,Finnish,fi,laitteet_modeemit_kaapeli_dna-kaapelimodeemi-wifi-6-f-3896_paivitykset.html.json,886,96.0,86.0,96.0,86.0
www.dna.fi,Finnish,fi,laitteet_modeemit_kaapeli_dna-kaapelimodeemi-wifi-6-f-3896_vianmaaritys.html.json,2653,372.0,313.0,372.0,313.0
www.dna.fi,Finnish,fi,laitteet_modeemit_kaapeli_dna-valokuitu-plus-f-3686ac.html.json,334,40.0,35.0,40.0,35.0
www.dna.fi,Finnish,fi,laitteet_modeemit_kaapeli_dna-valokuitu-plus-f-3686ac_ominaisuudet.html.json,630,93.0,74.0,93.0,74.0
www.dna.fi,Finnish,fi,laitteet_modeemit_kaapeli_dna-valokuitu-plus-f-3686ac_paivitykset.html.json,2098,257.0,226.0,257.0,226.0
www.dna.fi,Finnish,fi,laitteet_modeemit_kaapeli_dna-valokuitu-plus-f-3686acv2.html.json,336,40.0,35.0,40.0,35.0
www.dna.fi,Finnish,fi,laitteet_modeemit_kaapeli_dna-valokuitu-plus-f-3686acv2_kayttoonotto.html.json,5948,891.0,701.0,891.0,701.0
www.dna.fi,Finnish,fi,laitteet_modeemit_kaapeli_dna-valokuitu-plus-f-3686acv2_ominaisuudet.html.json,634,93.0,74.0,93.0,74.0
www.dna.fi,Finnish,fi,laitteet_modeemit_kaapeli_dna-valokuitu-plus-f-3686acv2_paivitykset.html.json,2226,271.0,239.0,271.0,239.0
www.dna.fi,Finnish,fi,laitteet_modeemit_kaapeli_dna-valokuitu-plus-f-3890v3.html.json,174,20.0,18.0,20.0,18.0
www.dna.fi,Finnish,fi,laitteet_modeemit_kaapeli_dna-valokuitu-plus-f-3890v3_kayttoonotto.html.json,6111,878.0,724.0,878.0,724.0
www.dna.fi,Finnish,fi,laitteet_modeemit_kaapeli_dna-valokuitu-plus-f-3890v3_ominaisuudet.html.json,908,130.0,102.0,130.0,102.0
www.dna.fi,Finnish,fi,laitteet_modeemit_kaapeli_dna-valokuitu-plus-f-3890v3_paivitykset.html.json,1591,154.0,141.0,154.0,141.0
www.dna.fi,Finnish,fi,laitteet_modeemit_kaapeli_dna-valokuitu-plus-f-3890v3_vianmaaritys.html.json,2244,314.0,268.0,314.0,268.0
www.dna.fi,Finnish,fi,laitteet_modeemit_kaapeli_sagemcom-f-3284dc.html.json,300,40.0,33.0,40.0,33.0
www.dna.fi,Finnish,fi,laitteet_modeemit_kaapeli_sagemcom-f-3284dc_kayttoonotto.html.json,4817,745.0,573.0,745.0,573.0
www.dna.fi,Finnish,fi,laitteet_modeemit_kaapeli_sagemcom-f-3284dc_ominaisuudet.html.json,364,54.0,46.0,54.0,46.0
www.dna.fi,Finnish,fi,laitteet_modeemit_kaapeli_sagemcom-f-3284dc_paivitykset.html.json,1436,183.0,161.0,183.0,161.0
www.dna.fi,Finnish,fi,laitteet_modeemit_kaapeli_technicolor-tc7200.html.json,377,49.0,40.0,49.0,40.0
www.dna.fi,Finnish,fi,laitteet_modeemit_kaapeli_technicolor-tc7200_kayttoonotto.html.json,5187,795.0,617.0,795.0,617.0
www.dna.fi,Finnish,fi,laitteet_modeemit_kaapeli_technicolor-tc7200_ominaisuudet.html.json,495,73.0,56.0,73.0,56.0
www.dna.fi,Finnish,fi,laitteet_modeemit_kaapeli_technicolor-tc7200_paivitykset.html.json,814,99.0,88.0,99.0,88.0
www.dna.fi,Finnish,fi,laitteet_modeemit_mesh-wifi.html.json,2394,339.0,293.0,339.0,293.0
www.dna.fi,Finnish,fi,laitteet_modeemit_omamodeemi.html.json,7053,956.0,833.0,956.0,833.0
www.dna.fi,Finnish,fi,laitteet_modeemit_xdsl.html.json,3630,481.0,406.0,481.0,406.0
www.dna.fi,Finnish,fi,laitteet_modeemit_xdsl_dna-dsl-modeemi-dg200ac.html.json,253,36.0,28.0,36.0,28.0
www.dna.fi,Finnish,fi,laitteet_modeemit_xdsl_dna-dsl-modeemi-dg200ac_ominaisuudet.html.json,585,91.0,71.0,91.0,71.0
www.dna.fi,Finnish,fi,laitteet_modeemit_xdsl_dna-dsl-modeemi-dg200ac_paivitykset.html.json,2044,252.0,210.0,252.0,210.0
www.dna.fi,Finnish,fi,laitteet_modeemit_xdsl_dna-xdsl-modeemi-dg301ac.html.json,225,30.0,24.0,30.0,24.0
www.dna.fi,Finnish,fi,laitteet_modeemit_xdsl_dna-xdsl-modeemi-dg301ac_ominaisuudet.html.json,633,100.0,80.0,100.0,80.0
www.dna.fi,Finnish,fi,laitteet_modeemit_xdsl_dna-xdsl-modeemi-dg301ac_paivitykset.html.json,2664,330.0,278.0,330.0,278.0
www.dna.fi,Finnish,fi,laitteet_modeemit_xdsl_dna-xdsl-modeemi-ed500a.html.json,659,87.0,76.0,87.0,76.0
www.dna.fi,Finnish,fi,laitteet_modeemit_xdsl_dna-xdsl-modeemi-ed500a_ominaisuudet.html.json,574,94.0,73.0,94.0,73.0
www.dna.fi,Finnish,fi,laitteet_modeemit_xdsl_dna-xdsl-modeemi-ed500a_paivitykset.html.json,2221,279.0,238.0,279.0,238.0
www.dna.fi,Finnish,fi,laitteet_modeemit_xdsl_dna-xdsl-modeemi-ed500a_vianselvitys.html.json,2382,338.0,281.0,338.0,281.0
www.dna.fi,Finnish,fi,laitteet_mokkulat.html.json,1108,149.0,125.0,149.0,125.0
www.dna.fi,Finnish,fi,laitteet_mokkulat_kotimokkulat_dna-kotimokkula-4g-wifi-b818.html.json,206,28.0,24.0,28.0,24.0
www.dna.fi,Finnish,fi,laitteet_mokkulat_kotimokkulat_dna-kotimokkula-4g-wifi-b818_kayttoonotto.html.json,6490,944.0,785.0,944.0,785.0
www.dna.fi,Finnish,fi,laitteet_mokkulat_kotimokkulat_dna-kotimokkula-4g-wifi-b818_kayttoonotto_paivitykset.html.json,1113,130.0,109.0,130.0,109.0
www.dna.fi,Finnish,fi,laitteet_mokkulat_kotimokkulat_dna-kotimokkula-4g-wifi-b818_ominaisuudet.html.json,920,117.0,107.0,117.0,107.0
www.dna.fi,Finnish,fi,laitteet_mokkulat_kotimokkulat_dna-kotimokkula-4g-wifi-b818_vianmaaritys.html.json,3333,485.0,405.0,485.0,405.0
www.dna.fi,Finnish,fi,laitteet_mokkulat_kotimokkulat_dna-kotimokkula-4g-wifi-mf289f.html.json,208,28.0,24.0,28.0,24.0
www.dna.fi,Finnish,fi,laitteet_mokkulat_kotimokkulat_dna-kotimokkula-4g-wifi-mf289f_ominaisuudet.html.json,1150,185.0,156.0,185.0,156.0
www.dna.fi,Finnish,fi,laitteet_mokkulat_kotimokkulat_dna-kotimokkula-4g-wifi-mf289f_paivitykset.html.json,671,82.0,75.0,82.0,75.0
www.dna.fi,Finnish,fi,laitteet_mokkulat_kotimokkulat_dna-kotimokkula-4g-wifi-mf289f_vianmaaritys.html.json,1691,236.0,202.0,236.0,202.0
www.dna.fi,Finnish,fi,laitteet_mokkulat_kotimokkulat_dna-kotimokkula-4g-wlan-b315.html.json,371,49.0,42.0,49.0,42.0
www.dna.fi,Finnish,fi,laitteet_mokkulat_kotimokkulat_dna-kotimokkula-4g-wlan-b315_asetukset.html.json,4750,634.0,541.0,634.0,541.0
www.dna.fi,Finnish,fi,laitteet_mokkulat_kotimokkulat_dna-kotimokkula-4g-wlan-b315_kayttoonotto.html.json,4522,691.0,557.0,691.0,557.0
www.dna.fi,Finnish,fi,laitteet_mokkulat_kotimokkulat_dna-kotimokkula-4g-wlan-b315_ominaisuudet.html.json,997,173.0,142.0,173.0,142.0
www.dna.fi,Finnish,fi,laitteet_mokkulat_kotimokkulat_dna-kotimokkula-4g-wlan-b315_paivitykset.html.json,2139,297.0,245.0,297.0,245.0
www.dna.fi,Finnish,fi,laitteet_mokkulat_kotimokkulat_dna-kotimokkula-4g-wlan-b315_vianmaaritys.html.json,1563,230.0,194.0,230.0,194.0
www.dna.fi,Finnish,fi,laitteet_mokkulat_kotimokkulat_dna-kotimokkula-4g-wlan-b593s.html.json,345,44.0,39.0,44.0,39.0
www.dna.fi,Finnish,fi,laitteet_mokkulat_kotimokkulat_dna-kotimokkula-4g-wlan-b593s_asetukset.html.json,4207,555.0,472.0,555.0,472.0
www.dna.fi,Finnish,fi,laitteet_mokkulat_kotimokkulat_dna-kotimokkula-4g-wlan-b593s_kayttoonotto.html.json,4204,651.0,517.0,651.0,517.0
www.dna.fi,Finnish,fi,laitteet_mokkulat_kotimokkulat_dna-kotimokkula-4g-wlan-b593s_ominaisuudet.html.json,1054,185.0,149.0,185.0,149.0
www.dna.fi,Finnish,fi,laitteet_mokkulat_kotimokkulat_dna-kotimokkula-4g-wlan-b593s_paivitykset.html.json,1945,254.0,218.0,254.0,218.0
www.dna.fi,Finnish,fi,laitteet_mokkulat_kotimokkulat_dna-kotimokkula-4g-wlan-b593s_vianmaaritys.html.json,1010,149.0,124.0,149.0,124.0
www.dna.fi,Finnish,fi,laitteet_mokkulat_kotimokkulat_dna-kotimokkula-4g-wlan-b715.html.json,365,47.0,41.0,47.0,41.0
www.dna.fi,Finnish,fi,laitteet_mokkulat_kotimokkulat_dna-kotimokkula-4g-wlan-b715_ominaisuudet.html.json,1130,169.0,144.0,169.0,144.0
www.dna.fi,Finnish,fi,laitteet_mokkulat_kotimokkulat_dna-kotimokkula-4g-wlan-b715_paivitykset.html.json,1690,203.0,172.0,203.0,172.0
www.dna.fi,Finnish,fi,laitteet_mokkulat_kotimokkulat_dna-kotimokkula-4g-wlan-b715_vianmaaritys.html.json,2535,349.0,290.0,349.0,290.0
www.dna.fi,Finnish,fi,laitteet_mokkulat_kotimokkulat_dna-kotimokkula-4g-wlan-e5186.html.json,346,43.0,38.0,43.0,38.0
www.dna.fi,Finnish,fi,laitteet_mokkulat_kotimokkulat_dna-kotimokkula-4g-wlan-e5186_asetukset.html.json,5069,672.0,566.0,672.0,566.0
www.dna.fi,Finnish,fi,laitteet_mokkulat_kotimokkulat_dna-kotimokkula-4g-wlan-e5186_kayttoonotto.html.json,5499,769.0,645.0,769.0,645.0
www.dna.fi,Finnish,fi,laitteet_mokkulat_kotimokkulat_dna-kotimokkula-4g-wlan-e5186_ominaisuudet.html.json,1059,184.0,144.0,184.0,144.0
www.dna.fi,Finnish,fi,laitteet_mokkulat_kotimokkulat_dna-kotimokkula-4g-wlan-e5186_paivitykset.html.json,1032,125.0,106.0,125.0,106.0
www.dna.fi,Finnish,fi,laitteet_mokkulat_kotimokkulat_dna-kotimokkula-4g-wlan-e5186_vianmaaritys.html.json,1837,257.0,218.0,257.0,218.0
www.dna.fi,Finnish,fi,laitteet_mokkulat_kotimokkulat_dna-kotimokkula-4g-wlan-mf286-a.html.json,372,50.0,42.0,50.0,42.0
www.dna.fi,Finnish,fi,laitteet_mokkulat_kotimokkulat_dna-kotimokkula-4g-wlan-mf286-a_kayttoonotto.html.json,5008,760.0,612.0,760.0,612.0
www.dna.fi,Finnish,fi,laitteet_mokkulat_kotimokkulat_dna-kotimokkula-4g-wlan-mf286-a_ominaisuudet.html.json,1531,264.0,203.0,264.0,203.0
www.dna.fi,Finnish,fi,laitteet_mokkulat_kotimokkulat_dna-kotimokkula-4g-wlan-mf286-a_paivitykset.html.json,3855,485.0,418.0,485.0,418.0
www.dna.fi,Finnish,fi,laitteet_mokkulat_kotimokkulat_dna-kotimokkula-4g-wlan-mf286-a_vianmaaritys.html.json,2310,296.0,249.0,296.0,249.0
www.dna.fi,Finnish,fi,laitteet_mokkulat_kotimokkulat_dna-kotimokkula-5g-wifi-h155.html.json,813,116.0,99.0,116.0,99.0
www.dna.fi,Finnish,fi,laitteet_mokkulat_kotimokkulat_dna-kotimokkula-5g-wifi-h155_kayttoonotto.html.json,3327,446.0,383.0,446.0,383.0
www.dna.fi,Finnish,fi,laitteet_mokkulat_kotimokkulat_dna-kotimokkula-5g-wifi-h155_ominaisuudet.html.json,1472,288.0,221.0,288.0,221.0
www.dna.fi,Finnish,fi,laitteet_mokkulat_kotimokkulat_dna-kotimokkula-5g-wifi-h155_paivitykset.html.json,140,18.0,17.0,18.0,17.0
www.dna.fi,Finnish,fi,laitteet_mokkulat_kotimokkulat_dna-kotimokkula-5g-wifi-h155_vianmaaritys.html.json,2482,362.0,297.0,362.0,297.0
www.dna.fi,Finnish,fi,laitteet_mokkulat_kotimokkulat_dna-kotimokkula-5g-wifi-h158.html.json,813,116.0,99.0,116.0,99.0
www.dna.fi,Finnish,fi,laitteet_mokkulat_kotimokkulat_dna-kotimokkula-5g-wifi-h158_asetukset.html.json,6590,850.0,767.0,850.0,767.0
www.dna.fi,Finnish,fi,laitteet_mokkulat_kotimokkulat_dna-kotimokkula-5g-wifi-h158_kayttoonotto.html.json,3473,470.0,401.0,470.0,401.0
www.dna.fi,Finnish,fi,laitteet_mokkulat_kotimokkulat_dna-kotimokkula-5g-wifi-h158_ominaisuudet.html.json,1455,275.0,218.0,275.0,218.0
www.dna.fi,Finnish,fi,laitteet_mokkulat_kotimokkulat_dna-kotimokkula-5g-wifi-h158_paivitykset.html.json,2433,319.0,286.0,319.0,286.0
www.dna.fi,Finnish,fi,laitteet_mokkulat_kotimokkulat_dna-kotimokkula-5g-wifi-h158_vianmaaritys.html.json,2482,362.0,297.0,362.0,297.0
www.dna.fi,Finnish,fi,laitteet_mokkulat_kotimokkulat_dna-kotimokkula-5g-wifi-mc8020.html.json,258,40.0,32.0,40.0,32.0
www.dna.fi,Finnish,fi,laitteet_mokkulat_kotimokkulat_dna-kotimokkula-5g-wifi-mc8020_kayttoonotto.html.json,5588,807.0,675.0,807.0,675.0
www.dna.fi,Finnish,fi,laitteet_mokkulat_kotimokkulat_dna-kotimokkula-5g-wifi-mc8020_ominaisuudet.html.json,1443,269.0,211.0,269.0,211.0
www.dna.fi,Finnish,fi,laitteet_mokkulat_kotimokkulat_dna-kotimokkula-5g-wifi-mc8020_paivitykset.html.json,1192,149.0,129.0,149.0,129.0
www.dna.fi,Finnish,fi,laitteet_mokkulat_kotimokkulat_dna-kotimokkula-5g-wifi-mc8020_vianmaaritys.html.json,3021,418.0,360.0,418.0,360.0
www.dna.fi,Finnish,fi,laitteet_mokkulat_kotimokkulat_kotimokkula-5g-wifi-h112.html.json,276,37.0,32.0,37.0,32.0
www.dna.fi,Finnish,fi,laitteet_mokkulat_kotimokkulat_kotimokkula-5g-wifi-h112_kayttoonotto.html.json,4056,540.0,458.0,540.0,458.0
www.dna.fi,Finnish,fi,laitteet_mokkulat_kotimokkulat_kotimokkula-5g-wifi-h112_ominaisuudet.html.json,1172,188.0,164.0,188.0,164.0
www.dna.fi,Finnish,fi,laitteet_mokkulat_kotimokkulat_kotimokkula-5g-wifi-h112_paivitykset.html.json,910,111.0,89.0,111.0,89.0
www.dna.fi,Finnish,fi,laitteet_mokkulat_kotimokkulat_kotimokkula-5g-wifi-h122.html.json,202,27.0,23.0,27.0,23.0
www.dna.fi,Finnish,fi,laitteet_mokkulat_kotimokkulat_kotimokkula-5g-wifi-h122_ominaisuudet.html.json,902,174.0,140.0,174.0,140.0
www.dna.fi,Finnish,fi,laitteet_mokkulat_kotimokkulat_kotimokkula-5g-wifi-h122_paivitykset.html.json,775,82.0,69.0,82.0,69.0
www.dna.fi,Finnish,fi,laitteet_mokkulat_kotimokkulat_kotimokkula-5g-wifi-h122_vainamaaritys.html.json,3412,488.0,413.0,488.0,413.0
www.dna.fi,Finnish,fi,laitteet_mokkulat_lisalaitteet.html.json,184,29.0,29.0,29.0,29.0
www.dna.fi,Finnish,fi,laitteet_mokkulat_lisalaitteet_dna-telakka-d1001.html.json,992,143.0,122.0,143.0,122.0
www.dna.fi,Finnish,fi,laitteet_mokkulat_lisalaitteet_dna-telakka-telewell-802.11ap1.html.json,785,103.0,88.0,103.0,88.0
www.dna.fi,Finnish,fi,laitteet_mokkulat_lisalaitteet_kotiasema-dna-mokkula-4g-wlan-s-lle.html.json,1021,153.0,129.0,153.0,129.0
www.dna.fi,Finnish,fi,laitteet_mokkulat_lisalaitteet_telakka-tw-3g-flash-ofdm1.html.json,884,106.0,93.0,106.0,93.0
www.dna.fi,Finnish,fi,laitteet_mokkulat_matkamokkulat_dna-matkamokkula-4g-wifi-mf971rs.html.json,208,28.0,24.0,28.0,24.0
www.dna.fi,Finnish,fi,laitteet_mokkulat_matkamokkulat_dna-matkamokkula-4g-wifi-mf971rs2.html.json,667,90.0,79.0,90.0,79.0
www.dna.fi,Finnish,fi,laitteet_mokkulat_matkamokkulat_dna-matkamokkula-4g-wifi-mf971rs2_asetukset.html.json,4873,635.0,537.0,635.0,537.0
www.dna.fi,Finnish,fi,laitteet_mokkulat_matkamokkulat_dna-matkamokkula-4g-wifi-mf971rs2_kayttoonotto.html.json,5162,718.0,602.0,718.0,602.0
www.dna.fi,Finnish,fi,laitteet_mokkulat_matkamokkulat_dna-matkamokkula-4g-wifi-mf971rs2_ominaisuudet.html.json,662,101.0,91.0,101.0,91.0
www.dna.fi,Finnish,fi,laitteet_mokkulat_matkamokkulat_dna-matkamokkula-4g-wifi-mf971rs2_paivitykset.html.json,587,58.0,53.0,58.0,53.0
www.dna.fi,Finnish,fi,laitteet_mokkulat_matkamokkulat_dna-matkamokkula-4g-wifi-mf971rs2_vianrajaus.html.json,1613,220.0,189.0,220.0,189.0
www.dna.fi,Finnish,fi,laitteet_mokkulat_matkamokkulat_dna-matkamokkula-4g-wifi-mf971rs_asetukset.html.json,4872,635.0,537.0,635.0,537.0
www.dna.fi,Finnish,fi,laitteet_mokkulat_matkamokkulat_dna-matkamokkula-4g-wifi-mf971rs_kayttoonotto.html.json,5161,718.0,602.0,718.0,602.0
www.dna.fi,Finnish,fi,laitteet_mokkulat_matkamokkulat_dna-matkamokkula-4g-wifi-mf971rs_ominaisuudet.html.json,657,101.0,91.0,101.0,91.0
www.dna.fi,Finnish,fi,laitteet_mokkulat_matkamokkulat_dna-matkamokkula-4g-wifi-mf971rs_paivitykset.html.json,973,105.0,95.0,105.0,95.0
www.dna.fi,Finnish,fi,laitteet_mokkulat_matkamokkulat_dna-matkamokkula-4g-wifi-mf971rs_vianrajaus.html.json,1612,220.0,189.0,220.0,189.0
www.dna.fi,Finnish,fi,laitteet_mokkulat_matkamokkulat_dna-matkamokkula-4g-wifi-mf971v.html.json,208,27.0,23.0,27.0,23.0
www.dna.fi,Finnish,fi,laitteet_mokkulat_matkamokkulat_dna-matkamokkula-4g-wifi-mf971v_asetukset.html.json,4872,634.0,536.0,634.0,536.0
www.dna.fi,Finnish,fi,laitteet_mokkulat_matkamokkulat_dna-matkamokkula-4g-wifi-mf971v_kayttoonotto.html.json,5161,717.0,601.0,717.0,601.0
www.dna.fi,Finnish,fi,laitteet_mokkulat_matkamokkulat_dna-matkamokkula-4g-wifi-mf971v_ominaisuudet.html.json,663,95.0,85.0,95.0,85.0
www.dna.fi,Finnish,fi,laitteet_mokkulat_matkamokkulat_dna-matkamokkula-4g-wifi-mf971v_paivitykset.html.json,603,65.0,58.0,65.0,58.0
www.dna.fi,Finnish,fi,laitteet_mokkulat_matkamokkulat_dna-matkamokkula-4g-wifi-mf971v_vianrajaus.html.json,1612,219.0,188.0,219.0,188.0
www.dna.fi,Finnish,fi,laitteet_mokkulat_matkamokkulat_dna-matkamokkula-4g-wlan-e5377.html.json,344,44.0,39.0,44.0,39.0
www.dna.fi,Finnish,fi,laitteet_mokkulat_matkamokkulat_dna-matkamokkula-4g-wlan-e5377_asetukset.html.json,3348,472.0,389.0,472.0,389.0
www.dna.fi,Finnish,fi,laitteet_mokkulat_matkamokkulat_dna-matkamokkula-4g-wlan-e5377_kayttoonotto.html.json,5434,771.0,636.0,771.0,636.0
www.dna.fi,Finnish,fi,laitteet_mokkulat_matkamokkulat_dna-matkamokkula-4g-wlan-e5377_ominaisuudet.html.json,1411,234.0,194.0,234.0,194.0
www.dna.fi,Finnish,fi,laitteet_mokkulat_matkamokkulat_dna-matkamokkula-4g-wlan-e5377_paivitykset.html.json,1508,198.0,168.0,198.0,168.0
www.dna.fi,Finnish,fi,laitteet_mokkulat_matkamokkulat_dna-matkamokkula-4g-wlan-e5377_vianrajaus.html.json,1903,260.0,219.0,260.0,219.0
www.dna.fi,Finnish,fi,laitteet_mokkulat_matkamokkulat_dna-matkamokkula-4g-wlan-e5577.html.json,344,44.0,39.0,44.0,39.0
www.dna.fi,Finnish,fi,laitteet_mokkulat_matkamokkulat_dna-matkamokkula-4g-wlan-e5577_asetukset.html.json,4149,556.0,474.0,556.0,474.0
www.dna.fi,Finnish,fi,laitteet_mokkulat_matkamokkulat_dna-matkamokkula-4g-wlan-e5577_ominaisuudet.html.json,1173,204.0,163.0,204.0,163.0
www.dna.fi,Finnish,fi,laitteet_mokkulat_matkamokkulat_dna-matkamokkula-4g-wlan-e5577_paivitykset.html.json,467,63.0,54.0,63.0,54.0
www.dna.fi,Finnish,fi,laitteet_mokkulat_matkamokkulat_dna-matkamokkula-4g-wlan-e5577_vianrajaus.html.json,3083,419.0,358.0,419.0,358.0
www.dna.fi,Finnish,fi,laitteet_mokkulat_matkamokkulat_dna-matkamokkula-4g-wlan-e5787s.html.json,369,49.0,42.0,49.0,42.0
www.dna.fi,Finnish,fi,laitteet_mokkulat_matkamokkulat_dna-matkamokkula-4g-wlan-e5787s_kayttoonotto.html.json,5646,812.0,680.0,812.0,680.0
www.dna.fi,Finnish,fi,laitteet_mokkulat_matkamokkulat_dna-matkamokkula-4g-wlan-e5787s_ominaisuudet.html.json,1078,182.0,145.0,182.0,145.0
www.dna.fi,Finnish,fi,laitteet_mokkulat_matkamokkulat_dna-matkamokkula-4g-wlan-e5787s_paivitykset.html.json,711,108.0,85.0,108.0,85.0
www.dna.fi,Finnish,fi,laitteet_mokkulat_matkamokkulat_dna-matkamokkula-4g-wlan-e5787s_vianrajaus.html.json,2228,311.0,270.0,311.0,270.0
www.dna.fi,Finnish,fi,laitteet_mokkulat_matkamokkulat_dna-matkamokkula-4g-wlan-mf910.html.json,346,44.0,39.0,44.0,39.0
www.dna.fi,Finnish,fi,laitteet_mokkulat_matkamokkulat_dna-matkamokkula-4g-wlan-mf910_asetukset.html.json,3524,542.0,452.0,542.0,452.0
www.dna.fi,Finnish,fi,laitteet_mokkulat_matkamokkulat_dna-matkamokkula-4g-wlan-mf910_kayttoonotto.html.json,4903,699.0,582.0,699.0,582.0
www.dna.fi,Finnish,fi,laitteet_mokkulat_matkamokkulat_dna-matkamokkula-4g-wlan-mf910_ominaisuudet.html.json,1167,207.0,162.0,207.0,162.0
www.dna.fi,Finnish,fi,laitteet_mokkulat_matkamokkulat_dna-matkamokkula-4g-wlan-mf910_paivitykset.html.json,470,62.0,54.0,62.0,54.0
www.dna.fi,Finnish,fi,laitteet_mokkulat_matkamokkulat_dna-matkamokkula-4g-wlan-mf910_vianmaaritys.html.json,1906,259.0,219.0,259.0,219.0
www.dna.fi,Finnish,fi,laitteet_mokkulat_matkamokkulat_dna-matkamokkula-5g-wifi-mu5001.html.json,676,91.0,80.0,91.0,80.0
www.dna.fi,Finnish,fi,laitteet_mokkulat_matkamokkulat_dna-matkamokkula-5g-wifi-mu5001_kayttoonotto.html.json,6607,925.0,769.0,925.0,769.0
www.dna.fi,Finnish,fi,laitteet_mokkulat_matkamokkulat_dna-matkamokkula-5g-wifi-mu5001_ominaisuudet.html.json,747,127.0,106.0,127.0,106.0
www.dna.fi,Finnish,fi,laitteet_mokkulat_matkamokkulat_dna-matkamokkula-5g-wifi-mu5001_paivitykset.html.json,591,66.0,60.0,66.0,60.0
www.dna.fi,Finnish,fi,laitteet_mokkulat_matkamokkulat_dna-matkamokkula-5g-wifi-mu5001_vianmaaritys.html.json,1497,203.0,175.0,203.0,175.0
www.dna.fi,Finnish,fi,laitteet_mokkulat_matkamokkulat_dna-mokkula-4g-wlan-e5372.html.json,339,44.0,39.0,44.0,39.0
www.dna.fi,Finnish,fi,laitteet_mokkulat_matkamokkulat_dna-mokkula-4g-wlan-e5372_asetukset.html.json,509,63.0,56.0,63.0,56.0
www.dna.fi,Finnish,fi,laitteet_mokkulat_matkamokkulat_dna-mokkula-4g-wlan-e5372_kayttoonotto.html.json,5451,785.0,646.0,785.0,646.0
www.dna.fi,Finnish,fi,laitteet_mokkulat_matkamokkulat_dna-mokkula-4g-wlan-e5372_ominaisuudet.html.json,1160,203.0,167.0,203.0,167.0
www.dna.fi,Finnish,fi,laitteet_mokkulat_matkamokkulat_dna-mokkula-4g-wlan-e5372_paivitykset.html.json,1509,201.0,168.0,201.0,168.0
www.dna.fi,Finnish,fi,laitteet_mokkulat_matkamokkulat_dna-mokkula-4g-wlan-e5372_vianrajaus.html.json,2416,337.0,286.0,337.0,286.0
www.dna.fi,Finnish,fi,laitteet_mokkulat_matkamokkulat_dna-mokkula-4g-wlan-e5573cs.html.json,341,44.0,39.0,44.0,39.0
www.dna.fi,Finnish,fi,laitteet_mokkulat_matkamokkulat_dna-mokkula-4g-wlan-mf93d.html.json,339,44.0,39.0,44.0,39.0
www.dna.fi,Finnish,fi,laitteet_mokkulat_matkamokkulat_dna-mokkula-4g-wlan-mf93d_asetukset.html.json,741,98.0,82.0,98.0,82.0
www.dna.fi,Finnish,fi,laitteet_mokkulat_matkamokkulat_dna-mokkula-4g-wlan-mf93d_kayttoonotto.html.json,5205,743.0,618.0,743.0,618.0
www.dna.fi,Finnish,fi,laitteet_mokkulat_matkamokkulat_dna-mokkula-4g-wlan-mf93d_ominaisuudet.html.json,1028,192.0,161.0,192.0,161.0
www.dna.fi,Finnish,fi,laitteet_mokkulat_matkamokkulat_dna-mokkula-4g-wlan-mf93d_paivitykset.html.json,281,37.0,33.0,37.0,33.0
www.dna.fi,Finnish,fi,laitteet_mokkulat_matkamokkulat_dna-mokkula-4g-wlan-mf93d_vianrajaus.html.json,2418,337.0,286.0,337.0,286.0
www.dna.fi,Finnish,fi,laitteet_mokkulat_matkamokkulat_dna-mokkula-4g-wlan-s.html.json,384,55.0,46.0,55.0,46.0
www.dna.fi,Finnish,fi,laitteet_mokkulat_matkamokkulat_dna-mokkula-4g-wlan-s_asetukset.html.json,3759,553.0,443.0,553.0,443.0
www.dna.fi,Finnish,fi,laitteet_mokkulat_matkamokkulat_dna-mokkula-4g-wlan-s_kayttoonotto.html.json,6466,957.0,778.0,957.0,778.0
www.dna.fi,Finnish,fi,laitteet_mokkulat_matkamokkulat_dna-mokkula-4g-wlan-s_ominaisuudet.html.json,1094,198.0,168.0,198.0,168.0
www.dna.fi,Finnish,fi,laitteet_mokkulat_matkamokkulat_dna-mokkula-4g-wlan-s_paivitykset.html.json,2079,296.0,248.0,296.0,248.0
www.dna.fi,Finnish,fi,laitteet_mokkulat_matkamokkulat_dna-mokkula-4g-wlan-s_vianrajaus.html.json,2027,280.0,242.0,280.0,242.0
www.dna.fi,Finnish,fi,laitteet_mokkulat_matkamokkulat_dna-prepaid-matkamokkula-4g-wlan-mf90.html.json,354,46.0,41.0,46.0,41.0
www.dna.fi,Finnish,fi,laitteet_mokkulat_matkamokkulat_dna-prepaid-matkamokkula-4g-wlan-mf90_asetukset.html.json,99,13.0,13.0,13.0,13.0
www.dna.fi,Finnish,fi,laitteet_mokkulat_matkamokkulat_dna-prepaid-matkamokkula-4g-wlan-mf90_kayttoonotto.html.json,4627,668.0,547.0,668.0,547.0
www.dna.fi,Finnish,fi,laitteet_mokkulat_matkamokkulat_dna-prepaid-matkamokkula-4g-wlan-mf90_ominaisuudet.html.json,1004,162.0,132.0,162.0,132.0
www.dna.fi,Finnish,fi,laitteet_mokkulat_matkamokkulat_dna-prepaid-matkamokkula-4g-wlan-mf90_paivitykset.html.json,2309,312.0,265.0,312.0,265.0
www.dna.fi,Finnish,fi,laitteet_mokkulat_matkamokkulat_dna-prepaid-matkamokkula-4g-wlan-mf90_vianmaaritys.html.json,99,13.0,13.0,13.0,13.0
www.dna.fi,Finnish,fi,laitteet_mokkulat_mokkulat_dna-mokkula-4g-e3372.html.json,334,43.0,38.0,43.0,38.0
www.dna.fi,Finnish,fi,laitteet_mokkulat_mokkulat_dna-mokkula-4g-e3372_asetukset.html.json,79,10.0,10.0,10.0,10.0
www.dna.fi,Finnish,fi,laitteet_mokkulat_mokkulat_dna-mokkula-4g-e3372_kayttoonotto.html.json,2363,347.0,292.0,347.0,292.0
www.dna.fi,Finnish,fi,laitteet_mokkulat_mokkulat_dna-mokkula-4g-e3372_ominaisuudet.html.json,1099,164.0,137.0,164.0,137.0
www.dna.fi,Finnish,fi,laitteet_mokkulat_mokkulat_dna-mokkula-4g-e3372_paivitykset.html.json,250,32.0,29.0,32.0,29.0
www.dna.fi,Finnish,fi,laitteet_mokkulat_mokkulat_dna-mokkula-4g-e3372h.html.json,324,42.0,37.0,42.0,37.0
www.dna.fi,Finnish,fi,laitteet_mokkulat_mokkulat_dna-mokkula-4g-e3372h_asetukset.html.json,2787,382.0,334.0,382.0,334.0
www.dna.fi,Finnish,fi,laitteet_mokkulat_mokkulat_dna-mokkula-4g-e3372h_kayttoonotto.html.json,742,99.0,87.0,99.0,87.0
www.dna.fi,Finnish,fi,laitteet_mokkulat_mokkulat_dna-mokkula-4g-e3372h_ominaisuudet.html.json,1179,184.0,150.0,184.0,150.0
www.dna.fi,Finnish,fi,laitteet_mokkulat_mokkulat_dna-mokkula-4g-e3372h_paivitykset.html.json,267,35.0,31.0,35.0,31.0
www.dna.fi,Finnish,fi,laitteet_mokkulat_mokkulat_dna-mokkula-4g-mf821d.html.json,335,43.0,38.0,43.0,38.0
www.dna.fi,Finnish,fi,laitteet_mokkulat_mokkulat_dna-mokkula-4g-mf821d_asetukset.html.json,1233,173.0,152.0,173.0,152.0
www.dna.fi,Finnish,fi,laitteet_mokkulat_mokkulat_dna-mokkula-4g-mf821d_kayttoonotto.html.json,1725,243.0,205.0,243.0,205.0
www.dna.fi,Finnish,fi,laitteet_mokkulat_mokkulat_dna-mokkula-4g-mf821d_ominaisuudet.html.json,774,116.0,99.0,116.0,99.0
www.dna.fi,Finnish,fi,laitteet_mokkulat_mokkulat_dna-mokkula-4g-mf821d_paivitykset.html.json,278,36.0,32.0,36.0,32.0
www.dna.fi,Finnish,fi,laitteet_mokkulat_mokkulat_dna-mokkula-4g-mf821d_vianrajaus.html.json,1373,195.0,165.0,195.0,165.0
www.dna.fi,Finnish,fi,laitteet_mokkulat_mokkulat_dna-mokkula-4g-mf823.html.json,334,43.0,38.0,43.0,38.0
www.dna.fi,Finnish,fi,laitteet_mokkulat_mokkulat_dna-mokkula-4g-mf823_asetukset.html.json,424,54.0,48.0,54.0,48.0
www.dna.fi,Finnish,fi,laitteet_mokkulat_mokkulat_dna-mokkula-4g-mf823_kayttoonotto.html.json,1767,247.0,209.0,247.0,209.0
www.dna.fi,Finnish,fi,laitteet_mokkulat_mokkulat_dna-mokkula-4g-mf823_ominaisuudet.html.json,984,159.0,134.0,159.0,134.0
www.dna.fi,Finnish,fi,laitteet_mokkulat_mokkulat_dna-mokkula-4g-mf823_paivitykset.html.json,277,36.0,32.0,36.0,32.0
www.dna.fi,Finnish,fi,laitteet_mokkulat_mokkulat_dna-mokkula-4g-mf823_vianrajaus.html.json,1395,204.0,171.0,204.0,171.0
www.dna.fi,Finnish,fi,laitteet_mokkulat_mokkulat_dna-mokkula-4g-wlan-mf920v.html.json,366,53.0,44.0,53.0,44.0
www.dna.fi,Finnish,fi,laitteet_mokkulat_mokkulat_dna-mokkula-4g-wlan-mf920v_asetukset.html.json,5581,812.0,647.0,812.0,647.0
www.dna.fi,Finnish,fi,laitteet_mokkulat_mokkulat_dna-mokkula-4g-wlan-mf920v_kayttoonotto.html.json,3879,600.0,480.0,600.0,480.0
www.dna.fi,Finnish,fi,laitteet_mokkulat_mokkulat_dna-mokkula-4g-wlan-mf920v_ominaisuudet.html.json,792,152.0,114.0,152.0,114.0
www.dna.fi,Finnish,fi,laitteet_mokkulat_mokkulat_dna-mokkula-4g-wlan-mf920v_paivitykset.html.json,2197,289.0,247.0,289.0,247.0
www.dna.fi,Finnish,fi,laitteet_mokkulat_mokkulat_dna-mokkula-4g-wlan-mf920v_vianrajaus.html.json,1996,283.0,243.0,283.0,243.0
www.dna.fi,Finnish,fi,laitteet_mokkulat_mokkulat_dna-mokkula-e3131.html.json,358,47.0,40.0,47.0,40.0
www.dna.fi,Finnish,fi,laitteet_mokkulat_mokkulat_dna-mokkula-e3131_asetukset.html.json,2461,346.0,291.0,346.0,291.0
www.dna.fi,Finnish,fi,laitteet_mokkulat_mokkulat_dna-mokkula-e3131_kayttoonotto.html.json,2163,321.0,265.0,321.0,265.0
www.dna.fi,Finnish,fi,laitteet_mokkulat_mokkulat_dna-mokkula-e3131_ominaisuudet.html.json,903,138.0,114.0,138.0,114.0
www.dna.fi,Finnish,fi,laitteet_mokkulat_mokkulat_dna-mokkula-e3131_paivitykset.html.json,274,34.0,30.0,34.0,30.0
www.dna.fi,Finnish,fi,laitteet_mokkulat_mokkulat_dna-mokkula-e3131_vianrajaus.html.json,577,73.0,64.0,73.0,64.0
www.dna.fi,Finnish,fi,laitteet_mokkulat_mokkulat_dna-mokkula-e3531.html.json,360,47.0,40.0,47.0,40.0
www.dna.fi,Finnish,fi,laitteet_mokkulat_mokkulat_dna-mokkula-e3531_asetukset.html.json,2445,342.0,287.0,342.0,287.0
www.dna.fi,Finnish,fi,laitteet_mokkulat_mokkulat_dna-mokkula-e3531_kayttoonotto.html.json,2166,321.0,265.0,321.0,265.0
www.dna.fi,Finnish,fi,laitteet_mokkulat_mokkulat_dna-mokkula-e3531_ominaisuudet.html.json,725,106.0,85.0,106.0,85.0
www.dna.fi,Finnish,fi,laitteet_mokkulat_mokkulat_dna-mokkula-e3531_paivitykset.html.json,276,34.0,30.0,34.0,30.0
www.dna.fi,Finnish,fi,laitteet_mokkulat_mokkulat_dna-mokkula-e3531_vianmaaritys.html.json,581,73.0,64.0,73.0,64.0
www.dna.fi,Finnish,fi,laitteet_mokkulat_ulkomokkulat.html.json,484,71.0,64.0,71.0,64.0
www.dna.fi,Finnish,fi,laitteet_mokkulat_ulkomokkulat_dna-ulkomokkula-4g-wlan-b2338-168.html.json,337,43.0,38.0,43.0,38.0
www.dna.fi,Finnish,fi,laitteet_mokkulat_ulkomokkulat_dna-ulkomokkula-4g-wlan-b2338-168_ominaisuudet.html.json,957,157.0,129.0,157.0,129.0
www.dna.fi,Finnish,fi,laitteet_mokkulat_ulkomokkulat_dna-ulkomokkula-4g-wlan-b2338-168_paivitykset.html.json,451,56.0,50.0,56.0,50.0
www.dna.fi,Finnish,fi,laitteet_mokkulat_ulkomokkulat_dna-ulkomokkula-4g-wlan-b2338-168_vianrajaus.html.json,1278,172.0,147.0,172.0,147.0
www.dna.fi,Finnish,fi,laitteet_mokkulat_ulkomokkulat_dna-ulkomokkula-4g-wlan-b2368-66.html.json,336,41.0,37.0,41.0,37.0
www.dna.fi,Finnish,fi,laitteet_mokkulat_ulkomokkulat_dna-ulkomokkula-4g-wlan-b2368-66_ominaisuudet.html.json,1936,286.0,242.0,286.0,242.0
www.dna.fi,Finnish,fi,laitteet_mokkulat_ulkomokkulat_dna-ulkomokkula-4g-wlan-b2368-66_paivitykset.html.json,681,81.0,68.0,81.0,68.0
www.dna.fi,Finnish,fi,laitteet_mokkulat_ulkomokkulat_dna-ulkomokkula-4g-wlan-b2368-66_vianrajaus.html.json,1436,191.0,164.0,191.0,164.0
www.dna.fi,Finnish,fi,laitteet_mokkulat_ulkomokkulat_dna-ulkomokkula-5g-mc7010.html.json,182,22.0,20.0,22.0,20.0
www.dna.fi,Finnish,fi,laitteet_mokkulat_ulkomokkulat_dna-ulkomokkula-5g-mc7010_ominaisuudet.html.json,1974,291.0,243.0,291.0,243.0
www.dna.fi,Finnish,fi,laitteet_mokkulat_ulkomokkulat_dna-ulkomokkula-5g-mc7010_paivitykset.html.json,1274,146.0,128.0,146.0,128.0
www.dna.fi,Finnish,fi,laitteet_mokkulat_ulkomokkulat_dna-ulkomokkula-5g-mc7010_vianmaaritys.html.json,578,73.0,64.0,73.0,64.0
www.dna.fi,Finnish,fi,laitteet_mokkulat_ulkomokkulat_dna-ulkomokkula-5g-mc889a.html.json,754,106.0,91.0,106.0,91.0
www.dna.fi,Finnish,fi,laitteet_mokkulat_ulkomokkulat_dna-ulkomokkula-5g-mc889a_asetukset.html.json,5751,681.0,601.0,681.0,601.0
www.dna.fi,Finnish,fi,laitteet_mokkulat_ulkomokkulat_dna-ulkomokkula-5g-mc889a_ominaisuudet.html.json,2652,407.0,334.0,407.0,334.0
www.dna.fi,Finnish,fi,laitteet_mokkulat_ulkomokkulat_dna-ulkomokkula-5g-mc889a_paivitykset.html.json,907,103.0,94.0,103.0,94.0
www.dna.fi,Finnish,fi,laitteet_mokkulat_ulkomokkulat_dna-ulkomokkula-5g-mc889a_vianmaaritys.html.json,578,73.0,64.0,73.0,64.0
www.dna.fi,Finnish,fi,laitteet_mokkulat_ulkomokkulat_ulkomokkula-5g-h312.html.json,274,37.0,32.0,37.0,32.0
www.dna.fi,Finnish,fi,laitteet_mokkulat_ulkomokkulat_ulkomokkula-5g-h312_kayttoonotto.html.json,4288,548.0,462.0,548.0,462.0
www.dna.fi,Finnish,fi,laitteet_mokkulat_ulkomokkulat_ulkomokkula-5g-h312_ominaisuudet.html.json,1339,181.0,165.0,181.0,165.0
www.dna.fi,Finnish,fi,laitteet_mokkulat_ulkomokkulat_ulkomokkula-5g-h312_vianrajaus.html.json,1499,196.0,172.0,196.0,172.0
www.dna.fi,Finnish,fi,laskutus_laskutulkki.html.json,186,31.0,23.0,31.0,23.0
www.dna.fi,Finnish,fi,liittymat_puk-koodi.html.json,682,86.0,76.0,86.0,76.0
www.dna.fi,Finnish,fi,netti.html.json,296,37.0,32.0,37.0,32.0
www.dna.fi,Finnish,fi,netti_wifi.html.json,4951,706.0,596.0,706.0,596.0
www.dna.fi,Finnish,fi,palvelut_deezer.html.json,2660,389.0,319.0,389.0,319.0
www.dna.fi,Finnish,fi,palvelut_laiteturva.html.json,4259,559.0,489.0,559.0,489.0
www.dna.fi,Finnish,fi,puhelinliittymat.html.json,883,104.0,94.0,104.0,94.0
www.dna.fi,Finnish,fi,puhelinliittymat_aktivointi.html.json,3106,384.0,334.0,384.0,334.0
www.dna.fi,Finnish,fi,puhelinliittymat_esim.html.json,2837,411.0,343.0,411.0,343.0
www.dna.fi,Finnish,fi,puhelinliittymat_numeronsiirto.html.json,2551,326.0,288.0,326.0,288.0
www.dna.fi,Finnish,fi,puhelinliittymat_puhelinlaskulla-maksaminen.html.json,250,32.0,29.0,32.0,29.0
www.dna.fi,Finnish,fi,puhelinliittymat_puhelinlaskulla-maksaminen_app-store.html.json,2005,279.0,228.0,279.0,228.0
www.dna.fi,Finnish,fi,puhelinliittymat_puhelinlaskulla-maksaminen_google-play.html.json,6129,859.0,707.0,859.0,707.0
www.dna.fi,Finnish,fi,puhelinliittymat_puhelinlaskulla-maksaminen_microsoft-store.html.json,4124,531.0,439.0,531.0,439.0
www.dna.fi,Finnish,fi,puhelinliittymat_puk-koodi.html.json,682,86.0,76.0,86.0,76.0
www.dna.fi,Finnish,fi,puhelinliittymat_wifi-puhelut.html.json,7280,960.0,828.0,960.0,828.0
www.dna.fi,Finnish,fi,tietoturva.html.json,909,107.0,101.0,107.0,101.0
www.dna.fi,Finnish,fi,tietoturva_digiturva.html.json,609,67.0,64.0,67.0,64.0
www.dna.fi,Finnish,fi,tietoturva_digiturva_nettipetosvakuutus.html.json,4943,677.0,577.0,677.0,577.0
www.dna.fi,Finnish,fi,tietoturva_digiturva_paivitykset.html.json,1089,119.0,110.0,119.0,110.0
www.dna.fi,Finnish,fi,verkot-ja-hairiotilanteet.html.json,436,48.0,46.0,48.0,46.0
www.dna.fi,Finnish,fi,verkot-ja-hairiotilanteet_hairiotilanteet_vinkit.html.json,4119,496.0,428.0,496.0,428.0
www.dna.fi,Finnish,fi,verkot-ja-hairiotilanteet_viat-ja-hairiot.html.json,1019,124.0,111.0,124.0,111.0
www.dna.fi,Finnish,fi,viihde_dnahubi_1-sukupolvi_kayttoonotto.html.json,6599,857.0,740.0,857.0,740.0
www.dna.fi,Finnish,fi,viihde_dnahubi_1-sukupolvi_paivitykset.html.json,5349,715.0,611.0,715.0,611.0
www.dna.fi,Finnish,fi,viihde_dnahubi_2-sukupolvi_kaukosaadin.html.json,3999,554.0,470.0,554.0,470.0
www.dna.fi,Finnish,fi,viihde_dnahubi_2-sukupolvi_tekniset-tiedot.html.json,1482,239.0,186.0,239.0,186.0
www.dna.fi,Finnish,fi,viihde_dnahubi_maksullisten-kanavien-muutos.html.json,1002,133.0,111.0,133.0,111.0
www.dna.fi,Finnish,fi,viihde_dnahubi_viihdeboksikaiuttimilla_tekniset-tiedot.html.json,1604,263.0,204.0,263.0,204.0
www.dna.fi,Finnish,fi,viihde_dnatv-androidtv.html.json,2966,434.0,372.0,434.0,372.0
www.dna.fi,Finnish,fi,viihde_dnatv-appletv.html.json,6130,854.0,731.0,854.0,731.0
www.dna.fi,Finnish,fi,viihde_dnatv-selaimessa.html.json,5825,765.0,656.0,765.0,656.0
www.dna.fi,Finnish,fi,viihde_suoratoistopalvelut.html.json,1571,208.0,179.0,208.0,179.0
www.dna.fi,Finnish,fi,viihde_suoratoistopalvelut_mtvkatsomo.html.json,4520,578.0,515.0,578.0,515.0
www.dna.fi,Finnish,fi,viihde_suoratoistopalvelut_viihdekirjasto.html.json,614,86.0,73.0,86.0,73.0
www.dna.fi,Finnish,fi,viihde_tuki-dna-tv-palvelulle-hubi-1-laitteella-paattyy.html.json,2432,374.0,304.0,374.0,304.0
www.dna.fi,Finnish,fi,viihde_vuokraamo.html.json,4822,613.0,533.0,613.0,533.0
www.dna.fi,Finnish,fi,yhteystiedot_asiakaspalvelu.html.json,1231,169.0,145.0,169.0,145.0
www.dna.fi,Finnish,fi,yhteystiedot_kayttoonottopalvelu.html.json,3967,572.0,501.0,572.0,501.0
www.dna.fi,Finnish,fi,yhteystiedot_myyntipalvelu.html.json,968,137.0,120.0,137.0,120.0
www.telenor.dk,Danish,da,Mobilabonnementer-og-services_andre-services.html.json,3753,635.0,566.0,635.0,566.0
www.telenor.dk,Danish,da,Mobilabonnementer-og-services_andre-services_ekstra-data.html.json,1667,345.0,310.0,345.0,310.0
www.telenor.dk,Danish,da,Mobilabonnementer-og-services_andre-services_forbrugsmax.html.json,1030,187.0,162.0,187.0,162.0
www.telenor.dk,Danish,da,Mobilabonnementer-og-services_andre-services_skaermforsikring.html.json,5827,1119.0,966.0,1119.0,966.0
www.telenor.dk,Danish,da,Mobilabonnementer-og-services_andre-services_viderestilling.html.json,361,59.0,51.0,59.0,51.0
www.telenor.dk,Danish,da,Mobilabonnementer-og-services_fejlsogning.html.json,2287,450.0,413.0,450.0,413.0
www.telenor.dk,Danish,da,Mobilabonnementer-og-services_fejlsogning_lav-hastighed-eller-intet-netvark.html.json,1576,311.0,276.0,311.0,276.0
www.telenor.dk,Danish,da,Mobilabonnementer-og-services_mit-abonnement.html.json,812,165.0,147.0,165.0,147.0
www.telenor.dk,Danish,da,Mobilabonnementer-og-services_mit-abonnement_flyt-nummer-til-telenor.html.json,1910,370.0,320.0,370.0,320.0
www.telenor.dk,Danish,da,Mobilabonnementer-og-services_mit-abonnement_opsig-dit-abonnement.html.json,2400,448.0,391.0,448.0,391.0
www.telenor.dk,Danish,da,Mobilabonnementer-og-services_mit-abonnement_opsig-mobilforsikring.html.json,301,57.0,52.0,57.0,52.0
www.telenor.dk,Danish,da,Mobilabonnementer-og-services_mit-abonnement_overdrag-telefonnummer.html.json,468,88.0,76.0,88.0,76.0
www.telenor.dk,Danish,da,Mobilabonnementer-og-services_mit-abonnement_samlerabat.html.json,1984,370.0,321.0,370.0,321.0
www.telenor.dk,Danish,da,Mobilabonnementer-og-services_mit-abonnement_skift-abonnement-og-mobil.html.json,644,131.0,115.0,131.0,115.0
www.telenor.dk,Danish,da,Mobilabonnementer-og-services_mit-abonnement_skift-abonnement.html.json,812,165.0,147.0,165.0,147.0
www.telenor.dk,Danish,da,Mobilabonnementer-og-services_opsatning.html.json,723,141.0,125.0,141.0,125.0
www.telenor.dk,Danish,da,Mobilabonnementer-og-services_opsatning_esim.html.json,1823,375.0,327.0,375.0,327.0
www.telenor.dk,Danish,da,Mobilabonnementer-og-services_opsatning_find-simkort-nummer.html.json,467,93.0,82.0,93.0,82.0
www.telenor.dk,Danish,da,Mobilabonnementer-og-services_opsatning_forbrugskontrol.html.json,1445,279.0,247.0,279.0,247.0
www.telenor.dk,Danish,da,Mobilabonnementer-og-services_opsatning_hvordan-aktiverer-jeg-et-nyt-simkort.html.json,1399,282.0,245.0,282.0,245.0
www.telenor.dk,Danish,da,Mobilabonnementer-og-services_opsatning_hvordan-far-jeg-hemmeligt-nummer.html.json,1239,227.0,198.0,227.0,198.0
www.telenor.dk,Danish,da,Mobilabonnementer-og-services_opsatning_opsatning-af-din-telefonsvarer.html.json,1204,247.0,204.0,247.0,204.0
www.telenor.dk,Danish,da,Mobilabonnementer-og-services_opsatning_smartnummer.html.json,1817,344.0,299.0,344.0,299.0
www.telenor.dk,Danish,da,Mobilabonnementer-og-services_tryghed.html.json,2243,397.0,341.0,397.0,341.0
www.telenor.dk,Danish,da,Mobilabonnementer-og-services_tryghed_chikaneopkald.html.json,788,144.0,129.0,144.0,129.0
www.telenor.dk,Danish,da,Mobilabonnementer-og-services_tryghed_fupopkald.html.json,2718,547.0,476.0,547.0,476.0
www.telenor.dk,Danish,da,Mobilabonnementer-og-services_tryghed_phishing.html.json,2597,489.0,431.0,489.0,431.0
www.telenor.dk,Danish,da,Mobilabonnementer-og-services_tryghed_sparring-og-bornesikring.html.json,2020,342.0,262.0,342.0,262.0
www.telenor.dk,Danish,da,Mobilabonnementer-og-services_tryghed_webshop-svindel.html.json,2039,405.0,350.0,405.0,350.0
www.telenor.dk,Danish,da,Mobilabonnementer-og-services_udland_ferietips2.html.json,2950,569.0,519.0,569.0,519.0
www.telenor.dk,Danish,da,Mobilabonnementer-og-services_udland_surfkontrol-udland.html.json,1689,338.0,297.0,338.0,297.0
www.telenor.dk,Danish,da,Mobilabonnementer-og-services_udland_udlandspriser-i-udlandet.html.json,794,161.0,141.0,161.0,141.0
www.telenor.dk,Danish,da,derfor-ringer-vi.html.json,1547,272.0,239.0,272.0,239.0
www.telenor.dk,Danish,da,drift-og-dakning_dakning.html.json,3005,591.0,513.0,591.0,513.0
www.telenor.dk,Danish,da,drift-og-dakning_fejlmelding.html.json,721,130.0,117.0,130.0,117.0
www.telenor.dk,Danish,da,drift-og-dakning_fejlmelding_anmeld-fupopkald.html.json,1411,280.0,245.0,280.0,245.0
www.telenor.dk,Danish,da,drift-og-dakning_gode-rad-til-bedre-dakning.html.json,324,57.0,56.0,57.0,56.0
www.telenor.dk,Danish,da,drift-og-dakning_gode-rad-til-bedre-dakning_dakning-i-udlandet.html.json,757,139.0,123.0,139.0,123.0
www.telenor.dk,Danish,da,drift-og-dakning_gode-rad-til-bedre-dakning_guide-saadan-far-du-bedre-mobildaekning.html.json,324,57.0,56.0,57.0,56.0
www.telenor.dk,Danish,da,drift-og-dakning_gode-rad-til-bedre-dakning_manglende-5g-dakning.html.json,677,146.0,133.0,146.0,133.0
www.telenor.dk,Danish,da,drift-og-dakning_gode-rad-til-bedre-dakning_problemer-med-at-modtage-eller-sende-mms.html.json,2885,580.0,497.0,580.0,497.0
www.telenor.dk,Danish,da,drift-og-dakning_gode-rad-til-bedre-dakning_problemer-med-at-sende-og-modtage-sms.html.json,967,202.0,179.0,202.0,179.0
www.telenor.dk,Danish,da,drift-og-dakning_gode-rad-til-bedre-dakning_sadan-far-du-bedre-indendorsdakning.html.json,1925,365.0,315.0,365.0,315.0
www.telenor.dk,Danish,da,drift-og-dakning_hastighed.html.json,2836,531.0,464.0,531.0,464.0
www.telenor.dk,Danish,da,internet.html.json,858,140.0,108.0,140.0,108.0
www.telenor.dk,Danish,da,internet_hjaelp-til-dit-internet.html.json,4399,837.0,730.0,837.0,730.0
www.telenor.dk,Danish,da,internet_hjaelp-til-dit-internet_aktiverering-af-internet-coax_laes-mere-her.html.json,457,82.0,71.0,82.0,71.0
www.telenor.dk,Danish,da,internet_hjaelp-til-dit-internet_jeg-har-problemer-med-mit-wifiinternet_mit-internet-er-langsomt.html.json,3760,699.0,620.0,699.0,620.0
www.telenor.dk,Danish,da,internet_hjaelp-til-dit-internet_jeg-har-problemer-med-mit-wifiinternet_mit-internet-er-ustabilt.html.json,3169,598.0,528.0,598.0,528.0
www.telenor.dk,Danish,da,internet_hjaelp-til-dit-internet_jeg-har-problemer-med-mit-wifiinternet_mit-internet-virker-ikke.html.json,2919,575.0,505.0,575.0,505.0
www.telenor.dk,Danish,da,internet_hjaelp-til-dit-internet_sporgsmal-til-min-teknikertid_laes-mere-her.html.json,1800,354.0,305.0,354.0,305.0
www.telenor.dk,Danish,da,internet_hjalp-til-dit-internetabonnement.html.json,876,167.0,151.0,167.0,151.0
www.telenor.dk,Danish,da,internet_hjalp-til-dit-internetabonnement_flytning-af-internet_faa-hjaelp-her.html.json,1137,236.0,213.0,236.0,213.0
www.telenor.dk,Danish,da,internet_hjalp-til-dit-internetabonnement_opsigelse-af-internetabonnement_faa-hjaelp-her.html.json,819,152.0,132.0,152.0,132.0
www.telenor.dk,Danish,da,internet_hjalp-til-dit-internetabonnement_skift-internetudbyder-til-telenor_faa-hjaelp-her.html.json,2975,554.0,491.0,554.0,491.0
www.telenor.dk,Danish,da,internet_kom_godt_i_gang_5gkaon-fa7150_opsaetning_og_hjaelp.html.json,4118,779.0,673.0,779.0,673.0
www.telenor.dk,Danish,da,internet_kom_godt_i_gang_5gkaon-fa75502_opsaetning_og_hjaelp.html.json,4500,828.0,730.0,828.0,730.0
www.telenor.dk,Danish,da,internet_kom_godt_i_gang_Sagemcom.html.json,5266,968.0,844.0,968.0,844.0
www.telenor.dk,Danish,da,internet_kom_godt_i_gang_huawei-b311-4g_opsaetning_og_hjaelp.html.json,2374,412.0,356.0,412.0,356.0
www.telenor.dk,Danish,da,internet_kom_godt_i_gang_icotera-router.html.json,4966,970.0,847.0,970.0,847.0
www.telenor.dk,Danish,da,internet_kom_godt_i_gang_kaon-ap2400_opsaetning_og_hjaelp.html.json,5008,981.0,854.0,981.0,854.0
www.telenor.dk,Danish,da,internet_kom_godt_i_gang_kaon.html.json,7284,1424.0,1233.0,1424.0,1233.0
www.telenor.dk,Danish,da,internet_kom_godt_i_gang_technicolor.html.json,7942,1510.0,1325.0,1510.0,1325.0
www.telenor.dk,Danish,da,internet_kom_godt_i_gang_wifi-6-extender_opsaetning_og_hjaelp.html.json,2561,483.0,423.0,483.0,423.0
www.telenor.dk,Danish,da,klager-og-forbedringer.html.json,2587,447.0,394.0,447.0,394.0
www.telenor.dk,Danish,da,kob-og-regning_betaling.html.json,2250,420.0,368.0,420.0,368.0
www.telenor.dk,Danish,da,kob-og-regning_betaling_finansiering-med-payex.html.json,3220,639.0,564.0,639.0,564.0
www.telenor.dk,Danish,da,kob-og-regning_betaling_koeb-paa-afbetaling.html.json,267,54.0,48.0,54.0,48.0
www.telenor.dk,Danish,da,kob-og-regning_betaling_kreditnota.html.json,789,153.0,133.0,153.0,133.0
www.telenor.dk,Danish,da,kob-og-regning_betaling_skift-til-automatisk-kortbetaling.html.json,1456,264.0,212.0,264.0,212.0
www.telenor.dk,Danish,da,kob-og-regning_betaling_skift-til-mobilepay.html.json,1207,233.0,202.0,233.0,202.0
www.telenor.dk,Danish,da,kob-og-regning_betaling_sporgsmal-og-svar-om-betalingsservice.html.json,9354,1734.0,1540.0,1734.0,1540.0
www.telenor.dk,Danish,da,kob-og-regning_betaling_telenor-afbetaling.html.json,1417,255.0,221.0,255.0,221.0
www.telenor.dk,Danish,da,kob-og-regning_dit-kob-hos-telenor.html.json,2685,524.0,462.0,524.0,462.0
www.telenor.dk,Danish,da,kob-og-regning_dit-kob-hos-telenor_levering-af-bredband.html.json,839,149.0,135.0,149.0,135.0
www.telenor.dk,Danish,da,kob-og-regning_dit-kob-hos-telenor_levering-af-mobilmobilt-bredband.html.json,731,133.0,120.0,133.0,120.0
www.telenor.dk,Danish,da,kob-og-regning_dit-kob-hos-telenor_priser-og-vilkar.html.json,300,56.0,49.0,56.0,49.0
www.telenor.dk,Danish,da,kob-og-regning_dit-kob-hos-telenor_reklamation.html.json,1034,184.0,161.0,184.0,161.0
www.telenor.dk,Danish,da,kob-og-regning_dit-kob-hos-telenor_telefoni-via-bredband-voip.html.json,1158,249.0,227.0,249.0,227.0
www.telenor.dk,Danish,da,kob-og-regning_opret-retur.html.json,937,183.0,169.0,183.0,169.0
www.telenor.dk,Danish,da,kob-og-regning_opret-retur_ReturnHardware.html.json,937,183.0,169.0,183.0,169.0
www.telenor.dk,Danish,da,kob-og-regning_regning.html.json,1924,375.0,336.0,375.0,336.0
www.telenor.dk,Danish,da,kob-og-regning_regning_dine-sidste-regninger.html.json,1705,331.0,298.0,331.0,298.0
www.telenor.dk,Danish,da,kob-og-regning_regning_du-har-betalt-med-mobilen.html.json,1388,259.0,224.0,259.0,224.0
www.telenor.dk,Danish,da,kob-og-regning_regning_du-har-ringet-til-udlandet.html.json,679,139.0,122.0,139.0,122.0
www.telenor.dk,Danish,da,kob-og-regning_regning_du-har-varet-i-udlandet.html.json,1836,368.0,333.0,368.0,333.0
www.telenor.dk,Danish,da,kob-og-regning_regning_for-sen-betaling.html.json,1255,225.0,196.0,225.0,196.0
www.telenor.dk,Danish,da,kob-og-regning_regning_info-om-service--og-90-numre.html.json,1991,330.0,318.0,330.0,318.0
www.telenor.dk,Danish,da,kontakt.html.json,1403,285.0,242.0,285.0,242.0
www.telenor.dk,Danish,da,kontakt_ring-til-os.html.json,570,106.0,95.0,106.0,95.0
www.telenor.dk,Danish,da,mit-telenor_funktioner-i-mit-telenor.html.json,527,98.0,84.0,98.0,84.0
www.telenor.dk,Danish,da,mit-telenor_funktioner-i-mit-telenor_ekstra-data.html.json,437,95.0,79.0,95.0,79.0
www.telenor.dk,Danish,da,mit-telenor_funktioner-i-mit-telenor_forbrug.html.json,619,130.0,109.0,130.0,109.0
www.telenor.dk,Danish,da,mit-telenor_funktioner-i-mit-telenor_historik.html.json,471,91.0,81.0,91.0,81.0
www.telenor.dk,Danish,da,mit-telenor_funktioner-i-mit-telenor_indstillinger.html.json,401,76.0,65.0,76.0,65.0
www.telenor.dk,Danish,da,mit-telenor_funktioner-i-mit-telenor_nye-ordrer.html.json,329,65.0,55.0,65.0,55.0
www.telenor.dk,Danish,da,mit-telenor_funktioner-i-mit-telenor_overblik-abonnement-indstillinger.html.json,527,98.0,84.0,98.0,84.0
www.telenor.dk,Danish,da,mit-telenor_funktioner-i-mit-telenor_sadan-logge-du-ind.html.json,196,38.0,33.0,38.0,33.0
www.telenor.dk,Danish,da,mit-telenor_funktioner-i-mit-telenor_se-og-betal-regninger.html.json,647,127.0,112.0,127.0,112.0
www.telenor.dk,Danish,da,mit-telenor_mit-telenor-i-appen.html.json,230,40.0,37.0,40.0,37.0
www.telenor.dk,Danish,da,mit-telenor_mit-telenor-i-appen_abonnementer.html.json,1169,233.0,203.0,233.0,203.0
www.telenor.dk,Danish,da,mit-telenor_mit-telenor-i-appen_kom-godt-igang-med-appen.html.json,2212,475.0,403.0,475.0,403.0
www.telenor.dk,Danish,da,mit-telenor_mit-telenor-i-appen_mere.html.json,664,120.0,107.0,120.0,107.0
www.telenor.dk,Danish,da,mit-telenor_mit-telenor-i-appen_regninger.html.json,310,60.0,53.0,60.0,53.0
www.telenor.dk,Danish,da,mit-telenor_mit-telenor-i-appen_shop.html.json,144,25.0,22.0,25.0,22.0
www.telenor.dk,Danish,da,mit-telenor_saadan-logger-du-ind.html.json,2148,460.0,390.0,460.0,390.0
www.telenor.dk,Danish,da,mobil_andre-mobiler.html.json,1547,292.0,265.0,292.0,265.0
www.telenor.dk,Danish,da,mobil_iphone_brug-ogsaa-mobilen-til.html.json,550,111.0,95.0,111.0,95.0
www.telenor.dk,Danish,da,mobil_iphone_kom-godt-i-gang.html.json,726,131.0,116.0,131.0,116.0
www.telenor.dk,Danish,da,mobil_iphone_kom-godt-i-gang_gmail.html.json,297,69.0,51.0,69.0,51.0
www.telenor.dk,Danish,da,mobil_iphone_kom-godt-i-gang_outlook.html.json,299,65.0,49.0,65.0,49.0
www.telenor.dk,Danish,da,mobil_iphone_kom-godt-i-gang_overfor-kontakter.html.json,929,181.0,154.0,181.0,154.0
www.telenor.dk,Danish,da,mobil_iphone_los-dit-problem.html.json,1267,240.0,216.0,240.0,216.0
www.telenor.dk,Danish,da,mobil_iphone_los-dit-problem_inaktivt-SIM.html.json,1164,233.0,210.0,233.0,210.0
www.telenor.dk,Danish,da,mobil_iphone_los-dit-problem_lav-hastighed-eller-intet-netvark.html.json,1435,276.0,243.0,276.0,243.0
www.telenor.dk,Danish,da,mobil_iphone_los-dit-problem_problemer-med-mms.html.json,1590,313.0,264.0,313.0,264.0
www.telenor.dk,Danish,da,mobil_iphone_los-dit-problem_problemer-med-sms.html.json,1349,282.0,245.0,282.0,245.0
www.telenor.dk,Danish,da,mobil_iphone_los-dit-problem_reparation-af-din-mobil.html.json,1763,335.0,297.0,335.0,297.0
www.telenor.dk,Danish,da,mobil_iphone_sikkerhed-og-backup.html.json,1171,217.0,190.0,217.0,190.0
www.telenor.dk,Danish,da,mobil_samsung-galaxy_brug-ogsaa-mobilen-til.html.json,618,129.0,109.0,129.0,109.0
www.telenor.dk,Danish,da,mobil_samsung-galaxy_brug-ogsaa-mobilen-til_navigation.html.json,1030,205.0,172.0,205.0,172.0
www.telenor.dk,Danish,da,mobil_samsung-galaxy_brug-ogsaa-mobilen-til_opret-et-hotspot.html.json,618,129.0,109.0,129.0,109.0
www.telenor.dk,Danish,da,mobil_samsung-galaxy_kom-godt-i-gang.html.json,558,101.0,89.0,101.0,89.0
www.telenor.dk,Danish,da,mobil_samsung-galaxy_kom-godt-i-gang_opsat-gmail.html.json,690,141.0,113.0,141.0,113.0
www.telenor.dk,Danish,da,mobil_samsung-galaxy_kom-godt-i-gang_opsat-outlook.html.json,748,141.0,114.0,141.0,114.0
www.telenor.dk,Danish,da,mobil_samsung-galaxy_kom-godt-i-gang_overfor-kontakter.html.json,742,142.0,119.0,142.0,119.0
www.telenor.dk,Danish,da,mobil_samsung-galaxy_los-dit-problem.html.json,1280,245.0,221.0,245.0,221.0
www.telenor.dk,Danish,da,mobil_samsung-galaxy_los-dit-problem_inaktivt-SIM.html.json,1139,230.0,207.0,230.0,207.0
www.telenor.dk,Danish,da,mobil_samsung-galaxy_los-dit-problem_lav-hastighed-eller-intet-netvark.html.json,1435,276.0,243.0,276.0,243.0
www.telenor.dk,Danish,da,mobil_samsung-galaxy_los-dit-problem_mistet-eller-stjalet-mobil.html.json,1280,245.0,221.0,245.0,221.0
www.telenor.dk,Danish,da,mobil_samsung-galaxy_los-dit-problem_problemer-med-at-modtage-mmser.html.json,1276,248.0,218.0,248.0,218.0
www.telenor.dk,Danish,da,mobil_samsung-galaxy_los-dit-problem_reparation-af-din-mobil.html.json,1762,335.0,297.0,335.0,297.0
www.telenor.dk,Danish,da,mobil_samsung-galaxy_sikkerhed-og-backup.html.json,1171,217.0,190.0,217.0,190.0
www.telenor.dk,Danish,da,mobil_samsung-galaxy_sikkerhed-og-backup_backup-og-synkronisering1.html.json,1295,246.0,212.0,246.0,212.0
www.telenor.dk,Danish,da,mobil_samsung-galaxy_sikkerhed-og-backup_gendan-mobil.html.json,746,155.0,130.0,155.0,130.0
www.telenor.dk,Danish,da,mobil_sony-xperia_kom-godt-i-gang.html.json,528,94.0,86.0,94.0,86.0
www.telenor.dk,Danish,da,mobil_sony-xperia_kom-godt-i-gang_overfor-kontakter.html.json,593,120.0,96.0,120.0,96.0
www.telenor.dk,Danish,da,mobil_sony-xperia_los-dit-problem.html.json,1277,246.0,222.0,246.0,222.0
www.telenor.dk,Danish,da,mobil_sony-xperia_los-dit-problem_inaktivt-SIM.html.json,1134,228.0,206.0,228.0,206.0
www.telenor.dk,Danish,da,mobil_sony-xperia_los-dit-problem_lav-hastighed-eller-intet-netvark.html.json,1435,276.0,243.0,276.0,243.0
www.telenor.dk,Danish,da,mobil_sony-xperia_los-dit-problem_mistet-eller-stjalet-mobil.html.json,1277,246.0,222.0,246.0,222.0
www.telenor.dk,Danish,da,mobil_sony-xperia_los-dit-problem_reparation-af-din-mobil.html.json,640,110.0,96.0,110.0,96.0
www.telenor.dk,Danish,da,mobil_sony-xperia_sikkerhed-og-backup.html.json,1171,217.0,190.0,217.0,190.0
www.telenor.dk,Danish,da,mobil_sony-xperia_sikkerhed-og-backup_backup-og-synkronisering.html.json,963,177.0,157.0,177.0,157.0
www.telenor.dk,Danish,da,mobil_sony-xperia_sikkerhed-og-backup_din-mobilsikkerhed.html.json,1171,217.0,190.0,217.0,190.0
www.telenor.dk,Danish,da,mobil_sony-xperia_sikkerhed-og-backup_gendan-mobil.html.json,723,121.0,103.0,121.0,103.0
www.telenor.dk,Danish,da,mobilt-internet_Mobilt-internetabonnement.html.json,655,137.0,120.0,137.0,120.0
www.telenor.dk,Danish,da,mobilt-internet_Mobilt-internetabonnement_flyt-mobilt-bredband.html.json,376,68.0,60.0,68.0,60.0
www.telenor.dk,Danish,da,mobilt-internet_Mobilt-internetabonnement_opsig-abonnement.html.json,887,159.0,143.0,159.0,143.0
www.telenor.dk,Danish,da,mobilt-internet_Mobilt-internetabonnement_overdrag-dit-mobile-internet.html.json,427,77.0,66.0,77.0,66.0
www.telenor.dk,Danish,da,mobilt-internet_Mobilt-internetabonnement_skift-abonnement.html.json,627,130.0,114.0,130.0,114.0
www.telenor.dk,Danish,da,mobilt-internet_huawei-e3276.html.json,1381,263.0,230.0,263.0,230.0
www.telenor.dk,Danish,da,mobilt-internet_huawei-e3276_ingen-netforbindelse-pa-mobilt-bredband.html.json,1317,252.0,222.0,252.0,222.0
www.telenor.dk,Danish,da,mobilt-internet_huawei-e3276_mobilt-bredband-med-4g.html.json,826,169.0,153.0,169.0,153.0
www.telenor.dk,Danish,da,mobilt-internet_huawei-e3276_opsatning-af-dit-mobile-bredband.html.json,866,164.0,141.0,164.0,141.0
www.telenor.dk,Danish,da,mobilt-internet_huawei-e5180.html.json,1216,227.0,200.0,227.0,200.0
www.telenor.dk,Danish,da,mobilt-internet_huawei-e5180_ingen-netforbindelse.html.json,1151,219.0,194.0,219.0,194.0
www.telenor.dk,Danish,da,mobilt-internet_huawei-e5180_lav-hastighed-pa-mobilt-bredband.html.json,1216,227.0,200.0,227.0,200.0
www.telenor.dk,Danish,da,mobilt-internet_huawei-e5180_sadan-satter-du-dit-modem-op.html.json,546,99.0,87.0,99.0,87.0
www.telenor.dk,Danish,da,mobilt-internet_huawei-e5180_skift-adgangskode.html.json,476,84.0,69.0,84.0,69.0
www.telenor.dk,Danish,da,mobilt-internet_huawei-e5180_skift-netvarksnavn.html.json,476,83.0,69.0,83.0,69.0
www.telenor.dk,Danish,da,mobilt-internet_huawei-e5377.html.json,590,101.0,92.0,101.0,92.0
www.telenor.dk,Danish,da,mobilt-internet_huawei-e5377_kom-godt-i-gang_skift-adgangskode.html.json,473,85.0,71.0,85.0,71.0
www.telenor.dk,Danish,da,mobilt-internet_huawei-e5377_kom-godt-i-gang_skift-netvarksnavn.html.json,476,84.0,70.0,84.0,70.0
www.telenor.dk,Danish,da,mobilt-internet_ipad.html.json,1005,180.0,164.0,180.0,164.0
www.telenor.dk,Danish,da,mobilt-internet_ipad_backup-og-synkronisering.html.json,1197,225.0,195.0,225.0,195.0
www.telenor.dk,Danish,da,mobilt-internet_ipad_find-din-pukkode.html.json,651,136.0,120.0,136.0,120.0
www.telenor.dk,Danish,da,mobilt-internet_ipad_gendan-din-ipad.html.json,713,148.0,127.0,148.0,127.0
www.telenor.dk,Danish,da,mobilt-internet_ipad_indsat-simkort.html.json,803,147.0,130.0,147.0,130.0
www.telenor.dk,Danish,da,mobilt-internet_ipad_kan-du-ikke-komme-pa-nettet.html.json,1381,266.0,230.0,266.0,230.0
www.telenor.dk,Danish,da,mobilt-internet_ipad_lav-hastighed.html.json,1494,279.0,245.0,279.0,245.0
www.telenor.dk,Danish,da,mobilt-internet_ipad_nar-du-har-mistet-din-tablet.html.json,894,166.0,150.0,166.0,150.0
www.telenor.dk,Danish,da,mobilt-internet_ipad_opgrader-software.html.json,1784,387.0,296.0,387.0,296.0
www.telenor.dk,Danish,da,mobilt-internet_ipad_reparation-af-din-ipad.html.json,1035,198.0,175.0,198.0,175.0
www.telenor.dk,Danish,da,mobilt-internet_ipad_skift-password.html.json,519,100.0,87.0,100.0,87.0
www.telenor.dk,Danish,da,mobilt-internet_ipad_tilslut-tradlost-netvark.html.json,298,61.0,49.0,61.0,49.0
www.telenor.dk,Danish,da,saadan-aktiverer-du-advarsler-ved-datalaek.html.json,2498,530.0,437.0,530.0,437.0
www.telenor.dk,Danish,da,saadan-faar-du-besked-om-et-sikkerhedsbrud.html.json,2206,461.0,391.0,461.0,391.0
www.telenor.dk,Danish,da,sadan-bruger-du-telenor-tryghedspakke.html.json,2881,445.0,360.0,445.0,360.0
www.telenor.no,Norwegian,nb,apper.html.json,521,108.0,98.0,108.0,98.0
www.telenor.no,Norwegian,nb,dab-radio.html.json,736,135.0,121.0,135.0,121.0
www.telenor.no,Norwegian,nb,delt.html.json,335,61.0,56.0,61.0,56.0
www.telenor.no,Norwegian,nb,delt_nullstill-dekoder.html.json,956,171.0,156.0,171.0,156.0
www.telenor.no,Norwegian,nb,e-post.html.json,480,93.0,87.0,93.0,87.0
www.telenor.no,Norwegian,nb,e-post_glemt-passord.html.json,1494,310.0,271.0,310.0,271.0
www.telenor.no,Norwegian,nb,e-post_oppsett.html.json,3241,589.0,493.0,589.0,493.0
www.telenor.no,Norwegian,nb,e-post_oppsett_huawei.html.json,1166,208.0,176.0,208.0,176.0
www.telenor.no,Norwegian,nb,e-post_oppsett_iphone.html.json,1366,246.0,212.0,246.0,212.0
www.telenor.no,Norwegian,nb,e-post_oppsett_mac.html.json,1173,215.0,183.0,215.0,183.0
www.telenor.no,Norwegian,nb,e-post_oppsett_outlook.html.json,1197,215.0,182.0,215.0,182.0
www.telenor.no,Norwegian,nb,e-post_oppsett_samsung.html.json,1215,217.0,181.0,217.0,181.0
www.telenor.no,Norwegian,nb,e-post_oppsett_windows-mail.html.json,1212,218.0,184.0,218.0,184.0
www.telenor.no,Norwegian,nb,e-post_oppsigelse-online-epostkonto.html.json,986,179.0,168.0,179.0,168.0
www.telenor.no,Norwegian,nb,e-post_problemer.html.json,6599,1218.0,1059.0,1218.0,1059.0
www.telenor.no,Norwegian,nb,e-post_problemer_spam.html.json,5411,1007.0,807.0,1007.0,807.0
www.telenor.no,Norwegian,nb,e-post_vi-lanserer-en-forbedret-eposttjeneste.html.json,1299,235.0,222.0,235.0,222.0
www.telenor.no,Norwegian,nb,faktura.html.json,6090,1111.0,972.0,1111.0,972.0
www.telenor.no,Norwegian,nb,faktura_avtalegiro-og-efaktura.html.json,4557,850.0,744.0,850.0,744.0
www.telenor.no,Norwegian,nb,faktura_avtalegiro-og-efaktura_endringer.html.json,2133,394.0,352.0,394.0,352.0
www.telenor.no,Norwegian,nb,faktura_betale-faktura.html.json,863,159.0,142.0,159.0,142.0
www.telenor.no,Norwegian,nb,faktura_for-sen-betaling.html.json,2065,349.0,317.0,349.0,317.0
www.telenor.no,Norwegian,nb,faktura_forbruk-og-saldo.html.json,914,189.0,168.0,189.0,168.0
www.telenor.no,Norwegian,nb,faktura_forklaring.html.json,9486,1710.0,1520.0,1710.0,1520.0
www.telenor.no,Norwegian,nb,faktura_innholdstjenester.html.json,3903,644.0,594.0,644.0,594.0
www.telenor.no,Norwegian,nb,faktura_utsette-faktura.html.json,1091,208.0,194.0,208.0,194.0
www.telenor.no,Norwegian,nb,flytting.html.json,2547,484.0,438.0,484.0,438.0
www.telenor.no,Norwegian,nb,index.html.json,335,61.0,56.0,61.0,56.0
www.telenor.no,Norwegian,nb,internett.html.json,251,46.0,42.0,46.0,42.0
www.telenor.no,Norwegian,nb,internett_modem-og-ruter.html.json,1428,250.0,137.0,250.0,137.0
www.telenor.no,Norwegian,nb,internett_modem-og-ruter_bytte-fiberboks.html.json,478,83.0,57.0,83.0,57.0
www.telenor.no,Norwegian,nb,internett_modem-og-ruter_bytte-fiberboks_g-101g-r.html.json,2369,447.0,405.0,447.0,405.0
www.telenor.no,Norwegian,nb,internett_modem-og-ruter_bytte-fiberboks_xs-010x-r.html.json,2360,440.0,405.0,440.0,405.0
www.telenor.no,Norwegian,nb,internett_modem-og-ruter_bytte-fiberboks_xs-020x-a.html.json,2446,463.0,426.0,463.0,426.0
www.telenor.no,Norwegian,nb,internett_modem-og-ruter_d-link-dwr-923.html.json,4957,904.0,767.0,904.0,767.0
www.telenor.no,Norwegian,nb,internett_modem-og-ruter_d-link-dwr-956.html.json,4954,904.0,767.0,904.0,767.0
www.telenor.no,Norwegian,nb,internett_modem-og-ruter_d-link-dwr-961.html.json,6600,1193.0,1020.0,1193.0,1020.0
www.telenor.no,Norwegian,nb,internett_modem-og-ruter_d-link-dwr-966.html.json,6536,1179.0,1010.0,1179.0,1010.0
www.telenor.no,Norwegian,nb,internett_modem-og-ruter_fiberbokser.html.json,1819,327.0,290.0,327.0,290.0
www.telenor.no,Norwegian,nb,internett_modem-og-ruter_huawei-b818.html.json,1970,371.0,325.0,371.0,325.0
www.telenor.no,Norwegian,nb,internett_modem-og-ruter_huawei-e5372t.html.json,5580,1028.0,877.0,1028.0,877.0
www.telenor.no,Norwegian,nb,internett_modem-og-ruter_huawei-e5786.html.json,6771,1329.0,1075.0,1329.0,1075.0
www.telenor.no,Norwegian,nb,internett_modem-og-ruter_kaon-kabelmodem.html.json,1393,252.0,203.0,252.0,203.0
www.telenor.no,Norwegian,nb,internett_modem-og-ruter_koble-kabelmodem.html.json,397,78.0,68.0,78.0,68.0
www.telenor.no,Norwegian,nb,internett_modem-og-ruter_mobilt-bredband.html.json,794,147.0,75.0,147.0,75.0
www.telenor.no,Norwegian,nb,internett_modem-og-ruter_montere-antenne.html.json,3579,672.0,593.0,672.0,593.0
www.telenor.no,Norwegian,nb,internett_modem-og-ruter_tbb-antenne-nr7101.html.json,2889,539.0,449.0,539.0,449.0
www.telenor.no,Norwegian,nb,internett_modem-og-ruter_tbb-antenne-nr7302.html.json,4099,796.0,668.0,796.0,668.0
www.telenor.no,Norwegian,nb,internett_modem-og-ruter_wifi-forsterker-2.html.json,1862,336.0,306.0,336.0,306.0
www.telenor.no,Norwegian,nb,internett_modem-og-ruter_wifi-forsterker-2_koble-til.html.json,604,115.0,108.0,115.0,108.0
www.telenor.no,Norwegian,nb,internett_modem-og-ruter_wifi-forsterker.html.json,2553,465.0,405.0,465.0,405.0
www.telenor.no,Norwegian,nb,internett_modem-og-ruter_wifi-forsterker_koble-til.html.json,450,82.0,75.0,82.0,75.0
www.telenor.no,Norwegian,nb,internett_modem-og-ruter_wifi-ruter-2.html.json,2863,554.0,486.0,554.0,486.0
www.telenor.no,Norwegian,nb,internett_modem-og-ruter_wifi-ruter-2_koble-til.html.json,1325,247.0,227.0,247.0,227.0
www.telenor.no,Norwegian,nb,internett_modem-og-ruter_wifi-ruter.html.json,2710,517.0,447.0,517.0,447.0
www.telenor.no,Norwegian,nb,internett_modem-og-ruter_wifi-ruter_koble-til.html.json,438,84.0,54.0,84.0,54.0
www.telenor.no,Norwegian,nb,internett_modem-og-ruter_wifi-ruter_koble-til_fiber.html.json,586,110.0,97.0,110.0,97.0
www.telenor.no,Norwegian,nb,internett_modem-og-ruter_wifi-ruter_koble-til_kabel.html.json,583,111.0,97.0,111.0,97.0
www.telenor.no,Norwegian,nb,internett_modem-og-ruter_zte-mf-60.html.json,5618,1043.0,898.0,1043.0,898.0
www.telenor.no,Norwegian,nb,internett_modem-og-ruter_zte-mf91d.html.json,4534,852.0,721.0,852.0,721.0
www.telenor.no,Norwegian,nb,internett_modem-og-ruter_zte-mu5120.html.json,2937,515.0,471.0,515.0,471.0
www.telenor.no,Norwegian,nb,internett_modem-og-ruter_zyxel-8702.html.json,3338,628.0,549.0,628.0,549.0
www.telenor.no,Norwegian,nb,internett_modem-og-ruter_zyxel-8702_koble-til.html.json,371,66.0,40.0,66.0,40.0
www.telenor.no,Norwegian,nb,internett_modem-og-ruter_zyxel-8702_koble-til_fiber.html.json,880,144.0,127.0,144.0,127.0
www.telenor.no,Norwegian,nb,internett_modem-og-ruter_zyxel-8702_koble-til_kabel.html.json,1010,170.0,154.0,170.0,154.0
www.telenor.no,Norwegian,nb,internett_modem-og-ruter_zyxel-lte5388.html.json,2596,491.0,428.0,491.0,428.0
www.telenor.no,Norwegian,nb,internett_modem-og-ruter_zyxel-nr5101.html.json,4390,821.0,703.0,821.0,703.0
www.telenor.no,Norwegian,nb,internett_modem-og-ruter_zyxel-nr5103.html.json,4300,809.0,692.0,809.0,692.0
www.telenor.no,Norwegian,nb,internett_modem-og-ruter_zyxel-nr5307.html.json,3728,688.0,603.0,688.0,603.0
www.telenor.no,Norwegian,nb,internett_oppsettsguide.html.json,5409,1046.0,914.0,1046.0,914.0
www.telenor.no,Norwegian,nb,internett_problemer.html.json,1296,236.0,213.0,236.0,213.0
www.telenor.no,Norwegian,nb,internett_sikkerhet.html.json,1440,248.0,227.0,248.0,227.0
www.telenor.no,Norwegian,nb,internett_sikkerhet_nettfilter.html.json,1266,214.0,193.0,214.0,193.0
www.telenor.no,Norwegian,nb,internett_sikkerhet_nettvern.html.json,5969,1108.0,884.0,1108.0,884.0
www.telenor.no,Norwegian,nb,internett_torden-og-lyn.html.json,578,114.0,109.0,114.0,109.0
www.telenor.no,Norwegian,nb,internett_wifi.html.json,1537,266.0,214.0,266.0,214.0
www.telenor.no,Norwegian,nb,internett_wifi_administrere-ruter-b818.html.json,1292,220.0,196.0,220.0,196.0
www.telenor.no,Norwegian,nb,internett_wifi_administrere-ruter-b818_endre-apn.html.json,896,168.0,148.0,168.0,148.0
www.telenor.no,Norwegian,nb,internett_wifi_administrere-ruter-b818_endre-tradlos-kanal.html.json,645,115.0,107.0,115.0,107.0
www.telenor.no,Norwegian,nb,internett_wifi_administrere-ruter-b818_foreldrekontroll.html.json,751,133.0,121.0,133.0,121.0
www.telenor.no,Norwegian,nb,internett_wifi_administrere-ruter-b818_gjestenett.html.json,773,136.0,125.0,136.0,125.0
www.telenor.no,Norwegian,nb,internett_wifi_administrere-ruter-b818_oppdatere-programvare.html.json,974,164.0,151.0,164.0,151.0
www.telenor.no,Norwegian,nb,internett_wifi_administrere-ruter.html.json,3101,552.0,481.0,552.0,481.0
www.telenor.no,Norwegian,nb,internett_wifi_administrere-ruter_apne-porter.html.json,1945,372.0,338.0,372.0,338.0
www.telenor.no,Norwegian,nb,internett_wifi_administrere-ruter_foreldrekontroll.html.json,2569,469.0,428.0,469.0,428.0
www.telenor.no,Norwegian,nb,internett_wifi_administrere-ruter_gjestenett.html.json,3190,569.0,531.0,569.0,531.0
www.telenor.no,Norwegian,nb,internett_wifi_administrere-ruter_nettverksnavn-og-passord.html.json,1226,224.0,207.0,224.0,207.0
www.telenor.no,Norwegian,nb,internett_wifi_koble-til-wifi.html.json,2283,465.0,388.0,465.0,388.0
www.telenor.no,Norwegian,nb,kabelnett.html.json,2729,484.0,425.0,484.0,425.0
www.telenor.no,Norwegian,nb,kabelnett_arbeid-eget-nett.html.json,675,115.0,99.0,115.0,99.0
www.telenor.no,Norwegian,nb,kontakt-oss.html.json,2266,443.0,383.0,443.0,383.0
www.telenor.no,Norwegian,nb,kontakt-oss_contact-customer-service.html.json,458,101.0,65.0,101.0,65.0
www.telenor.no,Norwegian,nb,kontakt-oss_e-post.html.json,1471,271.0,239.0,271.0,239.0
www.telenor.no,Norwegian,nb,kontakt-oss_index.page.html.json,2266,443.0,383.0,443.0,383.0
www.telenor.no,Norwegian,nb,mobil.html.json,432,77.0,71.0,77.0,71.0
www.telenor.no,Norwegian,nb,mobil_abonnement-og-tjenester.html.json,1608,296.0,267.0,296.0,267.0
www.telenor.no,Norwegian,nb,mobil_abonnement-og-tjenester_eierskifte-mobilnummer.html.json,2452,444.0,395.0,444.0,395.0
www.telenor.no,Norwegian,nb,mobil_abonnement-og-tjenester_endre-abonnement.html.json,3179,568.0,523.0,568.0,523.0
www.telenor.no,Norwegian,nb,mobil_abonnement-og-tjenester_kontantkort.html.json,2543,466.0,411.0,466.0,411.0
www.telenor.no,Norwegian,nb,mobil_din-mobil.html.json,2985,571.0,514.0,571.0,514.0
www.telenor.no,Norwegian,nb,mobil_din-mobil_deaktiver-find-my-iphone.html.json,799,152.0,139.0,152.0,139.0
www.telenor.no,Norwegian,nb,mobil_din-mobil_mobildata-og-mms.html.json,4587,782.0,718.0,782.0,718.0
www.telenor.no,Norwegian,nb,mobil_din-mobil_nullstille-mobilen.html.json,1632,289.0,265.0,289.0,265.0
www.telenor.no,Norwegian,nb,mobil_din-mobil_operatorlas.html.json,1540,271.0,252.0,271.0,252.0
www.telenor.no,Norwegian,nb,mobil_hjelp-med-nettbutikken.html.json,3041,582.0,526.0,582.0,526.0
www.telenor.no,Norwegian,nb,mobil_hjelp-med-splitt.html.json,7850,1548.0,1358.0,1548.0,1358.0
www.telenor.no,Norwegian,nb,mobil_hjelp-til-innbytte.html.json,3573,692.0,621.0,692.0,621.0
www.telenor.no,Norwegian,nb,mobil_problemer.html.json,10437,2038.0,1789.0,2038.0,1789.0
www.telenor.no,Norwegian,nb,mobil_sim-kort.html.json,6455,1214.0,1038.0,1214.0,1038.0
www.telenor.no,Norwegian,nb,mobil_sim-kort_aktiver-e-sim.html.json,10252,2107.0,1727.0,2107.0,1727.0
www.telenor.no,Norwegian,nb,mobil_sim-kort_aktiver-e-sim_aktivere-e-sim-portering.html.json,6413,1210.0,1145.0,1210.0,1145.0
www.telenor.no,Norwegian,nb,mobil_sim-kort_pin-og-puk-kode.html.json,3959,756.0,684.0,756.0,684.0
www.telenor.no,Norwegian,nb,mobil_sperret.html.json,3953,763.0,643.0,763.0,643.0
www.telenor.no,Norwegian,nb,mobil_spesialnummer.html.json,2961,501.0,457.0,501.0,457.0
www.telenor.no,Norwegian,nb,nedsatt-funksjonsevne.html.json,1742,282.0,258.0,282.0,258.0
www.telenor.no,Norwegian,nb,oppsigelse.html.json,4701,891.0,813.0,891.0,813.0
www.telenor.no,Norwegian,nb,oppsigelse_mobil.html.json,1098,205.0,179.0,205.0,179.0
www.telenor.no,Norwegian,nb,oppsigelse_returslipp.html.json,1050,181.0,167.0,181.0,167.0
www.telenor.no,Norwegian,nb,oppsigelse_tradlost-bredband.html.json,1218,221.0,197.0,221.0,197.0
www.telenor.no,Norwegian,nb,oppsigelse_tv-og-bredband.html.json,1044,197.0,181.0,197.0,181.0
www.telenor.no,Norwegian,nb,oppsigelse_tv-og-bredband_oppsigelsesskjema.html.json,900,156.0,139.0,156.0,139.0
www.telenor.no,Norwegian,nb,svindel.html.json,5807,1083.0,1005.0,1083.0,1005.0
www.telenor.no,Norwegian,nb,svindel_meld-ifra-om-svindel.html.json,471,85.0,79.0,85.0,79.0
www.telenor.no,Norwegian,nb,tv.html.json,515,103.0,94.0,103.0,94.0
www.telenor.no,Norwegian,nb,tv_brukerveiledning-t-we.html.json,1978,339.0,245.0,339.0,245.0
www.telenor.no,Norwegian,nb,tv_brukerveiledning-t-we_anbefalinger.html.json,2829,545.0,479.0,545.0,479.0
www.telenor.no,Norwegian,nb,tv_brukerveiledning-t-we_favorittliste.html.json,1653,299.0,281.0,299.0,281.0
www.telenor.no,Norwegian,nb,tv_brukerveiledning-t-we_filmleie.html.json,1417,295.0,261.0,295.0,261.0
www.telenor.no,Norwegian,nb,tv_brukerveiledning-t-we_innstillinger.html.json,2409,397.0,349.0,397.0,349.0
www.telenor.no,Norwegian,nb,tv_brukerveiledning-t-we_opptak.html.json,2605,515.0,463.0,515.0,463.0
www.telenor.no,Norwegian,nb,tv_brukerveiledning-t-we_pin-kode.html.json,1371,241.0,225.0,241.0,225.0
www.telenor.no,Norwegian,nb,tv_brukerveiledning-t-we_profiler.html.json,3705,670.0,605.0,670.0,605.0
www.telenor.no,Norwegian,nb,tv_brukerveiledning-t-we_sok.html.json,1865,357.0,323.0,357.0,323.0
www.telenor.no,Norwegian,nb,tv_brukerveiledning-t-we_sok_talesok.html.json,679,137.0,125.0,137.0,125.0
www.telenor.no,Norwegian,nb,tv_brukerveiledning-t-we_strommetjenester.html.json,2698,479.0,435.0,479.0,435.0
www.telenor.no,Norwegian,nb,tv_brukerveiledning-t-we_strommetjenester_hbo-max.html.json,2420,488.0,447.0,488.0,447.0
www.telenor.no,Norwegian,nb,tv_brukerveiledning-t-we_strommetjenester_netflix.html.json,3645,660.0,581.0,660.0,581.0
www.telenor.no,Norwegian,nb,tv_brukerveiledning-t-we_strommetjenester_radioplayer.html.json,1452,255.0,234.0,255.0,234.0
www.telenor.no,Norwegian,nb,tv_brukerveiledning-t-we_strommetjenester_tv2-play.html.json,4480,910.0,843.0,910.0,843.0
www.telenor.no,Norwegian,nb,tv_brukerveiledning-t-we_strommetjenester_viaplay.html.json,2249,417.0,368.0,417.0,368.0
www.telenor.no,Norwegian,nb,tv_brukerveiledning-t-we_teksting-horselshemmede.html.json,2608,473.0,421.0,473.0,421.0
www.telenor.no,Norwegian,nb,tv_brukerveiledning-t-we_tv-guide.html.json,2890,539.0,479.0,539.0,479.0
www.telenor.no,Norwegian,nb,tv_brukerveiledning-t-we_ukesarkiv.html.json,910,166.0,153.0,166.0,153.0
www.telenor.no,Norwegian,nb,tv_dekodere-og-fjernkontroller.html.json,701,121.0,71.0,121.0,71.0
www.telenor.no,Norwegian,nb,tv_dekodere-og-fjernkontroller_idtv-kortleser.html.json,1673,313.0,275.0,313.0,275.0
www.telenor.no,Norwegian,nb,tv_dekodere-og-fjernkontroller_indexer.page.html.json,701,121.0,71.0,121.0,71.0
www.telenor.no,Norwegian,nb,tv_dekodere-og-fjernkontroller_t-we-boks-ii.html.json,1733,313.0,282.0,313.0,282.0
www.telenor.no,Norwegian,nb,tv_dekodere-og-fjernkontroller_t-we-boks-ii_fjernkontroll.html.json,9043,1734.0,1435.0,1734.0,1435.0
www.telenor.no,Norwegian,nb,tv_dekodere-og-fjernkontroller_t-we-boks-ii_fjernkontroll_bytte-fjernkontroll.html.json,3061,631.0,514.0,631.0,514.0
www.telenor.no,Norwegian,nb,tv_dekodere-og-fjernkontroller_t-we-boks-ii_koble-til.html.json,1999,367.0,339.0,367.0,339.0
www.telenor.no,Norwegian,nb,tv_dekodere-og-fjernkontroller_t-we-boks-mini.html.json,3024,555.0,511.0,555.0,511.0
www.telenor.no,Norwegian,nb,tv_dekodere-og-fjernkontroller_t-we-boks-mini_installasjon.html.json,672,120.0,110.0,120.0,110.0
www.telenor.no,Norwegian,nb,tv_dekodere-og-fjernkontroller_t-we-boks-mini_koble-til.html.json,800,164.0,141.0,164.0,141.0
www.telenor.no,Norwegian,nb,tv_dekodere-og-fjernkontroller_t-we-boks.html.json,1409,241.0,218.0,241.0,218.0
www.telenor.no,Norwegian,nb,tv_dekodere-og-fjernkontroller_t-we-boks_fjernkontroll.html.json,9043,1691.0,1447.0,1691.0,1447.0
www.telenor.no,Norwegian,nb,tv_dekodere-og-fjernkontroller_t-we-boks_fjernkontroll_bytte-fjernkontroll.html.json,2632,506.0,435.0,506.0,435.0
www.telenor.no,Norwegian,nb,tv_dekodere-og-fjernkontroller_t-we-boks_koble-til.html.json,680,131.0,121.0,131.0,121.0
www.telenor.no,Norwegian,nb,tv_kabler-og-nettverksutstyr.html.json,2841,530.0,481.0,530.0,481.0
www.telenor.no,Norwegian,nb,tv_lyd-og-bilde.html.json,5107,924.0,822.0,924.0,822.0
www.telenor.no,Norwegian,nb,tv_problemer-med-tv.html.json,298,55.0,47.0,55.0,47.0
www.telenor.no,Norwegian,nb,tv_problemer-med-tv_hdcp-hdmi-off.html.json,4498,903.0,787.0,903.0,787.0
www.telenor.no,Norwegian,nb,tv_t-we-app.html.json,2465,480.0,375.0,480.0,375.0
www.telenor.no,Norwegian,nb,tv_t-we-app_account-not-found.html.json,3237,634.0,581.0,634.0,581.0
www.telenor.no,Norwegian,nb,tv_t-we-app_android-tv-app.html.json,2349,451.0,404.0,451.0,404.0
www.telenor.no,Norwegian,nb,tv_t-we-app_apple-tv.html.json,1636,329.0,294.0,329.0,294.0
www.telenor.no,Norwegian,nb,tv_t-we-app_bruk.html.json,2521,464.0,424.0,464.0,424.0
www.telenor.no,Norwegian,nb,tv_t-we-app_feilsok.html.json,1773,340.0,298.0,340.0,298.0
www.telenor.no,Norwegian,nb,tv_t-we-app_hjemmesjekk.html.json,2821,516.0,461.0,516.0,461.0
www.telenor.no,Norwegian,nb,tv_t-we-app_innstillinger.html.json,1517,242.0,225.0,242.0,225.0
www.telenor.no,Norwegian,nb,tv_t-we-app_pin-kode.html.json,1355,255.0,232.0,255.0,232.0
www.telenor.no,Norwegian,nb,tv_t-we-app_profiler.html.json,1727,331.0,296.0,331.0,296.0
www.telenor.no,Norwegian,nb,tv_t-we-app_sok.html.json,1072,194.0,176.0,194.0,176.0
www.telenor.no,Norwegian,nb,tv_t-we-app_tv-guide.html.json,1187,224.0,206.0,224.0,206.0
www.telenor.no,Norwegian,nb,tv_t-we-app_ukesarkiv.html.json,825,158.0,143.0,158.0,143.0
www.telenor.no,Norwegian,nb,tv_velge-kanaler.html.json,5174,982.0,895.0,982.0,895.0
www.telenor.no,Norwegian,nb,tv_velge-kanaler_aktiver-discoveryplus.html.json,3494,649.0,591.0,649.0,591.0
www.telenor.se,Swedish,sv,det-har-hander-med-abonnemang-vid-dodsfall.html.json,1375,239.0,214.0,239.0,214.0
www.telenor.se,Swedish,sv,driftinformation.html.json,1151,224.0,198.0,224.0,198.0
www.telenor.se,Swedish,sv,driftinformation_driftstorningar-pa-mobilnatet.html.json,1206,234.0,206.0,234.0,206.0
www.telenor.se,Swedish,sv,driftinformation_driftstorningar-pa-tv--och-bredbandsnatet.html.json,2274,391.0,345.0,391.0,345.0
www.telenor.se,Swedish,sv,driftinformation_mobiltelefoni-och-mobilt-bredband.html.json,224,39.0,37.0,39.0,37.0
www.telenor.se,Swedish,sv,driftinformation_mobiltelefoni-och-mobilt-bredband_mobiltackning-i-sverige.html.json,1936,365.0,333.0,365.0,333.0
www.telenor.se,Swedish,sv,driftinformation_mobiltelefoni-och-mobilt-bredband_vad-som-paverkar-mottagning-och-hastighet.html.json,2862,540.0,484.0,540.0,484.0
www.telenor.se,Swedish,sv,faktura.html.json,3760,731.0,642.0,731.0,642.0
www.telenor.se,Swedish,sv,faktura_allt-om-hur-du-betalar-fakturan.html.json,5082,1023.0,906.0,1023.0,906.0
www.telenor.se,Swedish,sv,faktura_autogiro.html.json,5321,1015.0,901.0,1015.0,901.0
www.telenor.se,Swedish,sv,faktura_byte-av-bank-eller-betalansvarig.html.json,1824,336.0,312.0,336.0,312.0
www.telenor.se,Swedish,sv,faktura_din-forsta-faktura.html.json,1481,281.0,256.0,281.0,256.0
www.telenor.se,Swedish,sv,faktura_e-faktura.html.json,4456,846.0,772.0,846.0,772.0
www.telenor.se,Swedish,sv,faktura_forsta-fakturan.html.json,1198,233.0,215.0,233.0,215.0
www.telenor.se,Swedish,sv,faktura_hjalp-att-forsta-fakturan.html.json,4116,726.0,645.0,726.0,645.0
www.telenor.se,Swedish,sv,faktura_inkasso.html.json,1319,239.0,218.0,239.0,218.0
www.telenor.se,Swedish,sv,faktura_kivra.html.json,342,61.0,57.0,61.0,57.0
www.telenor.se,Swedish,sv,faktura_ovantat-eller-hogt-fakturabelopp.html.json,4672,901.0,779.0,901.0,779.0
www.telenor.se,Swedish,sv,faktura_paminnelse.html.json,1738,332.0,297.0,332.0,297.0
www.telenor.se,Swedish,sv,faktura_swish.html.json,637,123.0,111.0,123.0,111.0
www.telenor.se,Swedish,sv,fast-bredband.html.json,1049,194.0,174.0,194.0,174.0
www.telenor.se,Swedish,sv,fast-bredband_aktivera-bredband.html.json,3475,657.0,572.0,657.0,572.0
www.telenor.se,Swedish,sv,fast-bredband_annat_avsluta-abonnemang-pa-tv-bredband-eller-hemtelefoni-via-bredband.html.json,2545,450.0,414.0,450.0,414.0
www.telenor.se,Swedish,sv,fast-bredband_annat_natskydd.html.json,2806,503.0,450.0,503.0,450.0
www.telenor.se,Swedish,sv,fast-bredband_felsokning_digihjalpen.html.json,354,59.0,54.0,59.0,54.0
www.telenor.se,Swedish,sv,fast-bredband_felsokning_hur-surfar-du-nar-du-upplever-ditt-problem.html.json,150,32.0,30.0,32.0,30.0
www.telenor.se,Swedish,sv,fast-bredband_felsokning_hur-upplever-du-problemet-med-ditt-bredband.html.json,591,119.0,103.0,119.0,103.0
www.telenor.se,Swedish,sv,fast-bredband_felsokning_koppla-in-datorn-direkt-i-bredbandsuttaget.html.json,613,113.0,101.0,113.0,101.0
www.telenor.se,Swedish,sv,fast-bredband_felsokning_koppla-in-datorn-direkt-i-bredbandsuttaget2.html.json,432,84.0,73.0,84.0,73.0
www.telenor.se,Swedish,sv,fast-bredband_felsokning_koppla-in-routern-igen.html.json,433,72.0,66.0,72.0,66.0
www.telenor.se,Swedish,sv,fast-bredband_felsokning_lyser-eller-blinkar-en-rod-lampa-pa-din-router.html.json,87,18.0,17.0,18.0,17.0
www.telenor.se,Swedish,sv,fast-bredband_felsokning_placera-routern-ratt.html.json,649,121.0,103.0,121.0,103.0
www.telenor.se,Swedish,sv,fast-bredband_felsokning_starta-om-din-router-driftstorning.html.json,302,58.0,53.0,58.0,53.0
www.telenor.se,Swedish,sv,fast-bredband_felsokning_testa-med-en-annan-natverkskabel.html.json,842,162.0,145.0,162.0,145.0
www.telenor.se,Swedish,sv,fast-bredband_felsokning_testa-med-en-annan-natverkskabel2.html.json,304,57.0,49.0,57.0,49.0
www.telenor.se,Swedish,sv,fast-bredband_felsokning_wifi-kabel-fabriksaterstall-din-router.html.json,663,119.0,109.0,119.0,109.0
www.telenor.se,Swedish,sv,fast-bredband_felsokning_wifi-placera-routern-ratt.html.json,649,121.0,103.0,121.0,103.0
www.telenor.se,Swedish,sv,fast-bredband_felsokning_wifi-starta-om-din-router.html.json,427,89.0,82.0,89.0,82.0
www.telenor.se,Swedish,sv,fast-bredband_felsokning_wifi-testa-med-endast-en-enhet.html.json,1323,246.0,217.0,246.0,217.0
www.telenor.se,Swedish,sv,fast-bredband_installationsguider.html.json,452,73.0,68.0,73.0,68.0
www.telenor.se,Swedish,sv,fast-bredband_installationsguider_fast-ip_stalla-in-fast-ip-pa-technicolor.html.json,713,128.0,114.0,128.0,114.0
www.telenor.se,Swedish,sv,fast-bredband_installationsguider_installationsguider_installation-av-router-technicolor-784.html.json,835,144.0,130.0,144.0,130.0
www.telenor.se,Swedish,sv,fast-bredband_installationsguider_installationsguider_router--telenor-i4882.html.json,1390,245.0,220.0,245.0,220.0
www.telenor.se,Swedish,sv,fast-bredband_installationsguider_installationsguider_router-technicolor-799-xtream.html.json,653,101.0,93.0,101.0,93.0
www.telenor.se,Swedish,sv,fast-bredband_installationsguider_installationsguider_technicolor-tc4210.html.json,421,79.0,69.0,79.0,69.0
www.telenor.se,Swedish,sv,fast-bredband_surfa-nu.html.json,732,154.0,135.0,154.0,135.0
www.telenor.se,Swedish,sv,fast-bredband_surfa-nu_dags-att-felsoka.html.json,513,97.0,82.0,97.0,82.0
www.telenor.se,Swedish,sv,fast-bredband_surfa-nu_kom-igang-med-ditt-bredband.html.json,421,79.0,69.0,79.0,69.0
www.telenor.se,Swedish,sv,fast-bredband_surfa-nu_kom-igang-med-ditt-bredband_aktivera-ditt-bredband.html.json,387,82.0,63.0,82.0,63.0
www.telenor.se,Swedish,sv,fast-bredband_surfa-nu_kom-igang-med-ditt-bredband_fiberkonverterare-hur-vill-du-koppla-upp-dig.html.json,528,103.0,96.0,103.0,96.0
www.telenor.se,Swedish,sv,fast-bredband_surfa-nu_kom-igang-med-ditt-bredband_fiberkonverterare-hur-vill-du-koppla-upp-dig_fiberkonverterare--koppla-in-en-annan-router.html.json,793,141.0,128.0,141.0,128.0
www.telenor.se,Swedish,sv,fast-bredband_surfa-nu_kom-igang-med-ditt-bredband_fiberkonverterare-hur-vill-du-koppla-upp-dig_fiberkonverterare--koppla-in-routern-fran-telenor.html.json,1303,228.0,208.0,228.0,208.0
www.telenor.se,Swedish,sv,fast-bredband_surfa-nu_kom-igang-med-ditt-bredband_fiberkonverterare-hur-vill-du-koppla-upp-dig_fiberkonverterare--surfa-med-hjalp-av-en-natverkskabel.html.json,187,35.0,32.0,35.0,32.0
www.telenor.se,Swedish,sv,fast-bredband_surfa-nu_kom-igang-med-ditt-bredband_fiberuttag-hur-vill-du-koppla-upp-dig.html.json,539,106.0,98.0,106.0,98.0
www.telenor.se,Swedish,sv,fast-bredband_surfa-nu_kom-igang-med-ditt-bredband_fiberuttag-hur-vill-du-koppla-upp-dig_fiberuttag--koppla-in-en-annan-router.html.json,889,159.0,145.0,159.0,145.0
www.telenor.se,Swedish,sv,fast-bredband_surfa-nu_kom-igang-med-ditt-bredband_fiberuttag-hur-vill-du-koppla-upp-dig_fiberuttag--koppla-in-routern-fran-telenor.html.json,1058,188.0,170.0,188.0,170.0
www.telenor.se,Swedish,sv,fast-bredband_surfa-nu_kom-igang-med-ditt-bredband_fiberuttag-hur-vill-du-koppla-upp-dig_fiberuttag--surfa-med-hjalp-av-en-natverkskabel.html.json,210,41.0,38.0,41.0,38.0
www.telenor.se,Swedish,sv,fast-bredband_surfa-nu_kom-igang-med-ditt-bredband_fungerade-inte.html.json,148,36.0,31.0,36.0,31.0
www.telenor.se,Swedish,sv,fast-bredband_surfa-nu_kom-igang-med-ditt-bredband_fungerade.html.json,211,44.0,39.0,44.0,39.0
www.telenor.se,Swedish,sv,fast-bredband_surfa-nu_kom-igang-med-ditt-bredband_hitta-port.html.json,674,147.0,130.0,147.0,130.0
www.telenor.se,Swedish,sv,fast-bredband_surfa-nu_kom-igang-med-ditt-bredband_tjanstefordelare-hur-vill-du-koppla-upp-dig.html.json,528,103.0,96.0,103.0,96.0
www.telenor.se,Swedish,sv,fast-bredband_surfa-nu_kom-igang-med-ditt-bredband_tjanstefordelare-hur-vill-du-koppla-upp-dig_tjanstefordelare--koppla-in-en-annan-router.html.json,781,141.0,127.0,141.0,127.0
www.telenor.se,Swedish,sv,fast-bredband_surfa-nu_kom-igang-med-ditt-bredband_tjanstefordelare-hur-vill-du-koppla-upp-dig_tjanstefordelare--koppla-in-routern-fran-telenor.html.json,966,167.0,152.0,167.0,152.0
www.telenor.se,Swedish,sv,fast-bredband_surfa-nu_kom-igang-med-ditt-bredband_tjanstefordelare-hur-vill-du-koppla-upp-dig_tjanstefordelare--surfa-med-hjalp-av-en-natverkskabel.html.json,316,63.0,56.0,63.0,56.0
www.telenor.se,Swedish,sv,fast-bredband_via-fiber.html.json,2198,412.0,365.0,412.0,365.0
www.telenor.se,Swedish,sv,fast-bredband_via-fiber_felsokning_problem-med-hastigheten.html.json,1795,301.0,270.0,301.0,270.0
www.telenor.se,Swedish,sv,fast-bredband_via-fiber_wifi_anslut-till-wifi-via-iphone-och-ipad.html.json,445,83.0,76.0,83.0,76.0
www.telenor.se,Swedish,sv,fast-bredband_wifi.html.json,290,47.0,47.0,47.0,47.0
www.telenor.se,Swedish,sv,fast-bredband_wifi_felsokning_problem-att-ansluta-till-wifi-via-routern-technicolor-799.html.json,892,171.0,149.0,171.0,149.0
www.telenor.se,Swedish,sv,fast-bredband_wifi_felsokning_problem-med-att-na-det-tradlosa-natverket.html.json,2041,368.0,338.0,368.0,338.0
www.telenor.se,Swedish,sv,fast-bredband_wifi_felsokning_problem-med-hastigheten.html.json,1743,312.0,277.0,312.0,277.0
www.telenor.se,Swedish,sv,fast-bredband_wifi_kom-igang_anslut-till-wifi-via-android.html.json,489,91.0,83.0,91.0,83.0
www.telenor.se,Swedish,sv,fast-bredband_wifi_kom-igang_anslut-till-wifi-via-iphone-och-ipad.html.json,445,83.0,76.0,83.0,76.0
www.telenor.se,Swedish,sv,fast-bredband_wifi_kom-igang_anslut-till-wifi-via-macos.html.json,555,115.0,103.0,115.0,103.0
www.telenor.se,Swedish,sv,fast-bredband_wifi_kom-igang_anslut-till-wifi-via-windows-10.html.json,583,117.0,103.0,117.0,103.0
www.telenor.se,Swedish,sv,fast-bredband_wifi_wifikontroll.html.json,1791,308.0,279.0,308.0,279.0
www.telenor.se,Swedish,sv,fast-bredband_wifi_wifikontroll_anslutna-enheter2_avisering-nar-enhet-ansluter.html.json,609,106.0,99.0,106.0,99.0
www.telenor.se,Swedish,sv,fast-bredband_wifi_wifikontroll_anslutna-enheter2_enheter-och-pausa-enheter.html.json,532,109.0,97.0,109.0,97.0
www.telenor.se,Swedish,sv,fast-bredband_wifi_wifikontroll_anslutna-enheter2_prioritera-enheter.html.json,402,67.0,63.0,67.0,63.0
www.telenor.se,Swedish,sv,fast-bredband_wifi_wifikontroll_anslutna-enheter2_skapa-och-andra-profiler.html.json,472,89.0,85.0,89.0,85.0
www.telenor.se,Swedish,sv,fast-bredband_wifi_wifikontroll_anslutna-enheter2_skapa-surfschema.html.json,540,107.0,99.0,107.0,99.0
www.telenor.se,Swedish,sv,fast-bredband_wifi_wifikontroll_anslutna-enheter_andra-namn-och-losenord-pa-ditt-hemmanatverk.html.json,415,77.0,71.0,77.0,71.0
www.telenor.se,Swedish,sv,fast-bredband_wifi_wifikontroll_anslutna-enheter_dopa-om-och-kategorisera-enheter.html.json,367,72.0,68.0,72.0,68.0
www.telenor.se,Swedish,sv,fast-bredband_wifi_wifikontroll_anslutna-enheter_kom-igang-med-wifikontroll-appen.html.json,960,183.0,171.0,183.0,171.0
www.telenor.se,Swedish,sv,fast-bredband_wifi_wifikontroll_anslutna-enheter_skapa-ett-gastnatverk.html.json,479,89.0,82.0,89.0,82.0
www.telenor.se,Swedish,sv,fast-bredband_wifi_wifikontroll_guider_halsokontroll-av-ditt-hemmanatverk.html.json,396,67.0,63.0,67.0,63.0
www.telenor.se,Swedish,sv,fast-bredband_wifi_wifikontroll_guider_omstart-router.html.json,203,40.0,38.0,40.0,38.0
www.telenor.se,Swedish,sv,fast-bredband_wifi_wifikontroll_guider_wififorstarkare.html.json,341,63.0,60.0,63.0,60.0
www.telenor.se,Swedish,sv,fullmakt--teckna-och-aterkalla.html.json,1610,278.0,256.0,278.0,256.0
www.telenor.se,Swedish,sv,hjalp-med-inloggning.html.json,2432,452.0,406.0,452.0,406.0
www.telenor.se,Swedish,sv,kundkontakt.html.json,6834,1263.0,1161.0,1263.0,1161.0
www.telenor.se,Swedish,sv,mobilt-bredband.html.json,1161,215.0,194.0,215.0,194.0
www.telenor.se,Swedish,sv,mobilt-bredband_ipad.html.json,389,66.0,59.0,66.0,59.0
www.telenor.se,Swedish,sv,mobilt-bredband_ipad_appar_avinstallera-appar.html.json,346,75.0,66.0,75.0,66.0
www.telenor.se,Swedish,sv,mobilt-bredband_ipad_appar_stall-in-e-post-i-ipad.html.json,389,66.0,59.0,66.0,59.0
www.telenor.se,Swedish,sv,mobilt-bredband_ipad_back-up-aterstalla-och-aterskapa_aterstall-din-ipad.html.json,490,93.0,76.0,93.0,76.0
www.telenor.se,Swedish,sv,mobilt-bredband_ipad_internet_stall-in-4g-lte-pa-ipad-2017.html.json,646,131.0,106.0,131.0,106.0
www.telenor.se,Swedish,sv,mobilt-bredband_ipad_problemlosning_om-dig-ipad-har-hangt-sig-hard-omstart.html.json,397,71.0,63.0,71.0,63.0
www.telenor.se,Swedish,sv,mobilt-bredband_router-och-modem.html.json,451,79.0,78.0,79.0,78.0
www.telenor.se,Swedish,sv,mobilt-bredband_router-och-modem_huawei_andra-apn.html.json,404,64.0,60.0,64.0,60.0
www.telenor.se,Swedish,sv,mobilt-bredband_router-och-modem_huawei_byta-losenord.html.json,270,48.0,44.0,48.0,44.0
www.telenor.se,Swedish,sv,mobilt-bredband_router-och-modem_huawei_byta-nat.html.json,507,84.0,79.0,84.0,79.0
www.telenor.se,Swedish,sv,mobilt-bredband_router-och-modem_huawei_om-det-ar-dalig-mottagning.html.json,105,20.0,19.0,20.0,19.0
www.telenor.se,Swedish,sv,mobilt-bredband_router-och-modem_huawei_om-det-inte-funkar-alls-att-surfa.html.json,160,32.0,29.0,32.0,29.0
www.telenor.se,Swedish,sv,mobilt-bredband_router-och-modem_huawei_om-det-inte-funkar-att-surfa-utomlands.html.json,468,80.0,75.0,80.0,75.0
www.telenor.se,Swedish,sv,mobilt-bredband_router-och-modem_huawei_satta-i-sim-kort.html.json,457,93.0,86.0,93.0,86.0
www.telenor.se,Swedish,sv,mobilt-bredband_router-och-modem_huawei_stang-av-funktionen-5-ghz-foredras.html.json,591,108.0,96.0,108.0,96.0
www.telenor.se,Swedish,sv,mobilt-bredband_router-och-modem_huawei_uppdatera-mjukvaran-for-huawei.html.json,348,60.0,54.0,60.0,54.0
www.telenor.se,Swedish,sv,mobilt-bredband_router-och-modem_zte_kom-igang-och-byt-losenord.html.json,918,179.0,146.0,179.0,146.0
www.telenor.se,Swedish,sv,mobilt-bredband_router-och-modem_zte_uppdatera-mjukvaran-for-zte.html.json,808,145.0,125.0,145.0,125.0
www.telenor.se,Swedish,sv,mobiltelefoni.html.json,877,146.0,141.0,146.0,141.0
www.telenor.se,Swedish,sv,mobiltelefoni_abonnemang.html.json,1221,248.0,228.0,248.0,228.0
www.telenor.se,Swedish,sv,mobiltelefoni_abonnemang_fler-tjanster_automatisk-saldosparr-for-surf.html.json,4125,829.0,729.0,829.0,729.0
www.telenor.se,Swedish,sv,mobiltelefoni_abonnemang_fler-tjanster_hemligt-och-dolt-nummer.html.json,1308,231.0,207.0,231.0,207.0
www.telenor.se,Swedish,sv,mobiltelefoni_abonnemang_fler-tjanster_hemnummer-i-mobilen.html.json,1659,291.0,267.0,291.0,267.0
www.telenor.se,Swedish,sv,mobiltelefoni_abonnemang_fler-tjanster_nummerupplysning.html.json,1107,194.0,172.0,194.0,172.0
www.telenor.se,Swedish,sv,mobiltelefoni_abonnemang_fler-tjanster_operatorsupplasning.html.json,1209,249.0,214.0,249.0,214.0
www.telenor.se,Swedish,sv,mobiltelefoni_abonnemang_fler-tjanster_skerhetspaket.html.json,3042,513.0,467.0,513.0,467.0
www.telenor.se,Swedish,sv,mobiltelefoni_abonnemang_fler-tjanster_volte-4g-samtal.html.json,2586,479.0,423.0,479.0,423.0
www.telenor.se,Swedish,sv,mobiltelefoni_abonnemang_fler-tjanster_volte-4g-samtal_sa-har-aktiverar-du-volte-pa-din-huawei.html.json,394,79.0,69.0,79.0,69.0
www.telenor.se,Swedish,sv,mobiltelefoni_abonnemang_fler-tjanster_wifi-samtal.html.json,3040,544.0,484.0,544.0,484.0
www.telenor.se,Swedish,sv,mobiltelefoni_abonnemang_fler-tjanster_wifi-samtal_sa-har-aktiverar-du-wifi-samtal-pa-din-huawei.html.json,734,130.0,122.0,130.0,122.0
www.telenor.se,Swedish,sv,mobiltelefoni_abonnemang_for-familjen_dela-surfen-inom-familjen.html.json,511,94.0,85.0,94.0,85.0
www.telenor.se,Swedish,sv,mobiltelefoni_abonnemang_for-familjen_hall-koll-pa-anvandandet.html.json,1590,296.0,265.0,296.0,265.0
www.telenor.se,Swedish,sv,mobiltelefoni_abonnemang_for-familjen_medlemsprofiler.html.json,1374,254.0,233.0,254.0,233.0
www.telenor.se,Swedish,sv,mobiltelefoni_abonnemang_hantera-abonnemang_avsluta-abonnemang.html.json,3855,700.0,632.0,700.0,632.0
www.telenor.se,Swedish,sv,mobiltelefoni_abonnemang_hantera-abonnemang_bestalla-nytt-simkort.html.json,273,52.0,47.0,52.0,47.0
www.telenor.se,Swedish,sv,mobiltelefoni_abonnemang_hantera-abonnemang_bindningstid-uppsagningstid.html.json,890,161.0,146.0,161.0,146.0
www.telenor.se,Swedish,sv,mobiltelefoni_abonnemang_hantera-abonnemang_e-sim.html.json,2222,441.0,382.0,441.0,382.0
www.telenor.se,Swedish,sv,mobiltelefoni_abonnemang_hantera-abonnemang_extra-sim-kort.html.json,1055,197.0,179.0,197.0,179.0
www.telenor.se,Swedish,sv,mobiltelefoni_abonnemang_hantera-abonnemang_fordela-surf.html.json,511,94.0,85.0,94.0,85.0
www.telenor.se,Swedish,sv,mobiltelefoni_abonnemang_hantera-abonnemang_forlanga-abonnemang.html.json,685,125.0,113.0,125.0,113.0
www.telenor.se,Swedish,sv,mobiltelefoni_abonnemang_hantera-abonnemang_hitta-pin-kod-och-puk-kod.html.json,1448,281.0,249.0,281.0,249.0
www.telenor.se,Swedish,sv,mobiltelefoni_abonnemang_hantera-abonnemang_nummerflytt.html.json,4946,908.0,831.0,908.0,831.0
www.telenor.se,Swedish,sv,mobiltelefoni_abonnemang_hantera-abonnemang_se-vilket-abonnemang-du-har.html.json,355,73.0,65.0,73.0,65.0
www.telenor.se,Swedish,sv,mobiltelefoni_abonnemang_hantera-abonnemang_sparra-abonnemang.html.json,1869,357.0,322.0,357.0,322.0
www.telenor.se,Swedish,sv,mobiltelefoni_abonnemang_hantera-abonnemang_ta-over-ett-abonnemang-eller-nummer.html.json,2019,349.0,318.0,349.0,318.0
www.telenor.se,Swedish,sv,mobiltelefoni_abonnemang_rostbrevladan.html.json,362,56.0,52.0,56.0,52.0
www.telenor.se,Swedish,sv,mobiltelefoni_abonnemang_rostbrevladan_sa-anvander-du-rostbrevladan_att-stanga-av-rostbrevladan.html.json,710,126.0,106.0,126.0,106.0
www.telenor.se,Swedish,sv,mobiltelefoni_abonnemang_rostbrevladan_sa-anvander-du-rostbrevladan_installningar.html.json,2851,526.0,435.0,526.0,435.0
www.telenor.se,Swedish,sv,mobiltelefoni_abonnemang_rostbrevladan_sa-anvander-du-rostbrevladan_kom-igang-med-rostbrevladan.html.json,830,140.0,130.0,140.0,130.0
www.telenor.se,Swedish,sv,mobiltelefoni_abonnemang_rostbrevladan_sa-anvander-du-rostbrevladan_sa-fungerar-rostbrevladan-utomlands.html.json,1785,302.0,262.0,302.0,262.0
www.telenor.se,Swedish,sv,mobiltelefoni_abonnemang_surf_byta-surfmangd.html.json,765,160.0,144.0,160.0,144.0
www.telenor.se,Swedish,sv,mobiltelefoni_abonnemang_surf_fordela-surf.html.json,511,94.0,85.0,94.0,85.0
www.telenor.se,Swedish,sv,mobiltelefoni_abonnemang_surf_hur-mycket-surf-har-jag-kvar.html.json,551,122.0,112.0,122.0,112.0
www.telenor.se,Swedish,sv,mobiltelefoni_abonnemang_surf_kop-extra-surf.html.json,1457,326.0,289.0,326.0,289.0
www.telenor.se,Swedish,sv,mobiltelefoni_abonnemang_surf_slut-pa-surf.html.json,785,178.0,156.0,178.0,156.0
www.telenor.se,Swedish,sv,mobiltelefoni_guider_andra-installningar_valj-mobil_aktivera-5g.html.json,492,90.0,80.0,90.0,80.0
www.telenor.se,Swedish,sv,mobiltelefoni_guider_andra-installningar_valj-mobil_aktivera-inaktivera-mobildata.html.json,510,91.0,80.0,91.0,80.0
www.telenor.se,Swedish,sv,mobiltelefoni_guider_andra-installningar_valj-mobil_aktivera-inaktivera-roaming.html.json,508,91.0,80.0,91.0,80.0
www.telenor.se,Swedish,sv,mobiltelefoni_guider_andra-installningar_valj-mobil_aktivera-volte.html.json,446,75.0,71.0,75.0,71.0
www.telenor.se,Swedish,sv,mobiltelefoni_guider_andra-installningar_valj-mobil_aktivera-wifi-samtal.html.json,501,89.0,79.0,89.0,79.0
www.telenor.se,Swedish,sv,mobiltelefoni_guider_andra-installningar_valj-mobil_aktivera-wifi.html.json,494,89.0,79.0,89.0,79.0
www.telenor.se,Swedish,sv,mobiltelefoni_guider_andra-installningar_valj-mobil_android_aktivera-5g.html.json,1008,208.0,182.0,208.0,182.0
www.telenor.se,Swedish,sv,mobiltelefoni_guider_andra-installningar_valj-mobil_android_aktivera-inaktivera-hitta-min-enhet.html.json,738,152.0,128.0,152.0,128.0
www.telenor.se,Swedish,sv,mobiltelefoni_guider_andra-installningar_valj-mobil_android_aktivera-inaktivera-mobildata.html.json,805,157.0,135.0,157.0,135.0
www.telenor.se,Swedish,sv,mobiltelefoni_guider_andra-installningar_valj-mobil_android_aktivera-inaktivera-roaming.html.json,617,118.0,103.0,118.0,103.0
www.telenor.se,Swedish,sv,mobiltelefoni_guider_andra-installningar_valj-mobil_android_aktivera-inaktivera-wifi.html.json,881,172.0,146.0,172.0,146.0
www.telenor.se,Swedish,sv,mobiltelefoni_guider_andra-installningar_valj-mobil_android_aktivera-volte-samsung.html.json,613,120.0,103.0,120.0,103.0
www.telenor.se,Swedish,sv,mobiltelefoni_guider_andra-installningar_valj-mobil_android_aktivera-volte-sony.html.json,560,114.0,97.0,114.0,97.0
www.telenor.se,Swedish,sv,mobiltelefoni_guider_andra-installningar_valj-mobil_android_aktivera-wifi-samtal.html.json,587,110.0,96.0,110.0,96.0
www.telenor.se,Swedish,sv,mobiltelefoni_guider_andra-installningar_valj-mobil_android_anslut-via-bluetooth.html.json,1043,199.0,171.0,199.0,171.0
www.telenor.se,Swedish,sv,mobiltelefoni_guider_andra-installningar_valj-mobil_android_blockera-samtal.html.json,840,162.0,140.0,162.0,140.0
www.telenor.se,Swedish,sv,mobiltelefoni_guider_andra-installningar_valj-mobil_anslut-via-bluetooth.html.json,501,90.0,80.0,90.0,80.0
www.telenor.se,Swedish,sv,mobiltelefoni_guider_andra-installningar_valj-mobil_blockera-samtal.html.json,496,89.0,79.0,89.0,79.0
www.telenor.se,Swedish,sv,mobiltelefoni_guider_andra-installningar_valj-mobil_dela-surf-med-en-annan-enhet.html.json,509,93.0,83.0,93.0,83.0
www.telenor.se,Swedish,sv,mobiltelefoni_guider_andra-installningar_valj-mobil_hitta-min-enhet.html.json,496,90.0,80.0,90.0,80.0
www.telenor.se,Swedish,sv,mobiltelefoni_guider_andra-installningar_valj-mobil_iphone_aktivera-5g.html.json,930,199.0,176.0,199.0,176.0
www.telenor.se,Swedish,sv,mobiltelefoni_guider_andra-installningar_valj-mobil_iphone_aktivera-avaktivera-hitta-min-iphone.html.json,698,145.0,128.0,145.0,128.0
www.telenor.se,Swedish,sv,mobiltelefoni_guider_andra-installningar_valj-mobil_iphone_aktivera-inaktivera-mobildata.html.json,698,138.0,120.0,138.0,120.0
www.telenor.se,Swedish,sv,mobiltelefoni_guider_andra-installningar_valj-mobil_iphone_aktivera-inaktivera-roaming.html.json,592,115.0,99.0,115.0,99.0
www.telenor.se,Swedish,sv,mobiltelefoni_guider_andra-installningar_valj-mobil_iphone_aktivera-inaktivera-wifi.html.json,926,181.0,159.0,181.0,159.0
www.telenor.se,Swedish,sv,mobiltelefoni_guider_andra-installningar_valj-mobil_iphone_aktivera-volte.html.json,760,152.0,139.0,152.0,139.0
www.telenor.se,Swedish,sv,mobiltelefoni_guider_andra-installningar_valj-mobil_iphone_aktivera-wifi-samtal.html.json,643,131.0,105.0,131.0,105.0
www.telenor.se,Swedish,sv,mobiltelefoni_guider_andra-installningar_valj-mobil_iphone_anslut-via-bluetooth.html.json,789,150.0,131.0,150.0,131.0
www.telenor.se,Swedish,sv,mobiltelefoni_guider_andra-installningar_valj-mobil_iphone_blockera-samtal.html.json,593,116.0,101.0,116.0,101.0
www.telenor.se,Swedish,sv,mobiltelefoni_guider_andra-installningar_valj-mobil_iphone_dela-surf-med-en-annan-enhet.html.json,1018,204.0,174.0,204.0,174.0
www.telenor.se,Swedish,sv,mobiltelefoni_guider_hjalp-med-andra-enheter_apple-watch.html.json,291,53.0,48.0,53.0,48.0
www.telenor.se,Swedish,sv,mobiltelefoni_guider_hjalp-med-andra-enheter_apple-watch_kom-igang_hitta-din-personliga-kod-appen.html.json,170,31.0,30.0,31.0,30.0
www.telenor.se,Swedish,sv,mobiltelefoni_guider_hjalp-med-andra-enheter_apple-watch_kom-igang_hitta-din-personliga-kod-mitt-telenor-webb.html.json,392,77.0,71.0,77.0,71.0
www.telenor.se,Swedish,sv,mobiltelefoni_guider_hjalp-med-andra-enheter_apple-watch_kom-igang_kom-igang-med-mobiluppkoppling-klocka.html.json,1294,248.0,220.0,248.0,220.0
www.telenor.se,Swedish,sv,mobiltelefoni_guider_hjalp-med-andra-enheter_samsung-galaxy-watch.html.json,242,43.0,38.0,43.0,38.0
www.telenor.se,Swedish,sv,mobiltelefoni_guider_hjalp-med-andra-enheter_samsung-galaxy-watch_kom-igang_kop-mobiluppkoppling-klocka-till-samsung-galaxy-watch-mitt-telenor-appen.html.json,876,152.0,143.0,152.0,143.0
www.telenor.se,Swedish,sv,mobiltelefoni_guider_hjalp-med-andra-enheter_samsung-galaxy-watch_kom-igang_kop-mobiluppkoppling-klocka-till-samsung-galaxy-watch-mitt-telenor-pa-webben.html.json,843,152.0,144.0,152.0,144.0
www.telenor.se,Swedish,sv,mobiltelefoni_guider_iphone_andra-sa-att-ratt-nummer-visas-pa-iphone.html.json,1076,199.0,181.0,199.0,181.0
www.telenor.se,Swedish,sv,mobiltelefoni_guider_kom-igang-med-e-sim.html.json,2763,554.0,506.0,554.0,506.0
www.telenor.se,Swedish,sv,mobiltelefoni_guider_problemlosning-och-felsokning_felsokning_gor-en-omstart.html.json,976,180.0,158.0,180.0,158.0
www.telenor.se,Swedish,sv,mobiltelefoni_guider_problemlosning-och-felsokning_felsokning_hur-upplever-du-ditt-problem.html.json,175,34.0,30.0,34.0,30.0
www.telenor.se,Swedish,sv,mobiltelefoni_guider_problemlosning-och-felsokning_felsokning_kolla-data-roaming.html.json,633,126.0,110.0,126.0,110.0
www.telenor.se,Swedish,sv,mobiltelefoni_guider_problemlosning-och-felsokning_felsokning_kolla-driftstorningar.html.json,246,50.0,44.0,50.0,44.0
www.telenor.se,Swedish,sv,mobiltelefoni_guider_problemlosning-och-felsokning_felsokning_kolla-flight-mode.html.json,165,32.0,28.0,32.0,28.0
www.telenor.se,Swedish,sv,mobiltelefoni_guider_problemlosning-och-felsokning_felsokning_kolla-flygplanslage.html.json,170,33.0,28.0,33.0,28.0
www.telenor.se,Swedish,sv,mobiltelefoni_guider_problemlosning-och-felsokning_felsokning_kolla-installningen-for-sparr-av-trafik-i-utlandet.html.json,433,83.0,75.0,83.0,75.0
www.telenor.se,Swedish,sv,mobiltelefoni_guider_problemlosning-och-felsokning_felsokning_kolla-mottagningsforhallanden.html.json,1399,263.0,241.0,263.0,241.0
www.telenor.se,Swedish,sv,mobiltelefoni_guider_problemlosning-och-felsokning_felsokning_kolla-natverksinstallningarna.html.json,339,55.0,44.0,55.0,44.0
www.telenor.se,Swedish,sv,mobiltelefoni_guider_problemlosning-och-felsokning_felsokning_kolla-om-du-har-last-dig-till-3g-natet.html.json,716,149.0,127.0,149.0,127.0
www.telenor.se,Swedish,sv,mobiltelefoni_guider_problemlosning-och-felsokning_felsokning_kontrollera-surfmangd-ingen-uppkoppling.html.json,549,112.0,96.0,112.0,96.0
www.telenor.se,Swedish,sv,mobiltelefoni_guider_problemlosning-och-felsokning_felsokning_om-du-har-kontantkort-eller-telenor-familj.html.json,1770,356.0,230.0,356.0,230.0
www.telenor.se,Swedish,sv,mobiltelefoni_guider_problemlosning-och-felsokning_felsokning_starta-om-telefonen.html.json,1046,207.0,176.0,207.0,176.0
www.telenor.se,Swedish,sv,mobiltelefoni_guider_problemlosning-och-felsokning_felsokning_var-befinner-du-dig.html.json,527,112.0,89.0,112.0,89.0
www.telenor.se,Swedish,sv,mobiltelefoni_guider_problemlosning-och-felsokning_mobilen-har-hangt-sig.html.json,140,28.0,25.0,28.0,25.0
www.telenor.se,Swedish,sv,mobiltelefoni_guider_problemlosning-och-felsokning_mobilen-har-hangt-sig_iphone.html.json,1280,256.0,224.0,256.0,224.0
www.telenor.se,Swedish,sv,mobiltelefoni_guider_problemlosning-och-felsokning_mobilen-har-hangt-sig_samsung.html.json,643,123.0,111.0,123.0,111.0
www.telenor.se,Swedish,sv,mobiltelefoni_guider_problemlosning-och-felsokning_mobilen-har-hangt-sig_sony.html.json,640,123.0,111.0,123.0,111.0
www.telenor.se,Swedish,sv,mobiltelefoni_guider_problemlosning-och-felsokning_problem-med--tackning-inomhus.html.json,353,68.0,63.0,68.0,63.0
www.telenor.se,Swedish,sv,mobiltelefoni_guider_problemlosning-och-felsokning_problem-med-mms_iphone.html.json,961,169.0,148.0,169.0,148.0
www.telenor.se,Swedish,sv,mobiltelefoni_guider_problemlosning-och-felsokning_problem-med-mms_samsung.html.json,1010,194.0,156.0,194.0,156.0
www.telenor.se,Swedish,sv,mobiltelefoni_guider_problemlosning-och-felsokning_problem-med-mms_sony.html.json,1016,200.0,161.0,200.0,161.0
www.telenor.se,Swedish,sv,mobiltelefoni_guider_problemlosning-och-felsokning_problem-med-sms_iphone.html.json,967,179.0,162.0,179.0,162.0
www.telenor.se,Swedish,sv,mobiltelefoni_guider_problemlosning-och-felsokning_problem-med-sms_samsung.html.json,880,178.0,144.0,178.0,144.0
www.telenor.se,Swedish,sv,mobiltelefoni_guider_problemlosning-och-felsokning_valj-mobil_android_aktivera-internetdelning-hotspot.html.json,936,189.0,156.0,189.0,156.0
www.telenor.se,Swedish,sv,mobiltelefoni_guider_problemlosning-och-felsokning_valj-mobil_android_aterstall-hardvara.html.json,762,142.0,121.0,142.0,121.0
www.telenor.se,Swedish,sv,mobiltelefoni_guider_problemlosning-och-felsokning_valj-mobil_android_aterstall-natverk.html.json,696,125.0,106.0,125.0,106.0
www.telenor.se,Swedish,sv,mobiltelefoni_guider_problemlosning-och-felsokning_valj-mobil_android_sakerhetskopiera.html.json,1353,234.0,200.0,234.0,200.0
www.telenor.se,Swedish,sv,mobiltelefoni_guider_problemlosning-och-felsokning_valj-mobil_android_sok-natverk.html.json,780,145.0,123.0,145.0,123.0
www.telenor.se,Swedish,sv,mobiltelefoni_guider_problemlosning-och-felsokning_valj-mobil_iphone_aterstall-hardvara.html.json,867,162.0,134.0,162.0,134.0
www.telenor.se,Swedish,sv,mobiltelefoni_guider_problemlosning-och-felsokning_valj-mobil_iphone_aterstall-natverk.html.json,884,162.0,137.0,162.0,137.0
www.telenor.se,Swedish,sv,mobiltelefoni_guider_problemlosning-och-felsokning_valj-mobil_iphone_sakerhetskopiera.html.json,993,183.0,159.0,183.0,159.0
www.telenor.se,Swedish,sv,mobiltelefoni_guider_problemlosning-och-felsokning_valj-mobil_iphone_sok-natverk.html.json,560,114.0,94.0,114.0,94.0
www.telenor.se,Swedish,sv,mobiltelefoni_guider_sakerhet_valj-mobil_android_uppdatera-operativsystem.html.json,624,108.0,92.0,108.0,92.0
www.telenor.se,Swedish,sv,mobiltelefoni_guider_sakerhet_valj-mobil_iphone_uppdatera-operativsystemet.html.json,701,125.0,106.0,125.0,106.0
www.telenor.se,Swedish,sv,mobiltelefoni_guider_satt-i-ta-ut-sim-kort.html.json,273,53.0,50.0,53.0,50.0
www.telenor.se,Swedish,sv,mobiltelefoni_guider_tips-skydda-din-mobil.html.json,5631,1061.0,907.0,1061.0,907.0
www.telenor.se,Swedish,sv,mobiltelefoni_kontantkort.html.json,2491,428.0,375.0,428.0,375.0
www.telenor.se,Swedish,sv,mobiltelefoni_kontantkort_hantera-kontantkort_aktivera.html.json,500,93.0,81.0,93.0,81.0
www.telenor.se,Swedish,sv,mobiltelefoni_kontantkort_hantera-kontantkort_avsluta.html.json,591,106.0,98.0,106.0,98.0
www.telenor.se,Swedish,sv,mobiltelefoni_kontantkort_hantera-kontantkort_giltighetstid-kontantkortsladdning.html.json,910,164.0,148.0,164.0,148.0
www.telenor.se,Swedish,sv,mobiltelefoni_kontantkort_hantera-kontantkort_nummerflytt2.html.json,4946,908.0,831.0,908.0,831.0
www.telenor.se,Swedish,sv,mobiltelefoni_kontantkort_hantera-kontantkort_pin-kod.html.json,1448,281.0,249.0,281.0,249.0
www.telenor.se,Swedish,sv,mobiltelefoni_kontantkort_hantera-kontantkort_registrera-kontantkort.html.json,3068,559.0,485.0,559.0,485.0
www.telenor.se,Swedish,sv,mobiltelefoni_kontantkort_hantera-kontantkort_skaffa-nytt-simkort.html.json,393,65.0,60.0,65.0,60.0
www.telenor.se,Swedish,sv,mobiltelefoni_kontantkort_hantera-kontantkort_sparra.html.json,249,43.0,40.0,43.0,40.0
www.telenor.se,Swedish,sv,mobiltelefoni_kontantkort_ladda-och-saldo_avsluta-prenumeration.html.json,2491,428.0,375.0,428.0,375.0
www.telenor.se,Swedish,sv,mobiltelefoni_kontantkort_ladda-och-saldo_kolla-ditt-saldo.html.json,794,149.0,136.0,149.0,136.0
www.telenor.se,Swedish,sv,mobiltelefoni_kontantkort_ladda-och-saldo_ladda-kontantkort.html.json,2897,538.0,464.0,538.0,464.0
www.telenor.se,Swedish,sv,mobiltelefoni_kontantkort_ladda-och-saldo_ladda-kontantkort_olika-laddningar.html.json,609,103.0,96.0,103.0,96.0
www.telenor.se,Swedish,sv,mobiltelefoni_kontantkort_ladda-och-saldo_prenumerera-pa-laddning.html.json,1149,209.0,183.0,209.0,183.0
www.telenor.se,Swedish,sv,mobiltelefoni_kontantkort_skaffa-nytt-kontantkort_kontantkort-till-larm.html.json,1572,259.0,234.0,259.0,234.0
www.telenor.se,Swedish,sv,mobiltelefoni_kontantkort_utomlands_kontantkort-utomlands.html.json,703,142.0,126.0,142.0,126.0
www.telenor.se,Swedish,sv,mobiltelefoni_skada-och-forlust_borttappad-eller-stulen-mobil-surfplatta.html.json,1869,357.0,322.0,357.0,322.0
www.telenor.se,Swedish,sv,mobiltelefoni_skada-och-forlust_skadad-mobil.html.json,3526,660.0,595.0,660.0,595.0
www.telenor.se,Swedish,sv,mobiltelefoni_utomlands.html.json,2182,439.0,366.0,439.0,366.0
www.telenor.se,Swedish,sv,mobiltelefoni_utomlands_innan-och-under-resan.html.json,2464,512.0,435.0,512.0,435.0
www.telenor.se,Swedish,sv,mobiltelefoni_utomlands_innan-och-under-resan_bra-att-veta_sa-fungerar-rostbrevladan-utomlands.html.json,1785,302.0,262.0,302.0,262.0
www.telenor.se,Swedish,sv,mobiltelefoni_utomlands_innan-och-under-resan_innan-resan_automatisk-saldosparr-for-surf.html.json,4125,829.0,729.0,829.0,729.0
www.telenor.se,Swedish,sv,mobiltelefoni_utomlands_innan-och-under-resan_innan-resan_fa-utlandspriser-som-sms.html.json,1155,239.0,214.0,239.0,214.0
www.telenor.se,Swedish,sv,mobiltelefoni_utomlands_innan-och-under-resan_innan-resan_surfpaket-fast-pris-for-surfen.html.json,4627,986.0,838.0,986.0,838.0
www.telenor.se,Swedish,sv,mobiltelefoni_utomlands_innan-och-under-resan_under-resan_anvand-landsnummer-nar-du-ska-ringa.html.json,386,70.0,62.0,70.0,62.0
www.telenor.se,Swedish,sv,mobiltelefoni_utomlands_priser-fran-sverige-till-utlandet.html.json,230,35.0,33.0,35.0,33.0
www.telenor.se,Swedish,sv,mobiltelefoni_utomlands_priser-fran-sverige-till-utlandet_priser_priser-fran-sverige-till-utlandet-for-kontantkort.html.json,3554,720.0,641.0,720.0,641.0
www.telenor.se,Swedish,sv,mobiltelefoni_utomlands_priser-fran-sverige-till-utlandet_priser_priser-fran-sverige-till-utlandet.html.json,4774,862.0,699.0,862.0,699.0
www.telenor.se,Swedish,sv,mobiltelefoni_utomlands_satellitpriser.html.json,2856,611.0,510.0,611.0,510.0
www.telenor.se,Swedish,sv,mobiltelefoni_utomlands_surfanvandning-utomlands.html.json,3859,728.0,589.0,728.0,589.0
www.telenor.se,Swedish,sv,mobiltelefoni_utomlands_vad-ar-roaming.html.json,1723,333.0,289.0,333.0,289.0
www.telenor.se,Swedish,sv,old-kontakta-oss_skriv-till-oss.html.json,2279,412.0,356.0,412.0,356.0
www.telenor.se,Swedish,sv,om-du-ska-flytta.html.json,2173,409.0,380.0,409.0,380.0
www.telenor.se,Swedish,sv,overlatelse-av-abonnemang.html.json,210,36.0,33.0,36.0,33.0
www.telenor.se,Swedish,sv,portar.html.json,3530,653.0,584.0,653.0,584.0
www.telenor.se,Swedish,sv,priser-villkor-och-blanketter.html.json,680,120.0,108.0,120.0,108.0
www.telenor.se,Swedish,sv,priser-villkor-och-blanketter_fast-bredband-tv-telefoni_aldre-villkor_allmanna-och-sarskilda-villkor.html.json,1785,245.0,242.0,245.0,242.0
www.telenor.se,Swedish,sv,priser-villkor-och-blanketter_fast-bredband-tv-telefoni_aldre-villkor_prislistor.html.json,584,118.0,93.0,118.0,93.0
www.telenor.se,Swedish,sv,priser-villkor-och-blanketter_fast-bredband-tv-telefoni_overlatelse2_overlata-tv--eller-bredbands-abonnemang.html.json,2412,419.0,374.0,419.0,374.0
www.telenor.se,Swedish,sv,priser-villkor-och-blanketter_mobiltelefoni-och-mobilt-bredband.html.json,94,13.0,12.0,13.0,12.0
www.telenor.se,Swedish,sv,priser-villkor-och-blanketter_reklamation-angerratt-och-oppet-kop.html.json,5264,939.0,843.0,939.0,843.0
www.telenor.se,Swedish,sv,retur-av-utrustning.html.json,5173,983.0,884.0,983.0,884.0
www.telenor.se,Swedish,sv,tv-och-stream.html.json,2577,485.0,423.0,485.0,423.0
www.telenor.se,Swedish,sv,tv-och-stream_felmeddelande.html.json,363,64.0,58.0,64.0,58.0
www.telenor.se,Swedish,sv,tv-och-stream_felmeddelande_tv-via-fiber_byt-natverkskabel-fel-1.html.json,355,70.0,63.0,70.0,63.0
www.telenor.se,Swedish,sv,tv-och-stream_felmeddelande_tv-via-fiber_fel-1-inget-natverk-anslutet.html.json,395,75.0,65.0,75.0,65.0
www.telenor.se,Swedish,sv,tv-och-stream_felmeddelande_tv-via-fiber_fel-2-dhcp-servern-svarar-inte.html.json,371,71.0,62.0,71.0,62.0
www.telenor.se,Swedish,sv,tv-och-stream_felmeddelande_tv-via-fiber_fel-3-nedladdningen-av-mjukvaran-misslyckades.html.json,378,65.0,58.0,65.0,58.0
www.telenor.se,Swedish,sv,tv-och-stream_felmeddelande_tv-via-fiber_fel-4-mjukvaran-kunde-inte-startas.html.json,356,65.0,58.0,65.0,58.0
www.telenor.se,Swedish,sv,tv-och-stream_felmeddelande_tv-via-fiber_kolla-att-du-har-kopplat-ratt.html.json,160,26.0,24.0,26.0,24.0
www.telenor.se,Swedish,sv,tv-och-stream_felmeddelande_tv-via-fiber_rattighetersaknas.html.json,266,52.0,47.0,52.0,47.0
www.telenor.se,Swedish,sv,tv-och-stream_felmeddelande_tv-via-fiber_starta-om-fel-1.html.json,382,76.0,66.0,76.0,66.0
www.telenor.se,Swedish,sv,tv-och-stream_felmeddelande_tv-via-fiber_starta-om-fel-3.html.json,382,76.0,66.0,76.0,66.0
www.telenor.se,Swedish,sv,tv-och-stream_felmeddelande_tv-via-fiber_starta-om-fel-4.html.json,382,76.0,66.0,76.0,66.0
www.telenor.se,Swedish,sv,tv-och-stream_felmeddelande_tv-via-fiber_starta-om-tv-boxen.html.json,269,56.0,51.0,56.0,51.0
www.telenor.se,Swedish,sv,tv-och-stream_felmeddelande_tv-via-fiber_starta-om-tv-strom-saknas.html.json,382,76.0,66.0,76.0,66.0
www.telenor.se,Swedish,sv,tv-och-stream_felmeddelande_tv-via-fiber_starta-om.html.json,382,76.0,66.0,76.0,66.0
www.telenor.se,Swedish,sv,tv-och-stream_felmeddelande_tv-via-fiber_tv-strom-saknas.html.json,308,53.0,48.0,53.0,48.0
www.telenor.se,Swedish,sv,tv-och-stream_felmeddelande_tv-via-kabel_byt-antennkabel.html.json,494,104.0,95.0,104.0,95.0
www.telenor.se,Swedish,sv,tv-och-stream_felmeddelande_tv-via-kabel_fabriksaterstall-din-tv-box-ingen-atkomst.html.json,523,78.0,65.0,78.0,65.0
www.telenor.se,Swedish,sv,tv-och-stream_felmeddelande_tv-via-kabel_har-du-fatt-en-ny-tv-box-av-oss.html.json,126,30.0,27.0,30.0,27.0
www.telenor.se,Swedish,sv,tv-och-stream_felmeddelande_tv-via-kabel_har-du-haft-tv-i-flera-rum.html.json,188,44.0,41.0,44.0,41.0
www.telenor.se,Swedish,sv,tv-och-stream_felmeddelande_tv-via-kabel_har-du-kopplat-in-din-tv-box-for-forsta-gangen.html.json,188,41.0,37.0,41.0,37.0
www.telenor.se,Swedish,sv,tv-och-stream_felmeddelande_tv-via-kabel_ingen-atkomst.html.json,239,45.0,39.0,45.0,39.0
www.telenor.se,Swedish,sv,tv-och-stream_felmeddelande_tv-via-kabel_starta-om-tv-boxen.html.json,281,58.0,53.0,58.0,53.0
www.telenor.se,Swedish,sv,tv-och-stream_felmeddelande_tv-via-kabel_svag-eller-ingen-signal.html.json,435,80.0,71.0,80.0,71.0
www.telenor.se,Swedish,sv,tv-och-stream_guider-och-manualer.html.json,994,146.0,129.0,146.0,129.0
www.telenor.se,Swedish,sv,tv-och-stream_guider-och-manualer_tv-via-fiber_anvandarmanual-arris-tv-box.html.json,517,100.0,91.0,100.0,91.0
www.telenor.se,Swedish,sv,tv-och-stream_guider-och-manualer_tv-via-fiber_installera-tradlos-tv.html.json,681,131.0,121.0,131.0,121.0
www.telenor.se,Swedish,sv,tv-och-stream_guider-och-manualer_tv-via-fiber_installera-tradlos-tv_tradlos-tv-med-tva-wifi-forstarkare.html.json,954,157.0,144.0,157.0,144.0
www.telenor.se,Swedish,sv,tv-och-stream_guider-och-manualer_tv-via-fiber_installera-tradlos-tv_tradlos-tv-tv-bredband.html.json,826,135.0,122.0,135.0,122.0
www.telenor.se,Swedish,sv,tv-och-stream_guider-och-manualer_tv-via-fiber_para-ihop-en-ny-fjarrkontroll-med-tv-boxen.html.json,687,126.0,115.0,126.0,115.0
www.telenor.se,Swedish,sv,tv-och-stream_guider-och-manualer_tv-via-kabel_manual-for-kanalsokning-pa-adb-2840-och-adb-5720.html.json,318,52.0,48.0,52.0,48.0
www.telenor.se,Swedish,sv,tv-och-stream_guider-och-manualer_tv-via-kabel_manual-for-kanalsokning-pa-humax-cdig-2000cr-inspelningsbar.html.json,269,43.0,38.0,43.0,38.0
www.telenor.se,Swedish,sv,tv-och-stream_guider-och-manualer_tv-via-kabel_manual-for-kanalsokning-pa-philips-tv-med-tv-modul.html.json,574,109.0,97.0,109.0,97.0
www.telenor.se,Swedish,sv,tv-och-stream_guider-och-manualer_tv-via-kabel_manual-for-kanalsokning-pa-samsung-tv-med-tv-modul.html.json,996,178.0,162.0,178.0,162.0
www.telenor.se,Swedish,sv,tv-och-stream_guider-och-manualer_tv-via-kabel_manual-for-kanalsokning-pa-sony-tv-med-tv-modul.html.json,764,138.0,121.0,138.0,121.0
www.telenor.se,Swedish,sv,tv-och-stream_kom-igang.html.json,894,185.0,174.0,185.0,174.0
www.telenor.se,Swedish,sv,tv-och-stream_kom-igang_apple-tv.html.json,1809,349.0,316.0,349.0,316.0
www.telenor.se,Swedish,sv,tv-och-stream_kom-igang_box.html.json,445,81.0,73.0,81.0,73.0
www.telenor.se,Swedish,sv,tv-och-stream_kom-igang_box_humax-cdig-1000c-tv-box.html.json,4370,798.0,675.0,798.0,675.0
www.telenor.se,Swedish,sv,tv-och-stream_kom-igang_box_humax-cdig-2000cr.html.json,5105,903.0,781.0,903.0,781.0
www.telenor.se,Swedish,sv,tv-och-stream_kom-igang_box_telenor-mediahubb.html.json,2048,361.0,328.0,361.0,328.0
www.telenor.se,Swedish,sv,tv-och-stream_kom-igang_box_telenor-tv-hubb.html.json,5907,1117.0,989.0,1117.0,989.0
www.telenor.se,Swedish,sv,tv-och-stream_kom-igang_box_telenor-tv-hubb_sa-har-installerar-du-din-tv-hubb.html.json,2152,391.0,351.0,391.0,351.0
www.telenor.se,Swedish,sv,tv-och-stream_kom-igang_box_tv-boxen-arris.html.json,5376,957.0,855.0,957.0,855.0
www.telenor.se,Swedish,sv,tv-och-stream_kom-igang_chromecast.html.json,2063,405.0,361.0,405.0,361.0
www.telenor.se,Swedish,sv,tv-och-stream_kom-igang_dator.html.json,1756,338.0,299.0,338.0,299.0
www.telenor.se,Swedish,sv,tv-och-stream_kom-igang_mobil-eller-surfplatta.html.json,2366,465.0,408.0,465.0,408.0
www.telenor.se,Swedish,sv,tv-och-stream_kom-igang_smart-tv.html.json,3690,716.0,624.0,716.0,624.0
www.telenor.se,Swedish,sv,tv-och-stream_problemlosning_telenor-mediahub_bilden-fryser.html.json,236,42.0,36.0,42.0,36.0
www.telenor.se,Swedish,sv,tv-och-stream_problemlosning_telenor-mediahub_dalig-bildkvalitet-pa-vissa-kanaler.html.json,470,84.0,81.0,84.0,81.0
www.telenor.se,Swedish,sv,tv-och-stream_problemlosning_telenor-mediahub_fel-lokala-nyheter-vader-visas.html.json,437,83.0,76.0,83.0,76.0
www.telenor.se,Swedish,sv,tv-och-stream_problemlosning_telenor-mediahub_fel-lokala-nyheter-visas.html.json,482,88.0,84.0,88.0,84.0
www.telenor.se,Swedish,sv,tv-och-stream_problemlosning_telenor-mediahub_fordrojning-av-direktsand-tv.html.json,492,90.0,85.0,90.0,85.0
www.telenor.se,Swedish,sv,tv-och-stream_problemlosning_telenor-mediahub_text-tv-fungerar-inte.html.json,416,75.0,73.0,75.0,73.0
www.telenor.se,Swedish,sv,tv-och-stream_problemlosning_telenor-mediahub_volymknapparna-fungerar-inte.html.json,248,38.0,35.0,38.0,35.0
www.telenor.se,Swedish,sv,tv-och-stream_problemlosning_telenor-stream_buffrar.html.json,2129,393.0,350.0,393.0,350.0
www.telenor.se,Swedish,sv,tv-och-stream_problemlosning_telenor-stream_jag-kan-inte-logga-in-vad-gor-jag.html.json,465,89.0,77.0,89.0,77.0
www.telenor.se,Swedish,sv,tv-och-stream_problemlosning_telenor-stream_problem-med-telenor-stream-appen-for-samsung-smarttv.html.json,1178,207.0,192.0,207.0,192.0
www.telenor.se,Swedish,sv,tv-och-stream_problemlosning_telenor-stream_varfor-kan-jag-inte-streama-till-min-dator.html.json,632,114.0,100.0,114.0,100.0
www.telenor.se,Swedish,sv,tv-och-stream_problemlosning_tv-hubb_dalig-bild-eller-ljud.html.json,672,127.0,108.0,127.0,108.0
www.telenor.se,Swedish,sv,tv-och-stream_problemlosning_tv-hubb_fel-lokala-nyheter-vader-visas.html.json,437,83.0,76.0,83.0,76.0
www.telenor.se,Swedish,sv,tv-och-stream_problemlosning_tv-hubb_fjarrkontrollen-fungerar-ej.html.json,234,41.0,37.0,41.0,37.0
www.telenor.se,Swedish,sv,tv-och-stream_problemlosning_tv-hubb_kan-ej-spola-eller-pausa-i-tidigare-sanda-program.html.json,525,110.0,99.0,110.0,99.0
www.telenor.se,Swedish,sv,tv-och-stream_problemlosning_tv-hubb_osynkat-ljud-och-bild.html.json,205,29.0,24.0,29.0,24.0
www.telenor.se,Swedish,sv,tv-och-stream_problemlosning_tv-hubb_problem-med-ljudet.html.json,77,16.0,14.0,16.0,14.0
www.telenor.se,Swedish,sv,tv-och-stream_problemlosning_tv-via-fiber_bilden-ar-fryst-eller-hackar.html.json,259,45.0,41.0,45.0,41.0
www.telenor.se,Swedish,sv,tv-och-stream_problemlosning_tv-via-fiber_byt-hdmi-kabel-ingen-bild.html.json,285,60.0,54.0,60.0,54.0
www.telenor.se,Swedish,sv,tv-och-stream_problemlosning_tv-via-fiber_byt-hdmi-kabel.html.json,285,60.0,54.0,60.0,54.0
www.telenor.se,Swedish,sv,tv-och-stream_problemlosning_tv-via-fiber_byt-hdmi-uttag-ingen-bild.html.json,141,26.0,24.0,26.0,24.0
www.telenor.se,Swedish,sv,tv-och-stream_problemlosning_tv-via-fiber_byt-natverkskabel.html.json,355,70.0,63.0,70.0,63.0
www.telenor.se,Swedish,sv,tv-och-stream_problemlosning_tv-via-fiber_dalig-bild-eller-daligt-ljud.html.json,286,55.0,50.0,55.0,50.0
www.telenor.se,Swedish,sv,tv-och-stream_problemlosning_tv-via-fiber_har-du-kopplat-din-tv-box-via-en-hemmabioanlaggning.html.json,353,64.0,58.0,64.0,58.0
www.telenor.se,Swedish,sv,tv-och-stream_problemlosning_tv-via-fiber_har-du-tv-i-flera-rum.html.json,335,69.0,63.0,69.0,63.0
www.telenor.se,Swedish,sv,tv-och-stream_problemlosning_tv-via-fiber_ingen-bild-alls.html.json,195,35.0,33.0,35.0,33.0
www.telenor.se,Swedish,sv,tv-och-stream_problemlosning_tv-via-fiber_inget-ljud-alls.html.json,302,57.0,53.0,57.0,53.0
www.telenor.se,Swedish,sv,tv-och-stream_problemlosning_tv-via-fiber_kanaler-saknas.html.json,156,29.0,27.0,29.0,27.0
www.telenor.se,Swedish,sv,tv-och-stream_problemlosning_tv-via-fiber_kolla-att-din-tv-box-ar-paslagen.html.json,127,29.0,26.0,29.0,26.0
www.telenor.se,Swedish,sv,tv-och-stream_problemlosning_tv-via-fiber_kolla-hdmi-kabeln.html.json,205,39.0,34.0,39.0,34.0
www.telenor.se,Swedish,sv,tv-och-stream_problemlosning_tv-via-fiber_kolla-inkopplingen.html.json,250,43.0,39.0,43.0,39.0
www.telenor.se,Swedish,sv,tv-och-stream_problemlosning_tv-via-fiber_kolla-kanallistan.html.json,192,35.0,33.0,35.0,33.0
www.telenor.se,Swedish,sv,tv-och-stream_problemlosning_tv-via-fiber_kolla-ljudinstallningarna-i-din-tv-box.html.json,296,49.0,42.0,49.0,42.0
www.telenor.se,Swedish,sv,tv-och-stream_problemlosning_tv-via-fiber_problem-fjarrkontrollens-volymknapp.html.json,237,39.0,36.0,39.0,36.0
www.telenor.se,Swedish,sv,tv-och-stream_problemlosning_tv-via-fiber_prova-med-en-scartkabel.html.json,169,30.0,28.0,30.0,28.0
www.telenor.se,Swedish,sv,tv-och-stream_problemlosning_tv-via-fiber_starta-om.html.json,382,76.0,66.0,76.0,66.0
www.telenor.se,Swedish,sv,tv-och-stream_problemlosning_tv-via-fiber_tryck-ned-knappen.html.json,144,26.0,23.0,26.0,23.0
www.telenor.se,Swedish,sv,tv-och-stream_problemlosning_tv-via-fiber_tv-boxen-startar-inte.html.json,99,19.0,18.0,19.0,18.0
www.telenor.se,Swedish,sv,tv-och-stream_problemlosning_tv-via-kabel_bestall-en-ny-fjarrkontroll.html.json,225,41.0,37.0,41.0,37.0
www.telenor.se,Swedish,sv,tv-och-stream_problemlosning_tv-via-kabel_bilden-ar-fryst-eller-hackar.html.json,376,71.0,63.0,71.0,63.0
www.telenor.se,Swedish,sv,tv-och-stream_problemlosning_tv-via-kabel_byt-antennkabel-bilden-fryst.html.json,525,112.0,101.0,112.0,101.0
www.telenor.se,Swedish,sv,tv-och-stream_problemlosning_tv-via-kabel_byt-antennkabel.html.json,483,101.0,92.0,101.0,92.0
www.telenor.se,Swedish,sv,tv-och-stream_problemlosning_tv-via-kabel_byt-hdmi-kabel.html.json,285,60.0,54.0,60.0,54.0
www.telenor.se,Swedish,sv,tv-och-stream_problemlosning_tv-via-kabel_byt-hdmi-uttag-inget-ljud.html.json,141,26.0,24.0,26.0,24.0
www.telenor.se,Swedish,sv,tv-och-stream_problemlosning_tv-via-kabel_byt-hdmi-uttag.html.json,141,26.0,24.0,26.0,24.0
www.telenor.se,Swedish,sv,tv-och-stream_problemlosning_tv-via-kabel_byt-kanallista.html.json,284,47.0,45.0,47.0,45.0
www.telenor.se,Swedish,sv,tv-och-stream_problemlosning_tv-via-kabel_daligt-ljud-och-dalig-bild.html.json,391,77.0,69.0,77.0,69.0
www.telenor.se,Swedish,sv,tv-och-stream_problemlosning_tv-via-kabel_det-kan-vara-fel-pa-din-antennkabel.html.json,465,98.0,90.0,98.0,90.0
www.telenor.se,Swedish,sv,tv-och-stream_problemlosning_tv-via-kabel_det-kan-vara-fel-pa-din-fjarrkontroll.html.json,88,15.0,15.0,15.0,15.0
www.telenor.se,Swedish,sv,tv-och-stream_problemlosning_tv-via-kabel_fabriksaterstall-din-tv-box-inget-ljud.html.json,523,78.0,65.0,78.0,65.0
www.telenor.se,Swedish,sv,tv-och-stream_problemlosning_tv-via-kabel_fabriksaterstall-din-tv-box-standby.html.json,523,78.0,65.0,78.0,65.0
www.telenor.se,Swedish,sv,tv-och-stream_problemlosning_tv-via-kabel_fabriksaterstall-din-tv-box.html.json,523,78.0,65.0,78.0,65.0
www.telenor.se,Swedish,sv,tv-och-stream_problemlosning_tv-via-kabel_gor-en-kanalsokning.html.json,548,97.0,89.0,97.0,89.0
www.telenor.se,Swedish,sv,tv-och-stream_problemlosning_tv-via-kabel_har-du-kopplat-din-tv-box-via-en-hemmabioanlaggning.html.json,353,64.0,58.0,64.0,58.0
www.telenor.se,Swedish,sv,tv-och-stream_problemlosning_tv-via-kabel_har-du-tv-i-flera-rum.html.json,319,68.0,61.0,68.0,61.0
www.telenor.se,Swedish,sv,tv-och-stream_problemlosning_tv-via-kabel_ingen-bild-alls.html.json,281,53.0,48.0,53.0,48.0
www.telenor.se,Swedish,sv,tv-och-stream_problemlosning_tv-via-kabel_ingen-signal-till-tvn.html.json,347,64.0,53.0,64.0,53.0
www.telenor.se,Swedish,sv,tv-och-stream_problemlosning_tv-via-kabel_inget-hander-nar-jag-trycker-pa-fjarrkontrollens-knappar.html.json,359,67.0,56.0,67.0,56.0
www.telenor.se,Swedish,sv,tv-och-stream_problemlosning_tv-via-kabel_inget-ljud.html.json,297,56.0,52.0,56.0,52.0
www.telenor.se,Swedish,sv,tv-och-stream_problemlosning_tv-via-kabel_inspelningen-startar-inte-nar-jag-trycker-pa-rec.html.json,357,60.0,54.0,60.0,54.0
www.telenor.se,Swedish,sv,tv-och-stream_problemlosning_tv-via-kabel_jag-kan-inte-byta-kanal-samtidigt-som-jag-spelar-in-program.html.json,245,51.0,47.0,51.0,47.0
www.telenor.se,Swedish,sv,tv-och-stream_problemlosning_tv-via-kabel_kanaler-saknas.html.json,393,72.0,68.0,72.0,68.0
www.telenor.se,Swedish,sv,tv-och-stream_problemlosning_tv-via-kabel_kolla-att-din-tv-box-ar-paslagen.html.json,131,28.0,26.0,28.0,26.0
www.telenor.se,Swedish,sv,tv-och-stream_problemlosning_tv-via-kabel_kolla-hdmi-kabeln.html.json,205,39.0,34.0,39.0,34.0
www.telenor.se,Swedish,sv,tv-och-stream_problemlosning_tv-via-kabel_kolla-ljudinstallningarna-i-din-tv-box.html.json,465,82.0,76.0,82.0,76.0
www.telenor.se,Swedish,sv,tv-och-stream_problemlosning_tv-via-kabel_kolla-om-det-ar-en-driftstorning-bilden-fryst.html.json,317,61.0,55.0,61.0,55.0
www.telenor.se,Swedish,sv,tv-och-stream_problemlosning_tv-via-kabel_kolla-om-det-ar-en-driftstorning.html.json,317,61.0,55.0,61.0,55.0
www.telenor.se,Swedish,sv,tv-och-stream_problemlosning_tv-via-kabel_kolla-vilket-hdmi-uttag-som-anvands.html.json,201,34.0,32.0,34.0,32.0
www.telenor.se,Swedish,sv,tv-och-stream_problemlosning_tv-via-kabel_para-ihop-tv-boxen-med-fjarrkontrollen-pa-nytt.html.json,314,59.0,53.0,59.0,53.0
www.telenor.se,Swedish,sv,tv-och-stream_problemlosning_tv-via-kabel_tv-boxen-gar-i-standbylage.html.json,1070,175.0,165.0,175.0,165.0
www.telenor.se,Swedish,sv,tv-och-stream_problemlosning_tv-via-kabel_tv-boxen-startar-inte.html.json,157,30.0,27.0,30.0,27.0
www.telenor.se,Swedish,sv,vanliga-fragor_3g_varfor-slacks-3g-natet.html.json,479,90.0,82.0,90.0,82.0
www.telenor.se,Swedish,sv,vanliga-fragor_abonnemang_var-hittar-jag-mitt-kundnummer.html.json,187,36.0,30.0,36.0,30.0
www.telenor.se,Swedish,sv,vanliga-fragor_bredband_jag-har-problem-med-att-aktivera-mitt-bredband.html.json,1110,196.0,175.0,196.0,175.0
www.telenor.se,Swedish,sv,vanliga-fragor_bredband_nar-kan-jag-borja-anvanda-bredbandstjansten-jag-har-bestallt.html.json,306,60.0,55.0,60.0,55.0
www.telenor.se,Swedish,sv,vanliga-fragor_bredband_vad-ar-en-patchpanel.html.json,399,78.0,69.0,78.0,69.0
www.telenor.se,Swedish,sv,vanliga-fragor_e-sim_vilka-enheter-har-stod-for-e-sim.html.json,256,51.0,45.0,51.0,45.0
www.telenor.se,Swedish,sv,vanliga-fragor_faktura_hur-gor-jag-for-att-skaffa-autogiroe-faktura-om-jag-inte-har-bankid.html.json,512,93.0,85.0,93.0,85.0
www.telenor.se,Swedish,sv,vanliga-fragor_faktura_vad-ar-trygg-48.html.json,915,182.0,161.0,182.0,161.0
www.telenor.se,Swedish,sv,vanliga-fragor_faktura_varfor-far-jag-en-faktura-fast-jag-sagt-upp-mitt-abonnemang.html.json,721,131.0,119.0,131.0,119.0
www.telenor.se,Swedish,sv,vanliga-fragor_faktura_varfor-har-fakturan-ett-annat-belopp-an-jag-forvantade-mig.html.json,388,71.0,65.0,71.0,65.0
www.telenor.se,Swedish,sv,vanliga-fragor_felsokning_min-iphone-visar-fel-nummer.-vad-ska-jag-gora.html.json,1076,199.0,181.0,199.0,181.0
www.telenor.se,Swedish,sv,vanliga-fragor_how-do-i-register-a-prepaid-card-if-i-dont-have-a-swedish-social-security-number.html.json,651,111.0,97.0,111.0,97.0
www.telenor.se,Swedish,sv,vanliga-fragor_kontantkort_vad-ar-rorligt-saldo.html.json,808,159.0,141.0,159.0,141.0
www.telenor.se,Swedish,sv,vanliga-fragor_kop-och-forlangning_nar-far-jag-min-leverans.html.json,1533,272.0,243.0,272.0,243.0
www.telenor.se,Swedish,sv,vanliga-fragor_min-mobil-surfplatta_var-hittar-jag-imei-numret.html.json,355,76.0,63.0,76.0,63.0
www.telenor.se,Swedish,sv,vanliga-fragor_port.html.json,3530,653.0,584.0,653.0,584.0
www.telenor.se,Swedish,sv,vanliga-fragor_port_vad-ar-en-tjanstefordelare.html.json,371,63.0,57.0,63.0,57.0
www.telenor.se,Swedish,sv,vanliga-fragor_skada-och-forlust_hur-sager-jag-upp-forsakringen-trygg-48.html.json,494,92.0,78.0,92.0,78.0
www.telenor.se,Swedish,sv,vanliga-fragor_skada-och-forlust_vad-ska-jag-gora-om-det-hander-nagot-med-min-mobil-utomlands.html.json,711,139.0,127.0,139.0,127.0
www.telenor.se,Swedish,sv,vanliga-fragor_utomlands_jag-kan-inte-ringa-utomlands.-vad-gor-jag.html.json,777,173.0,145.0,173.0,145.0
www.telenor.se,Swedish,sv,vanliga-fragor_wifi_vad-betyder-fargerna-pa-wifi-forstarkarens-lampa.html.json,722,129.0,109.0,129.0,109.0
