domain,language,file,cat_orig_en,score_orig_en,cat_orig,score_orig,cat_trans,score_trans
www.dna.fi,Finnish,-WiFi.html.json,"Routers, modems & network hardware",0.7878474,"Routers, modems & network hardware",0.8308477997779846,"Routers, modems & network hardware",0.83400387
www.dna.fi,Finnish,-alykellot_apple-watch.html.json,SIM & eSIM,0.78213775,SIM & eSIM,0.8122578859329224,SIM & eSIM,0.80486465
www.dna.fi,Finnish,-alykellot_samsung-galaxy-watch.html.json,SIM & eSIM,0.7701467,Mobile devices,0.8072376251220703,SIM & eSIM,0.8194777
www.dna.fi,Finnish,-modeemit.html.json,"Routers, modems & network hardware",0.7921848,"Routers, modems & network hardware",0.8591227531433105,"Routers, modems & network hardware",0.81371176
www.dna.fi,Finnish,-mokkulat.html.json,"Routers, modems & network hardware",0.7921945,"Routers, modems & network hardware",0.8228332996368408,"Routers, modems & network hardware",0.8185612
www.dna.fi,Finnish,-nettiostaminen_tilaaminen.html.json,SIM & eSIM,0.7610705,Other,0.8069651126861572,Billing & payment,0.79765546
www.dna.fi,Finnish,-puhelinliittymat_esim.html.json,SIM & eSIM,0.822761,SIM & eSIM,0.8695515394210815,SIM & eSIM,0.8565532
www.dna.fi,Finnish,asiakkuus.html.json,Account & login,0.78803194,SIM & eSIM,0.8214700222015381,Mobile subscriptions & services,0.81352
www.dna.fi,Finnish,asiakkuus_kirjautuminen.html.json,Account & login,0.77399796,Account & login,0.8215874433517456,Account & login,0.8124185
www.dna.fi,Finnish,asiakkuus_laskutus.html.json,Billing & payment,0.77902436,Billing & payment,0.821877658367157,Billing & payment,0.840404
www.dna.fi,Finnish,asiakkuus_laskutus_e-lasku.html.json,SIM & eSIM,0.75839394,Billing & payment,0.8040608167648315,Billing & payment,0.845693
www.dna.fi,Finnish,asiakkuus_nettiostaminen.html.json,Billing & payment,0.7733888,Other,0.8071058988571167,"Routers, modems & network hardware",0.81289554
www.dna.fi,Finnish,asiakkuus_nettiostaminen_click-collect.html.json,Billing & payment,0.75774866,Billing & payment,0.8000496625900269,Billing & payment,0.7982427
www.dna.fi,Finnish,asiakkuus_nettiostaminen_maksutavat.html.json,Billing & payment,0.76974416,Billing & payment,0.80380779504776,Billing & payment,0.8131784
www.dna.fi,Finnish,asiakkuus_nettiostaminen_palautus-ja-takuu.html.json,Mobile devices,0.7776332,Mobile devices,0.8330379128456116,Mobile devices,0.8218068
www.dna.fi,Finnish,asiakkuus_nettiostaminen_tilaaminen.html.json,SIM & eSIM,0.7610705,Other,0.8069651126861572,Billing & payment,0.79765534
www.dna.fi,Finnish,asiakkuus_nettiostaminen_toimitus.html.json,TV & streaming,0.770028,TV & streaming,0.8073595762252808,TV & streaming,0.7978297
www.dna.fi,Finnish,asiakkuus_oma-dna-sovellus.html.json,Account & login,0.7892449,Account & login,0.8193378448486328,Account & login,0.81682634
www.dna.fi,Finnish,asiakkuus_valtakirjat.html.json,Account & login,0.7431276,Other,0.7944884300231934,Account & login,0.7837931
www.dna.fi,Finnish,dnatv_suoratoistopalvelut_cmore.html.json,TV & streaming,0.75991136,TV & streaming,0.8122009634971619,TV & streaming,0.8172686
www.dna.fi,Finnish,dnatv_suoratoistopalvelut_viihdekirjasto.html.json,TV & streaming,0.75487316,TV & streaming,0.7973023653030396,TV & streaming,0.8145311
www.dna.fi,Finnish,index.html.json,SIM & eSIM,0.816784,SIM & eSIM,0.8450431227684021,Network & coverage,0.83991134
www.dna.fi,Finnish,kuuluvuus-ja-verkot_3g.html.json,Network & coverage,0.78279436,Network & coverage,0.8225334882736206,Network & coverage,0.8284944
www.dna.fi,Finnish,kuuluvuus-ja-verkot_4g-verkko.html.json,Network & coverage,0.80165577,Network & coverage,0.8647717237472534,Network & coverage,0.8309164
www.dna.fi,Finnish,kuuluvuus-ja-verkot_5g-verkko.html.json,Network & coverage,0.7970231,Network & coverage,0.8507463932037354,Network & coverage,0.8449527
www.dna.fi,Finnish,laitteet.html.json,"Routers, modems & network hardware",0.823709,"Routers, modems & network hardware",0.8554352521896362,"Routers, modems & network hardware",0.83704734
www.dna.fi,Finnish,laitteet_alykellot.html.json,Mobile devices,0.77683604,Mobile devices,0.8250429034233093,Mobile devices,0.8133993
www.dna.fi,Finnish,laitteet_alykellot_apple-watch.html.json,SIM & eSIM,0.78213775,SIM & eSIM,0.8122579455375671,SIM & eSIM,0.80799836
www.dna.fi,Finnish,laitteet_alykellot_huawei-watch.html.json,SIM & eSIM,0.783175,SIM & eSIM,0.821475625038147,SIM & eSIM,0.8106407
www.dna.fi,Finnish,laitteet_alykellot_samsung-galaxy-watch.html.json,SIM & eSIM,0.7701467,Mobile devices,0.8072376251220703,SIM & eSIM,0.81663245
www.dna.fi,Finnish,laitteet_modeemit.html.json,"Routers, modems & network hardware",0.7921848,"Routers, modems & network hardware",0.8591227531433105,"Routers, modems & network hardware",0.81371176
www.dna.fi,Finnish,laitteet_modeemit_dna-valokuitu-plus-premium-modeemi-ubc1303.html.json,"Routers, modems & network hardware",0.7971833,"Routers, modems & network hardware",0.8427700996398926,"Routers, modems & network hardware",0.81466967
www.dna.fi,Finnish,laitteet_modeemit_dna-valokuitu-plus-premium-modeemi-ubc1303_asetukset.html.json,"Routers, modems & network hardware",0.7906413,"Routers, modems & network hardware",0.8514424562454224,"Routers, modems & network hardware",0.81446004
www.dna.fi,Finnish,laitteet_modeemit_dna-valokuitu-plus-premium-modeemi-ubc1303_kayttoonotto.html.json,"Routers, modems & network hardware",0.78868914,"Routers, modems & network hardware",0.8550337553024292,"Routers, modems & network hardware",0.8287008
www.dna.fi,Finnish,laitteet_modeemit_dna-valokuitu-plus-premium-modeemi-ubc1303_tpaivitykset.html.json,"Routers, modems & network hardware",0.7820893,"Routers, modems & network hardware",0.8354664444923401,"Routers, modems & network hardware",0.8236748
www.dna.fi,Finnish,laitteet_modeemit_ethernet_dna-ethernet-wifi-6-k562.html.json,"Routers, modems & network hardware",0.7955203,"Routers, modems & network hardware",0.836973249912262,"Routers, modems & network hardware",0.8315
www.dna.fi,Finnish,laitteet_modeemit_ethernet_dna-ethernet-wifi-6-k562_asetukset.html.json,"Routers, modems & network hardware",0.8020548,"Routers, modems & network hardware",0.8426408767700195,"Routers, modems & network hardware",0.83248174
www.dna.fi,Finnish,laitteet_modeemit_ethernet_dna-ethernet-wifi-6-k562_ominaisuudet.html.json,"Routers, modems & network hardware",0.78821474,"Routers, modems & network hardware",0.8316388130187988,"Routers, modems & network hardware",0.80646914
www.dna.fi,Finnish,laitteet_modeemit_ethernet_dna-ethernet-wifi-6-k562_paivitykset.html.json,"Routers, modems & network hardware",0.7929176,"Routers, modems & network hardware",0.8337922096252441,"Routers, modems & network hardware",0.8205872
www.dna.fi,Finnish,laitteet_modeemit_ethernet_dna-ethernet-wifi-6-k562_vianmaaritys.html.json,"Routers, modems & network hardware",0.78901726,"Routers, modems & network hardware",0.8330326080322266,"Routers, modems & network hardware",0.82519865
www.dna.fi,Finnish,laitteet_modeemit_ethernet_dna-ethernet-wifi6-plus-f5670.html.json,"Routers, modems & network hardware",0.7886129,"Routers, modems & network hardware",0.8353856801986694,"Routers, modems & network hardware",0.8289339
www.dna.fi,Finnish,laitteet_modeemit_ethernet_dna-ethernet-wifi6-plus-f5670_ominaisuudet.html.json,"Routers, modems & network hardware",0.7910603,"Routers, modems & network hardware",0.8322280645370483,"Routers, modems & network hardware",0.8162639
www.dna.fi,Finnish,laitteet_modeemit_ethernet_dna-ethernet-wifi6-plus-f5670_paivitykset.html.json,"Routers, modems & network hardware",0.7884233,"Routers, modems & network hardware",0.8275541067123413,"Routers, modems & network hardware",0.82815045
www.dna.fi,Finnish,laitteet_modeemit_ethernet_dna-ethernet-wifi6-plus-f5670_vianmaaritys.html.json,"Routers, modems & network hardware",0.78135836,"Routers, modems & network hardware",0.8388683795928955,"Routers, modems & network hardware",0.82365084
www.dna.fi,Finnish,laitteet_modeemit_ethernet_dna-kytkin-tl-sg-108.html.json,"Routers, modems & network hardware",0.7958938,"Routers, modems & network hardware",0.8373273611068726,"Routers, modems & network hardware",0.82640123
www.dna.fi,Finnish,laitteet_modeemit_ethernet_dna-kytkin-tl-sg-108_kayttoonotto.html.json,"Routers, modems & network hardware",0.79250455,"Routers, modems & network hardware",0.8531887531280518,"Routers, modems & network hardware",0.8224845
www.dna.fi,Finnish,laitteet_modeemit_ethernet_dna-kytkin-tl-sg-108_ominaisuudet.html.json,"Routers, modems & network hardware",0.7757175,"Routers, modems & network hardware",0.8073098659515381,"Routers, modems & network hardware",0.82018185
www.dna.fi,Finnish,laitteet_modeemit_ethernet_dna-mesh-f-266.html.json,"Routers, modems & network hardware",0.7968718,"Routers, modems & network hardware",0.8418377637863159,"Routers, modems & network hardware",0.83805
www.dna.fi,Finnish,laitteet_modeemit_ethernet_dna-mesh-f-266_ominaisuudet.html.json,"Routers, modems & network hardware",0.7895626,"Routers, modems & network hardware",0.8332808613777161,"Routers, modems & network hardware",0.8188989
www.dna.fi,Finnish,laitteet_modeemit_ethernet_dna-mesh-f-266_paivitykset.html.json,"Routers, modems & network hardware",0.7905059,"Routers, modems & network hardware",0.8303064107894897,"Routers, modems & network hardware",0.8345282
www.dna.fi,Finnish,laitteet_modeemit_ethernet_dna-mesh-f-266_vianmaaritys.html.json,"Routers, modems & network hardware",0.7866689,"Routers, modems & network hardware",0.843092143535614,"Routers, modems & network hardware",0.8267264
www.dna.fi,Finnish,laitteet_modeemit_ethernet_dna-mesh-wifi-wa8021v5.html.json,"Routers, modems & network hardware",0.8072454,"Routers, modems & network hardware",0.8537802696228027,"Routers, modems & network hardware",0.8268087
www.dna.fi,Finnish,laitteet_modeemit_ethernet_dna-mesh-wifi-wa8021v5_kayttoonotto.html.json,"Routers, modems & network hardware",0.78935814,"Routers, modems & network hardware",0.8478906750679016,"Routers, modems & network hardware",0.81789964
www.dna.fi,Finnish,laitteet_modeemit_ethernet_dna-mesh-wifi-wa8021v5_ominaisuudet.html.json,"Routers, modems & network hardware",0.7866666,"Routers, modems & network hardware",0.8319642543792725,"Routers, modems & network hardware",0.8169234
www.dna.fi,Finnish,laitteet_modeemit_ethernet_dna-mesh-wifi-wa8021v5_paivitykset.html.json,"Routers, modems & network hardware",0.7794697,"Routers, modems & network hardware",0.8203229308128357,"Routers, modems & network hardware",0.8254051
www.dna.fi,Finnish,laitteet_modeemit_ethernet_dna-mesh-wifi-wa8021v5_vianmaaritys.html.json,"Routers, modems & network hardware",0.78699636,"Routers, modems & network hardware",0.8417196273803711,"Routers, modems & network hardware",0.8276188
www.dna.fi,Finnish,laitteet_modeemit_ethernet_dna-mesh-wifi-wa8021v5_wa8021v5_asetukset.html.json,"Routers, modems & network hardware",0.79978347,"Routers, modems & network hardware",0.8425606489181519,"Routers, modems & network hardware",0.83165455
www.dna.fi,Finnish,laitteet_modeemit_ethernet_dna-valokuitu-plus-ethernet-dg200ac.html.json,"Routers, modems & network hardware",0.806144,"Routers, modems & network hardware",0.8575171232223511,"Routers, modems & network hardware",0.82627916
www.dna.fi,Finnish,laitteet_modeemit_ethernet_dna-valokuitu-plus-ethernet-dg200ac_ominaisuudet.html.json,"Routers, modems & network hardware",0.79063046,"Routers, modems & network hardware",0.8270829916000366,"Routers, modems & network hardware",0.8244399
www.dna.fi,Finnish,laitteet_modeemit_ethernet_dna-valokuitu-plus-ethernet-dg200ac_paivitykset.html.json,"Routers, modems & network hardware",0.79365313,"Routers, modems & network hardware",0.8343433141708374,"Routers, modems & network hardware",0.8327434
www.dna.fi,Finnish,laitteet_modeemit_ethernet_dna-valokuitu-plus-ethernet-ex400.html.json,"Routers, modems & network hardware",0.81484795,"Routers, modems & network hardware",0.861385703086853,"Routers, modems & network hardware",0.8323424
www.dna.fi,Finnish,laitteet_modeemit_ethernet_dna-valokuitu-plus-ethernet-ex400_kayttoonotto.html.json,"Routers, modems & network hardware",0.78681344,"Routers, modems & network hardware",0.8452043533325195,"Routers, modems & network hardware",0.83069324
www.dna.fi,Finnish,laitteet_modeemit_ethernet_dna-valokuitu-plus-ethernet-ex400_ominaisuudet.html.json,"Routers, modems & network hardware",0.79549086,"Routers, modems & network hardware",0.8314253091812134,"Routers, modems & network hardware",0.8248917
www.dna.fi,Finnish,laitteet_modeemit_ethernet_dna-valokuitu-plus-ethernet-ex400_paivitykset.html.json,"Routers, modems & network hardware",0.789716,"Routers, modems & network hardware",0.8333594799041748,"Routers, modems & network hardware",0.8258813
www.dna.fi,Finnish,laitteet_modeemit_ethernet_dna-xdsl-ed500a.html.json,"Routers, modems & network hardware",0.80133545,"Routers, modems & network hardware",0.8480812311172485,"Routers, modems & network hardware",0.82144153
www.dna.fi,Finnish,laitteet_modeemit_ethernet_dna-xdsl-ed500a_ominaisuudet.html.json,"Routers, modems & network hardware",0.78776395,"Routers, modems & network hardware",0.8227564096450806,"Routers, modems & network hardware",0.8194554
www.dna.fi,Finnish,laitteet_modeemit_ethernet_dna-xdsl-ed500a_paivitykset.html.json,"Routers, modems & network hardware",0.78738743,"Routers, modems & network hardware",0.8359361886978149,"Routers, modems & network hardware",0.828577
www.dna.fi,Finnish,laitteet_modeemit_ethernet_dna-xdsl-ed500a_vianselvitys.html.json,"Routers, modems & network hardware",0.78597766,"Routers, modems & network hardware",0.8419844508171082,"Routers, modems & network hardware",0.8214841
www.dna.fi,Finnish,laitteet_modeemit_ethernet_google-wifi-mesh.html.json,"Routers, modems & network hardware",0.7784232,"Routers, modems & network hardware",0.8317662477493286,"Routers, modems & network hardware",0.8299209
www.dna.fi,Finnish,laitteet_modeemit_ethernet_google-wifi-mesh_kayttoonotto.html.json,"Routers, modems & network hardware",0.76714975,"Routers, modems & network hardware",0.8228644132614136,"Routers, modems & network hardware",0.80761504
www.dna.fi,Finnish,laitteet_modeemit_ethernet_google-wifi-mesh_ominaisuudet.html.json,"Routers, modems & network hardware",0.76607794,"Routers, modems & network hardware",0.8181263208389282,"Routers, modems & network hardware",0.8235058
www.dna.fi,Finnish,laitteet_modeemit_ethernet_google-wifi-mesh_tuki-ja-ongelmatilanteet.html.json,Network & coverage,0.77711767,Network & coverage,0.8188558220863342,"Routers, modems & network hardware",0.8114182
www.dna.fi,Finnish,laitteet_modeemit_ftth.html.json,"Routers, modems & network hardware",0.7958663,"Routers, modems & network hardware",0.8454135060310364,"Routers, modems & network hardware",0.8248556
www.dna.fi,Finnish,laitteet_modeemit_ftth_dna-valokuitu-plus-modeemi-eg300ac.html.json,"Routers, modems & network hardware",0.81372786,"Routers, modems & network hardware",0.8566466569900513,"Routers, modems & network hardware",0.8212137
www.dna.fi,Finnish,laitteet_modeemit_ftth_dna-valokuitu-plus-modeemi-eg300ac_ominaisuudet.html.json,"Routers, modems & network hardware",0.7925509,"Routers, modems & network hardware",0.8334145545959473,"Routers, modems & network hardware",0.8194047
www.dna.fi,Finnish,laitteet_modeemit_ftth_dna-valokuitu-plus-modeemi-eg300ac_paivitykset.html.json,"Routers, modems & network hardware",0.792096,"Routers, modems & network hardware",0.8323233127593994,"Routers, modems & network hardware",0.82986903
www.dna.fi,Finnish,laitteet_modeemit_ftth_dna-valokuitu-plus-modeemi-eg400ac.html.json,"Routers, modems & network hardware",0.8074517,"Routers, modems & network hardware",0.8531594276428223,"Routers, modems & network hardware",0.8186388
www.dna.fi,Finnish,laitteet_modeemit_ftth_dna-valokuitu-plus-modeemi-eg400ac_asetukset.html.json,"Routers, modems & network hardware",0.79668635,"Routers, modems & network hardware",0.8448563814163208,"Routers, modems & network hardware",0.824098
www.dna.fi,Finnish,laitteet_modeemit_ftth_dna-valokuitu-plus-modeemi-eg400ac_kayttoonotto.html.json,"Routers, modems & network hardware",0.78926563,"Routers, modems & network hardware",0.8545451760292053,"Routers, modems & network hardware",0.82282114
www.dna.fi,Finnish,laitteet_modeemit_ftth_dna-valokuitu-plus-modeemi-eg400ac_ominaisuudet.html.json,"Routers, modems & network hardware",0.7885076,"Routers, modems & network hardware",0.825469970703125,"Routers, modems & network hardware",0.8186617
www.dna.fi,Finnish,laitteet_modeemit_ftth_dna-valokuitu-plus-modeemi-eg400ac_paivitykset.html.json,"Routers, modems & network hardware",0.79344,"Routers, modems & network hardware",0.8339163064956665,"Routers, modems & network hardware",0.8279563
www.dna.fi,Finnish,laitteet_modeemit_kaapeli_cisco-epc3828.html.json,"Routers, modems & network hardware",0.7814444,"Routers, modems & network hardware",0.82643723487854,"Routers, modems & network hardware",0.82393897
www.dna.fi,Finnish,laitteet_modeemit_kaapeli_cisco-epc3828_asetukset.html.json,"Routers, modems & network hardware",0.7904229,"Routers, modems & network hardware",0.8448176383972168,"Routers, modems & network hardware",0.82194287
www.dna.fi,Finnish,laitteet_modeemit_kaapeli_cisco-epc3828_kayttoonotto.html.json,"Routers, modems & network hardware",0.7847446,"Routers, modems & network hardware",0.8444472551345825,"Routers, modems & network hardware",0.82580006
www.dna.fi,Finnish,laitteet_modeemit_kaapeli_cisco-epc3828_ominaisuudet.html.json,"Routers, modems & network hardware",0.78591025,"Routers, modems & network hardware",0.8248324394226074,"Routers, modems & network hardware",0.82622254
www.dna.fi,Finnish,laitteet_modeemit_kaapeli_cisco-epc3828_paivitykset.html.json,"Routers, modems & network hardware",0.7692447,"Routers, modems & network hardware",0.8262985348701477,"Routers, modems & network hardware",0.8210601
www.dna.fi,Finnish,laitteet_modeemit_kaapeli_dna-kaapelimodeemi-wifi-6-f-3896.html.json,"Routers, modems & network hardware",0.78899974,"Routers, modems & network hardware",0.8371225595474243,"Routers, modems & network hardware",0.83059025
www.dna.fi,Finnish,laitteet_modeemit_kaapeli_dna-kaapelimodeemi-wifi-6-f-3896_kayttoonotto.html.json,"Routers, modems & network hardware",0.78689444,"Routers, modems & network hardware",0.8445752263069153,"Routers, modems & network hardware",0.827098
www.dna.fi,Finnish,laitteet_modeemit_kaapeli_dna-kaapelimodeemi-wifi-6-f-3896_ominaisuudet.html.json,"Routers, modems & network hardware",0.7861537,"Routers, modems & network hardware",0.8311145305633545,"Routers, modems & network hardware",0.8231151
www.dna.fi,Finnish,laitteet_modeemit_kaapeli_dna-kaapelimodeemi-wifi-6-f-3896_paivitykset.html.json,"Routers, modems & network hardware",0.77901775,"Routers, modems & network hardware",0.8303532600402832,"Routers, modems & network hardware",0.8233207
www.dna.fi,Finnish,laitteet_modeemit_kaapeli_dna-kaapelimodeemi-wifi-6-f-3896_vianmaaritys.html.json,"Routers, modems & network hardware",0.7860282,"Routers, modems & network hardware",0.8413726091384888,"Routers, modems & network hardware",0.8214545
www.dna.fi,Finnish,laitteet_modeemit_kaapeli_dna-valokuitu-plus-f-3686ac.html.json,"Routers, modems & network hardware",0.80350304,"Routers, modems & network hardware",0.8394580483436584,"Routers, modems & network hardware",0.821627
www.dna.fi,Finnish,laitteet_modeemit_kaapeli_dna-valokuitu-plus-f-3686ac_ominaisuudet.html.json,"Routers, modems & network hardware",0.785859,"Routers, modems & network hardware",0.8231347799301147,"Routers, modems & network hardware",0.82162696
www.dna.fi,Finnish,laitteet_modeemit_kaapeli_dna-valokuitu-plus-f-3686ac_paivitykset.html.json,"Routers, modems & network hardware",0.7769357,"Routers, modems & network hardware",0.822033166885376,"Routers, modems & network hardware",0.8109929
www.dna.fi,Finnish,laitteet_modeemit_kaapeli_dna-valokuitu-plus-f-3686acv2.html.json,"Routers, modems & network hardware",0.8035476,"Routers, modems & network hardware",0.8442224264144897,"Routers, modems & network hardware",0.8202301
www.dna.fi,Finnish,laitteet_modeemit_kaapeli_dna-valokuitu-plus-f-3686acv2_kayttoonotto.html.json,"Routers, modems & network hardware",0.7886995,"Routers, modems & network hardware",0.8505457639694214,"Routers, modems & network hardware",0.8343788
www.dna.fi,Finnish,laitteet_modeemit_kaapeli_dna-valokuitu-plus-f-3686acv2_ominaisuudet.html.json,"Routers, modems & network hardware",0.78647745,"Routers, modems & network hardware",0.8250514268875122,"Routers, modems & network hardware",0.81634206
www.dna.fi,Finnish,laitteet_modeemit_kaapeli_dna-valokuitu-plus-f-3686acv2_paivitykset.html.json,"Routers, modems & network hardware",0.7776185,"Routers, modems & network hardware",0.8259367942810059,"Routers, modems & network hardware",0.819839
www.dna.fi,Finnish,laitteet_modeemit_kaapeli_dna-valokuitu-plus-f-3890v3.html.json,"Routers, modems & network hardware",0.8026776,"Routers, modems & network hardware",0.851661741733551,"Routers, modems & network hardware",0.8231586
www.dna.fi,Finnish,laitteet_modeemit_kaapeli_dna-valokuitu-plus-f-3890v3_kayttoonotto.html.json,"Routers, modems & network hardware",0.7902788,"Routers, modems & network hardware",0.8459484577178955,"Routers, modems & network hardware",0.8189449
www.dna.fi,Finnish,laitteet_modeemit_kaapeli_dna-valokuitu-plus-f-3890v3_ominaisuudet.html.json,"Routers, modems & network hardware",0.796215,"Routers, modems & network hardware",0.8380931615829468,"Routers, modems & network hardware",0.82107073
www.dna.fi,Finnish,laitteet_modeemit_kaapeli_dna-valokuitu-plus-f-3890v3_paivitykset.html.json,"Routers, modems & network hardware",0.7811495,"Routers, modems & network hardware",0.8366572856903076,"Routers, modems & network hardware",0.8144589
www.dna.fi,Finnish,laitteet_modeemit_kaapeli_dna-valokuitu-plus-f-3890v3_vianmaaritys.html.json,"Routers, modems & network hardware",0.7857527,"Routers, modems & network hardware",0.845444917678833,"Routers, modems & network hardware",0.81625956
www.dna.fi,Finnish,laitteet_modeemit_kaapeli_sagemcom-f-3284dc.html.json,"Routers, modems & network hardware",0.7858021,"Routers, modems & network hardware",0.8181512355804443,"Routers, modems & network hardware",0.8229071
www.dna.fi,Finnish,laitteet_modeemit_kaapeli_sagemcom-f-3284dc_kayttoonotto.html.json,"Routers, modems & network hardware",0.7855798,"Routers, modems & network hardware",0.845332145690918,"Routers, modems & network hardware",0.8258536
www.dna.fi,Finnish,laitteet_modeemit_kaapeli_sagemcom-f-3284dc_ominaisuudet.html.json,"Routers, modems & network hardware",0.78727067,"Routers, modems & network hardware",0.8220738172531128,"Routers, modems & network hardware",0.8255502
www.dna.fi,Finnish,laitteet_modeemit_kaapeli_sagemcom-f-3284dc_paivitykset.html.json,"Routers, modems & network hardware",0.7747959,"Routers, modems & network hardware",0.8212332725524902,"Routers, modems & network hardware",0.81709605
www.dna.fi,Finnish,laitteet_modeemit_kaapeli_technicolor-tc7200.html.json,"Routers, modems & network hardware",0.7860265,"Routers, modems & network hardware",0.8231716752052307,"Routers, modems & network hardware",0.82217664
www.dna.fi,Finnish,laitteet_modeemit_kaapeli_technicolor-tc7200_kayttoonotto.html.json,"Routers, modems & network hardware",0.781423,"Routers, modems & network hardware",0.8356400728225708,"Routers, modems & network hardware",0.81498337
www.dna.fi,Finnish,laitteet_modeemit_kaapeli_technicolor-tc7200_ominaisuudet.html.json,"Routers, modems & network hardware",0.777671,"Routers, modems & network hardware",0.8189005851745605,"Routers, modems & network hardware",0.82020724
www.dna.fi,Finnish,laitteet_modeemit_kaapeli_technicolor-tc7200_paivitykset.html.json,"Routers, modems & network hardware",0.78034496,"Routers, modems & network hardware",0.8285790085792542,"Routers, modems & network hardware",0.81835574
www.dna.fi,Finnish,laitteet_modeemit_mesh-wifi.html.json,"Routers, modems & network hardware",0.7832125,"Routers, modems & network hardware",0.8355178236961365,"Routers, modems & network hardware",0.81034464
www.dna.fi,Finnish,laitteet_modeemit_omamodeemi.html.json,"Routers, modems & network hardware",0.78200245,"Routers, modems & network hardware",0.8388844728469849,"Routers, modems & network hardware",0.82697415
www.dna.fi,Finnish,laitteet_modeemit_xdsl.html.json,"Routers, modems & network hardware",0.779256,"Routers, modems & network hardware",0.825226366519928,"Routers, modems & network hardware",0.8142103
www.dna.fi,Finnish,laitteet_modeemit_xdsl_dna-dsl-modeemi-dg200ac.html.json,"Routers, modems & network hardware",0.80817986,"Routers, modems & network hardware",0.8511874675750732,"Routers, modems & network hardware",0.823936
www.dna.fi,Finnish,laitteet_modeemit_xdsl_dna-dsl-modeemi-dg200ac_ominaisuudet.html.json,"Routers, modems & network hardware",0.791116,"Routers, modems & network hardware",0.8240017890930176,"Routers, modems & network hardware",0.82048786
www.dna.fi,Finnish,laitteet_modeemit_xdsl_dna-dsl-modeemi-dg200ac_paivitykset.html.json,"Routers, modems & network hardware",0.7934303,"Routers, modems & network hardware",0.8296714425086975,"Routers, modems & network hardware",0.8251485
www.dna.fi,Finnish,laitteet_modeemit_xdsl_dna-xdsl-modeemi-dg301ac.html.json,"Routers, modems & network hardware",0.80885816,"Routers, modems & network hardware",0.8474611043930054,"Routers, modems & network hardware",0.8245026
www.dna.fi,Finnish,laitteet_modeemit_xdsl_dna-xdsl-modeemi-dg301ac_ominaisuudet.html.json,"Routers, modems & network hardware",0.78984904,"Routers, modems & network hardware",0.8301254510879517,"Routers, modems & network hardware",0.8197304
www.dna.fi,Finnish,laitteet_modeemit_xdsl_dna-xdsl-modeemi-dg301ac_paivitykset.html.json,"Routers, modems & network hardware",0.79539883,"Routers, modems & network hardware",0.8336893320083618,"Routers, modems & network hardware",0.83255005
www.dna.fi,Finnish,laitteet_modeemit_xdsl_dna-xdsl-modeemi-ed500a.html.json,"Routers, modems & network hardware",0.7801964,"Routers, modems & network hardware",0.8198604583740234,"Routers, modems & network hardware",0.8371788
www.dna.fi,Finnish,laitteet_modeemit_xdsl_dna-xdsl-modeemi-ed500a_ominaisuudet.html.json,"Routers, modems & network hardware",0.78785765,"Routers, modems & network hardware",0.8226916193962097,"Routers, modems & network hardware",0.8206092
www.dna.fi,Finnish,laitteet_modeemit_xdsl_dna-xdsl-modeemi-ed500a_paivitykset.html.json,"Routers, modems & network hardware",0.78744113,"Routers, modems & network hardware",0.8360617160797119,"Routers, modems & network hardware",0.8268378
www.dna.fi,Finnish,laitteet_modeemit_xdsl_dna-xdsl-modeemi-ed500a_vianselvitys.html.json,"Routers, modems & network hardware",0.7860321,"Routers, modems & network hardware",0.8422300815582275,"Routers, modems & network hardware",0.817992
www.dna.fi,Finnish,laitteet_mokkulat.html.json,"Routers, modems & network hardware",0.78240967,"Routers, modems & network hardware",0.8162655830383301,"Routers, modems & network hardware",0.8190769
www.dna.fi,Finnish,laitteet_mokkulat_kotimokkulat_dna-kotimokkula-4g-wifi-b818.html.json,"Routers, modems & network hardware",0.8174509,"Routers, modems & network hardware",0.8428949117660522,"Routers, modems & network hardware",0.8202938
www.dna.fi,Finnish,laitteet_mokkulat_kotimokkulat_dna-kotimokkula-4g-wifi-b818_kayttoonotto.html.json,"Routers, modems & network hardware",0.7913856,"Routers, modems & network hardware",0.8284646272659302,"Routers, modems & network hardware",0.8272271
www.dna.fi,Finnish,laitteet_mokkulat_kotimokkulat_dna-kotimokkula-4g-wifi-b818_kayttoonotto_paivitykset.html.json,"Routers, modems & network hardware",0.7787585,Network & coverage,0.8195852041244507,"Routers, modems & network hardware",0.8143406
www.dna.fi,Finnish,laitteet_mokkulat_kotimokkulat_dna-kotimokkula-4g-wifi-b818_ominaisuudet.html.json,"Routers, modems & network hardware",0.79288065,Network & coverage,0.8171460628509521,"Routers, modems & network hardware",0.8124764
www.dna.fi,Finnish,laitteet_mokkulat_kotimokkulat_dna-kotimokkula-4g-wifi-b818_vianmaaritys.html.json,"Routers, modems & network hardware",0.79062515,"Routers, modems & network hardware",0.8334841728210449,"Routers, modems & network hardware",0.8251226
www.dna.fi,Finnish,laitteet_mokkulat_kotimokkulat_dna-kotimokkula-4g-wifi-mf289f.html.json,"Routers, modems & network hardware",0.81459546,"Routers, modems & network hardware",0.8390582203865051,"Routers, modems & network hardware",0.8192779
www.dna.fi,Finnish,laitteet_mokkulat_kotimokkulat_dna-kotimokkula-4g-wifi-mf289f_ominaisuudet.html.json,"Routers, modems & network hardware",0.7946201,"Routers, modems & network hardware",0.8185688853263855,"Routers, modems & network hardware",0.81316924
www.dna.fi,Finnish,laitteet_mokkulat_kotimokkulat_dna-kotimokkula-4g-wifi-mf289f_paivitykset.html.json,"Routers, modems & network hardware",0.7727209,Network & coverage,0.797498345375061,"Routers, modems & network hardware",0.81477535
www.dna.fi,Finnish,laitteet_mokkulat_kotimokkulat_dna-kotimokkula-4g-wifi-mf289f_vianmaaritys.html.json,"Routers, modems & network hardware",0.7901436,"Routers, modems & network hardware",0.8307110667228699,"Routers, modems & network hardware",0.8150109
www.dna.fi,Finnish,laitteet_mokkulat_kotimokkulat_dna-kotimokkula-4g-wlan-b315.html.json,"Routers, modems & network hardware",0.8104971,"Routers, modems & network hardware",0.8274725675582886,"Routers, modems & network hardware",0.8247447
www.dna.fi,Finnish,laitteet_mokkulat_kotimokkulat_dna-kotimokkula-4g-wlan-b315_asetukset.html.json,"Routers, modems & network hardware",0.80402577,"Routers, modems & network hardware",0.8449634313583374,"Routers, modems & network hardware",0.82717
www.dna.fi,Finnish,laitteet_mokkulat_kotimokkulat_dna-kotimokkula-4g-wlan-b315_kayttoonotto.html.json,"Routers, modems & network hardware",0.7934443,"Routers, modems & network hardware",0.8286102414131165,"Routers, modems & network hardware",0.81922233
www.dna.fi,Finnish,laitteet_mokkulat_kotimokkulat_dna-kotimokkula-4g-wlan-b315_ominaisuudet.html.json,"Routers, modems & network hardware",0.7908636,Network & coverage,0.8195700645446777,"Routers, modems & network hardware",0.81065464
www.dna.fi,Finnish,laitteet_mokkulat_kotimokkulat_dna-kotimokkula-4g-wlan-b315_paivitykset.html.json,Network & coverage,0.7823913,Network & coverage,0.8334372043609619,"Routers, modems & network hardware",0.808061
www.dna.fi,Finnish,laitteet_mokkulat_kotimokkulat_dna-kotimokkula-4g-wlan-b315_vianmaaritys.html.json,"Routers, modems & network hardware",0.7875334,Network & coverage,0.8280009031295776,"Routers, modems & network hardware",0.8165195
www.dna.fi,Finnish,laitteet_mokkulat_kotimokkulat_dna-kotimokkula-4g-wlan-b593s.html.json,"Routers, modems & network hardware",0.8056016,Network & coverage,0.8203345537185669,"Routers, modems & network hardware",0.8214705
www.dna.fi,Finnish,laitteet_mokkulat_kotimokkulat_dna-kotimokkula-4g-wlan-b593s_asetukset.html.json,"Routers, modems & network hardware",0.7974138,"Routers, modems & network hardware",0.8332780599594116,"Routers, modems & network hardware",0.8186911
www.dna.fi,Finnish,laitteet_mokkulat_kotimokkulat_dna-kotimokkula-4g-wlan-b593s_kayttoonotto.html.json,"Routers, modems & network hardware",0.7931622,"Routers, modems & network hardware",0.8248533010482788,"Routers, modems & network hardware",0.8182577
www.dna.fi,Finnish,laitteet_mokkulat_kotimokkulat_dna-kotimokkula-4g-wlan-b593s_ominaisuudet.html.json,"Routers, modems & network hardware",0.78715706,Network & coverage,0.8176268935203552,"Routers, modems & network hardware",0.80694425
www.dna.fi,Finnish,laitteet_mokkulat_kotimokkulat_dna-kotimokkula-4g-wlan-b593s_paivitykset.html.json,"Routers, modems & network hardware",0.7938617,Network & coverage,0.8215093612670898,"Routers, modems & network hardware",0.82217324
www.dna.fi,Finnish,laitteet_mokkulat_kotimokkulat_dna-kotimokkula-4g-wlan-b593s_vianmaaritys.html.json,"Routers, modems & network hardware",0.7879286,Network & coverage,0.8241459131240845,"Routers, modems & network hardware",0.8186378
www.dna.fi,Finnish,laitteet_mokkulat_kotimokkulat_dna-kotimokkula-4g-wlan-b715.html.json,"Routers, modems & network hardware",0.81101453,"Routers, modems & network hardware",0.8316575288772583,"Routers, modems & network hardware",0.82391405
www.dna.fi,Finnish,laitteet_mokkulat_kotimokkulat_dna-kotimokkula-4g-wlan-b715_ominaisuudet.html.json,"Routers, modems & network hardware",0.78879476,Network & coverage,0.8214752674102783,"Routers, modems & network hardware",0.80869573
www.dna.fi,Finnish,laitteet_mokkulat_kotimokkulat_dna-kotimokkula-4g-wlan-b715_paivitykset.html.json,Network & coverage,0.79312265,Network & coverage,0.8397491574287415,"Routers, modems & network hardware",0.8204106
www.dna.fi,Finnish,laitteet_mokkulat_kotimokkulat_dna-kotimokkula-4g-wlan-b715_vianmaaritys.html.json,"Routers, modems & network hardware",0.7961763,"Routers, modems & network hardware",0.8378526568412781,"Routers, modems & network hardware",0.8305876
www.dna.fi,Finnish,laitteet_mokkulat_kotimokkulat_dna-kotimokkula-4g-wlan-e5186.html.json,"Routers, modems & network hardware",0.80166674,"Routers, modems & network hardware",0.8172519207000732,"Routers, modems & network hardware",0.81719154
www.dna.fi,Finnish,laitteet_mokkulat_kotimokkulat_dna-kotimokkula-4g-wlan-e5186_asetukset.html.json,"Routers, modems & network hardware",0.79534113,"Routers, modems & network hardware",0.825259804725647,"Routers, modems & network hardware",0.83181417
www.dna.fi,Finnish,laitteet_mokkulat_kotimokkulat_dna-kotimokkula-4g-wlan-e5186_kayttoonotto.html.json,"Routers, modems & network hardware",0.7915397,"Routers, modems & network hardware",0.8187498450279236,"Routers, modems & network hardware",0.82240117
www.dna.fi,Finnish,laitteet_mokkulat_kotimokkulat_dna-kotimokkula-4g-wlan-e5186_ominaisuudet.html.json,"Routers, modems & network hardware",0.7811341,Network & coverage,0.8101574778556824,"Routers, modems & network hardware",0.7985863
www.dna.fi,Finnish,laitteet_mokkulat_kotimokkulat_dna-kotimokkula-4g-wlan-e5186_paivitykset.html.json,Network & coverage,0.78439057,Network & coverage,0.8219987154006958,"Routers, modems & network hardware",0.8151442
www.dna.fi,Finnish,laitteet_mokkulat_kotimokkulat_dna-kotimokkula-4g-wlan-e5186_vianmaaritys.html.json,"Routers, modems & network hardware",0.78555834,Network & coverage,0.8233258128166199,"Routers, modems & network hardware",0.8186932
www.dna.fi,Finnish,laitteet_mokkulat_kotimokkulat_dna-kotimokkula-4g-wlan-mf286-a.html.json,"Routers, modems & network hardware",0.8051586,"Routers, modems & network hardware",0.8255575895309448,"Routers, modems & network hardware",0.8241637
www.dna.fi,Finnish,laitteet_mokkulat_kotimokkulat_dna-kotimokkula-4g-wlan-mf286-a_kayttoonotto.html.json,"Routers, modems & network hardware",0.78755206,"Routers, modems & network hardware",0.8241809010505676,"Routers, modems & network hardware",0.8254886
www.dna.fi,Finnish,laitteet_mokkulat_kotimokkulat_dna-kotimokkula-4g-wlan-mf286-a_ominaisuudet.html.json,"Routers, modems & network hardware",0.79608136,"Routers, modems & network hardware",0.821010172367096,"Routers, modems & network hardware",0.8122087
www.dna.fi,Finnish,laitteet_mokkulat_kotimokkulat_dna-kotimokkula-4g-wlan-mf286-a_paivitykset.html.json,"Routers, modems & network hardware",0.7826719,"Routers, modems & network hardware",0.813152015209198,"Routers, modems & network hardware",0.8234476
www.dna.fi,Finnish,laitteet_mokkulat_kotimokkulat_dna-kotimokkula-4g-wlan-mf286-a_vianmaaritys.html.json,"Routers, modems & network hardware",0.79072267,Network & coverage,0.8276268243789673,"Routers, modems & network hardware",0.8240869
www.dna.fi,Finnish,laitteet_mokkulat_kotimokkulat_dna-kotimokkula-5g-wifi-h155.html.json,"Routers, modems & network hardware",0.7927774,"Routers, modems & network hardware",0.8322888016700745,"Routers, modems & network hardware",0.8206636
www.dna.fi,Finnish,laitteet_mokkulat_kotimokkulat_dna-kotimokkula-5g-wifi-h155_kayttoonotto.html.json,"Routers, modems & network hardware",0.79121506,Network & coverage,0.83561110496521,"Routers, modems & network hardware",0.8162823
www.dna.fi,Finnish,laitteet_mokkulat_kotimokkulat_dna-kotimokkula-5g-wifi-h155_ominaisuudet.html.json,Network & coverage,0.7890451,Network & coverage,0.8296343088150024,Network & coverage,0.7988677
www.dna.fi,Finnish,laitteet_mokkulat_kotimokkulat_dna-kotimokkula-5g-wifi-h155_paivitykset.html.json,"Routers, modems & network hardware",0.81323457,"Routers, modems & network hardware",0.8267786502838135,"Routers, modems & network hardware",0.82098186
www.dna.fi,Finnish,laitteet_mokkulat_kotimokkulat_dna-kotimokkula-5g-wifi-h155_vianmaaritys.html.json,"Routers, modems & network hardware",0.79025465,Network & coverage,0.8350586891174316,"Routers, modems & network hardware",0.8275608
www.dna.fi,Finnish,laitteet_mokkulat_kotimokkulat_dna-kotimokkula-5g-wifi-h158.html.json,"Routers, modems & network hardware",0.79373956,"Routers, modems & network hardware",0.8334097862243652,"Routers, modems & network hardware",0.8234609
www.dna.fi,Finnish,laitteet_mokkulat_kotimokkulat_dna-kotimokkula-5g-wifi-h158_asetukset.html.json,"Routers, modems & network hardware",0.8020381,"Routers, modems & network hardware",0.8378275036811829,"Routers, modems & network hardware",0.8213246
www.dna.fi,Finnish,laitteet_mokkulat_kotimokkulat_dna-kotimokkula-5g-wifi-h158_kayttoonotto.html.json,"Routers, modems & network hardware",0.78688574,"Routers, modems & network hardware",0.8221797943115234,"Routers, modems & network hardware",0.8195338
www.dna.fi,Finnish,laitteet_mokkulat_kotimokkulat_dna-kotimokkula-5g-wifi-h158_ominaisuudet.html.json,Network & coverage,0.7919794,Network & coverage,0.8342845439910889,Network & coverage,0.79856604
www.dna.fi,Finnish,laitteet_mokkulat_kotimokkulat_dna-kotimokkula-5g-wifi-h158_paivitykset.html.json,"Routers, modems & network hardware",0.79291683,"Routers, modems & network hardware",0.8357995748519897,"Routers, modems & network hardware",0.81425774
www.dna.fi,Finnish,laitteet_mokkulat_kotimokkulat_dna-kotimokkula-5g-wifi-h158_vianmaaritys.html.json,"Routers, modems & network hardware",0.79046255,Network & coverage,0.8340650796890259,"Routers, modems & network hardware",0.82310605
www.dna.fi,Finnish,laitteet_mokkulat_kotimokkulat_dna-kotimokkula-5g-wifi-mc8020.html.json,"Routers, modems & network hardware",0.82166445,"Routers, modems & network hardware",0.8463194370269775,"Routers, modems & network hardware",0.8256933
www.dna.fi,Finnish,laitteet_mokkulat_kotimokkulat_dna-kotimokkula-5g-wifi-mc8020_kayttoonotto.html.json,"Routers, modems & network hardware",0.7861173,Network & coverage,0.8305867910385132,"Routers, modems & network hardware",0.8137274
www.dna.fi,Finnish,laitteet_mokkulat_kotimokkulat_dna-kotimokkula-5g-wifi-mc8020_ominaisuudet.html.json,Network & coverage,0.7931284,Network & coverage,0.8405435681343079,"Routers, modems & network hardware",0.8072138
www.dna.fi,Finnish,laitteet_mokkulat_kotimokkulat_dna-kotimokkula-5g-wifi-mc8020_paivitykset.html.json,"Routers, modems & network hardware",0.78489983,Network & coverage,0.8294854164123535,"Routers, modems & network hardware",0.8252914
www.dna.fi,Finnish,laitteet_mokkulat_kotimokkulat_dna-kotimokkula-5g-wifi-mc8020_vianmaaritys.html.json,"Routers, modems & network hardware",0.79735434,"Routers, modems & network hardware",0.8431129455566406,"Routers, modems & network hardware",0.826796
www.dna.fi,Finnish,laitteet_mokkulat_kotimokkulat_kotimokkula-5g-wifi-h112.html.json,"Routers, modems & network hardware",0.79146004,"Routers, modems & network hardware",0.8184114098548889,"Routers, modems & network hardware",0.8251609
www.dna.fi,Finnish,laitteet_mokkulat_kotimokkulat_kotimokkula-5g-wifi-h112_kayttoonotto.html.json,"Routers, modems & network hardware",0.78593767,"Routers, modems & network hardware",0.8350497484207153,SIM & eSIM,0.8198576
www.dna.fi,Finnish,laitteet_mokkulat_kotimokkulat_kotimokkula-5g-wifi-h112_ominaisuudet.html.json,Network & coverage,0.7751817,Network & coverage,0.8110864162445068,"Routers, modems & network hardware",0.7946433
www.dna.fi,Finnish,laitteet_mokkulat_kotimokkulat_kotimokkula-5g-wifi-h112_paivitykset.html.json,"Routers, modems & network hardware",0.7700361,"Routers, modems & network hardware",0.799792468547821,"Routers, modems & network hardware",0.81166875
www.dna.fi,Finnish,laitteet_mokkulat_kotimokkulat_kotimokkula-5g-wifi-h122.html.json,"Routers, modems & network hardware",0.8121593,"Routers, modems & network hardware",0.8438001275062561,"Routers, modems & network hardware",0.8194875
www.dna.fi,Finnish,laitteet_mokkulat_kotimokkulat_kotimokkula-5g-wifi-h122_ominaisuudet.html.json,Network & coverage,0.7776592,Network & coverage,0.8128535747528076,"Routers, modems & network hardware",0.7974341
www.dna.fi,Finnish,laitteet_mokkulat_kotimokkulat_kotimokkula-5g-wifi-h122_paivitykset.html.json,Network & coverage,0.76932585,Network & coverage,0.810429573059082,"Routers, modems & network hardware",0.8137362
www.dna.fi,Finnish,laitteet_mokkulat_kotimokkulat_kotimokkula-5g-wifi-h122_vainamaaritys.html.json,Network & coverage,0.7873604,"Routers, modems & network hardware",0.8343797922134399,"Routers, modems & network hardware",0.81944346
www.dna.fi,Finnish,laitteet_mokkulat_lisalaitteet.html.json,"Routers, modems & network hardware",0.8212447,"Routers, modems & network hardware",0.8412227630615234,"Routers, modems & network hardware",0.8270702
www.dna.fi,Finnish,laitteet_mokkulat_lisalaitteet_dna-telakka-d1001.html.json,"Routers, modems & network hardware",0.7685832,"Routers, modems & network hardware",0.8022184371948242,"Routers, modems & network hardware",0.81359506
www.dna.fi,Finnish,laitteet_mokkulat_lisalaitteet_dna-telakka-telewell-802.11ap1.html.json,"Routers, modems & network hardware",0.7825226,"Routers, modems & network hardware",0.8362707495689392,"Routers, modems & network hardware",0.81136215
www.dna.fi,Finnish,laitteet_mokkulat_lisalaitteet_kotiasema-dna-mokkula-4g-wlan-s-lle.html.json,"Routers, modems & network hardware",0.7900262,"Routers, modems & network hardware",0.8206280469894409,"Routers, modems & network hardware",0.8083148
www.dna.fi,Finnish,laitteet_mokkulat_lisalaitteet_telakka-tw-3g-flash-ofdm1.html.json,"Routers, modems & network hardware",0.767673,"Routers, modems & network hardware",0.8292614221572876,"Routers, modems & network hardware",0.8007195
www.dna.fi,Finnish,laitteet_mokkulat_matkamokkulat_dna-matkamokkula-4g-wifi-mf971rs.html.json,"Routers, modems & network hardware",0.8157771,"Routers, modems & network hardware",0.8393746614456177,"Routers, modems & network hardware",0.82282346
www.dna.fi,Finnish,laitteet_mokkulat_matkamokkulat_dna-matkamokkula-4g-wifi-mf971rs2.html.json,"Routers, modems & network hardware",0.79186404,"Routers, modems & network hardware",0.8240818977355957,"Routers, modems & network hardware",0.82479924
www.dna.fi,Finnish,laitteet_mokkulat_matkamokkulat_dna-matkamokkula-4g-wifi-mf971rs2_asetukset.html.json,"Routers, modems & network hardware",0.8008335,"Routers, modems & network hardware",0.8355940580368042,"Routers, modems & network hardware",0.8271452
www.dna.fi,Finnish,laitteet_mokkulat_matkamokkulat_dna-matkamokkula-4g-wifi-mf971rs2_kayttoonotto.html.json,"Routers, modems & network hardware",0.7897244,"Routers, modems & network hardware",0.8229410648345947,"Routers, modems & network hardware",0.82900053
www.dna.fi,Finnish,laitteet_mokkulat_matkamokkulat_dna-matkamokkula-4g-wifi-mf971rs2_ominaisuudet.html.json,"Routers, modems & network hardware",0.7806511,Mobile subscriptions & services,0.801189661026001,"Routers, modems & network hardware",0.800358
www.dna.fi,Finnish,laitteet_mokkulat_matkamokkulat_dna-matkamokkula-4g-wifi-mf971rs2_paivitykset.html.json,"Routers, modems & network hardware",0.7845945,Network & coverage,0.8086407780647278,"Routers, modems & network hardware",0.82287496
www.dna.fi,Finnish,laitteet_mokkulat_matkamokkulat_dna-matkamokkula-4g-wifi-mf971rs2_vianrajaus.html.json,Network & coverage,0.7754718,Network & coverage,0.8125712275505066,"Routers, modems & network hardware",0.80959105
www.dna.fi,Finnish,laitteet_mokkulat_matkamokkulat_dna-matkamokkula-4g-wifi-mf971rs_asetukset.html.json,"Routers, modems & network hardware",0.80160093,"Routers, modems & network hardware",0.8366012573242188,"Routers, modems & network hardware",0.82639235
www.dna.fi,Finnish,laitteet_mokkulat_matkamokkulat_dna-matkamokkula-4g-wifi-mf971rs_kayttoonotto.html.json,"Routers, modems & network hardware",0.79135066,"Routers, modems & network hardware",0.8240879774093628,"Routers, modems & network hardware",0.8299768
www.dna.fi,Finnish,laitteet_mokkulat_matkamokkulat_dna-matkamokkula-4g-wifi-mf971rs_ominaisuudet.html.json,"Routers, modems & network hardware",0.7852187,Mobile subscriptions & services,0.8035284280776978,"Routers, modems & network hardware",0.8069063
www.dna.fi,Finnish,laitteet_mokkulat_matkamokkulat_dna-matkamokkula-4g-wifi-mf971rs_paivitykset.html.json,"Routers, modems & network hardware",0.7842477,Network & coverage,0.8145738840103149,"Routers, modems & network hardware",0.82643616
www.dna.fi,Finnish,laitteet_mokkulat_matkamokkulat_dna-matkamokkula-4g-wifi-mf971rs_vianrajaus.html.json,"Routers, modems & network hardware",0.77600837,Network & coverage,0.812473475933075,"Routers, modems & network hardware",0.8138654
www.dna.fi,Finnish,laitteet_mokkulat_matkamokkulat_dna-matkamokkula-4g-wifi-mf971v.html.json,"Routers, modems & network hardware",0.8066109,"Routers, modems & network hardware",0.8382488489151001,"Routers, modems & network hardware",0.81880575
www.dna.fi,Finnish,laitteet_mokkulat_matkamokkulat_dna-matkamokkula-4g-wifi-mf971v_asetukset.html.json,"Routers, modems & network hardware",0.79786,"Routers, modems & network hardware",0.837700605392456,"Routers, modems & network hardware",0.82915616
www.dna.fi,Finnish,laitteet_mokkulat_matkamokkulat_dna-matkamokkula-4g-wifi-mf971v_kayttoonotto.html.json,"Routers, modems & network hardware",0.78690296,"Routers, modems & network hardware",0.822719931602478,"Routers, modems & network hardware",0.8307471
www.dna.fi,Finnish,laitteet_mokkulat_matkamokkulat_dna-matkamokkula-4g-wifi-mf971v_ominaisuudet.html.json,"Routers, modems & network hardware",0.7752578,"Routers, modems & network hardware",0.8023155927658081,"Routers, modems & network hardware",0.8013226
www.dna.fi,Finnish,laitteet_mokkulat_matkamokkulat_dna-matkamokkula-4g-wifi-mf971v_paivitykset.html.json,Network & coverage,0.7708255,Network & coverage,0.8090943694114685,"Routers, modems & network hardware",0.8213007
www.dna.fi,Finnish,laitteet_mokkulat_matkamokkulat_dna-matkamokkula-4g-wifi-mf971v_vianrajaus.html.json,Network & coverage,0.7721237,Network & coverage,0.8143191337585449,"Routers, modems & network hardware",0.8102827
www.dna.fi,Finnish,laitteet_mokkulat_matkamokkulat_dna-matkamokkula-4g-wlan-e5377.html.json,"Routers, modems & network hardware",0.8029393,"Routers, modems & network hardware",0.827552318572998,"Routers, modems & network hardware",0.8201566
www.dna.fi,Finnish,laitteet_mokkulat_matkamokkulat_dna-matkamokkula-4g-wlan-e5377_asetukset.html.json,"Routers, modems & network hardware",0.78970003,"Routers, modems & network hardware",0.8326050639152527,"Routers, modems & network hardware",0.8301898
www.dna.fi,Finnish,laitteet_mokkulat_matkamokkulat_dna-matkamokkula-4g-wlan-e5377_kayttoonotto.html.json,"Routers, modems & network hardware",0.78833324,"Routers, modems & network hardware",0.8281995058059692,"Routers, modems & network hardware",0.822247
www.dna.fi,Finnish,laitteet_mokkulat_matkamokkulat_dna-matkamokkula-4g-wlan-e5377_ominaisuudet.html.json,"Routers, modems & network hardware",0.7781439,"Routers, modems & network hardware",0.8141833543777466,"Routers, modems & network hardware",0.79840505
www.dna.fi,Finnish,laitteet_mokkulat_matkamokkulat_dna-matkamokkula-4g-wlan-e5377_paivitykset.html.json,"Routers, modems & network hardware",0.7793924,Network & coverage,0.8278715014457703,"Routers, modems & network hardware",0.81390357
www.dna.fi,Finnish,laitteet_mokkulat_matkamokkulat_dna-matkamokkula-4g-wlan-e5377_vianrajaus.html.json,"Routers, modems & network hardware",0.78605956,"Routers, modems & network hardware",0.828255295753479,"Routers, modems & network hardware",0.82933855
www.dna.fi,Finnish,laitteet_mokkulat_matkamokkulat_dna-matkamokkula-4g-wlan-e5577.html.json,"Routers, modems & network hardware",0.7979928,"Routers, modems & network hardware",0.8221917152404785,"Routers, modems & network hardware",0.8183336
www.dna.fi,Finnish,laitteet_mokkulat_matkamokkulat_dna-matkamokkula-4g-wlan-e5577_asetukset.html.json,"Routers, modems & network hardware",0.77997696,Network & coverage,0.8189975023269653,"Routers, modems & network hardware",0.8255267
www.dna.fi,Finnish,laitteet_mokkulat_matkamokkulat_dna-matkamokkula-4g-wlan-e5577_ominaisuudet.html.json,"Routers, modems & network hardware",0.7643018,Network & coverage,0.8012449741363525,"Routers, modems & network hardware",0.7963854
www.dna.fi,Finnish,laitteet_mokkulat_matkamokkulat_dna-matkamokkula-4g-wlan-e5577_paivitykset.html.json,"Routers, modems & network hardware",0.7815403,"Routers, modems & network hardware",0.8112829923629761,"Routers, modems & network hardware",0.8237486
www.dna.fi,Finnish,laitteet_mokkulat_matkamokkulat_dna-matkamokkula-4g-wlan-e5577_vianrajaus.html.json,Network & coverage,0.7862971,Network & coverage,0.8343756794929504,"Routers, modems & network hardware",0.8180141
www.dna.fi,Finnish,laitteet_mokkulat_matkamokkulat_dna-matkamokkula-4g-wlan-e5787s.html.json,"Routers, modems & network hardware",0.7994728,"Routers, modems & network hardware",0.8281444907188416,"Routers, modems & network hardware",0.81941974
www.dna.fi,Finnish,laitteet_mokkulat_matkamokkulat_dna-matkamokkula-4g-wlan-e5787s_kayttoonotto.html.json,"Routers, modems & network hardware",0.78421247,"Routers, modems & network hardware",0.8275765776634216,"Routers, modems & network hardware",0.8353769
www.dna.fi,Finnish,laitteet_mokkulat_matkamokkulat_dna-matkamokkula-4g-wlan-e5787s_ominaisuudet.html.json,"Routers, modems & network hardware",0.7662041,"Routers, modems & network hardware",0.798833966255188,"Routers, modems & network hardware",0.79864156
www.dna.fi,Finnish,laitteet_mokkulat_matkamokkulat_dna-matkamokkula-4g-wlan-e5787s_paivitykset.html.json,"Routers, modems & network hardware",0.7806971,"Routers, modems & network hardware",0.8153547048568726,"Routers, modems & network hardware",0.81024563
www.dna.fi,Finnish,laitteet_mokkulat_matkamokkulat_dna-matkamokkula-4g-wlan-e5787s_vianrajaus.html.json,Network & coverage,0.78082365,Network & coverage,0.8248701095581055,"Routers, modems & network hardware",0.81828994
www.dna.fi,Finnish,laitteet_mokkulat_matkamokkulat_dna-matkamokkula-4g-wlan-mf910.html.json,"Routers, modems & network hardware",0.8037722,"Routers, modems & network hardware",0.8288053274154663,"Routers, modems & network hardware",0.8216417
www.dna.fi,Finnish,laitteet_mokkulat_matkamokkulat_dna-matkamokkula-4g-wlan-mf910_asetukset.html.json,"Routers, modems & network hardware",0.79874134,"Routers, modems & network hardware",0.837173581123352,"Routers, modems & network hardware",0.8327315
www.dna.fi,Finnish,laitteet_mokkulat_matkamokkulat_dna-matkamokkula-4g-wlan-mf910_kayttoonotto.html.json,"Routers, modems & network hardware",0.7897012,"Routers, modems & network hardware",0.8278396129608154,"Routers, modems & network hardware",0.8242501
www.dna.fi,Finnish,laitteet_mokkulat_matkamokkulat_dna-matkamokkula-4g-wlan-mf910_ominaisuudet.html.json,"Routers, modems & network hardware",0.7807549,"Routers, modems & network hardware",0.8056026697158813,"Routers, modems & network hardware",0.80756104
www.dna.fi,Finnish,laitteet_mokkulat_matkamokkulat_dna-matkamokkula-4g-wlan-mf910_paivitykset.html.json,"Routers, modems & network hardware",0.8005483,"Routers, modems & network hardware",0.8357951641082764,"Routers, modems & network hardware",0.8274602
www.dna.fi,Finnish,laitteet_mokkulat_matkamokkulat_dna-matkamokkula-4g-wlan-mf910_vianmaaritys.html.json,"Routers, modems & network hardware",0.7904445,"Routers, modems & network hardware",0.8274673223495483,"Routers, modems & network hardware",0.8300035
www.dna.fi,Finnish,laitteet_mokkulat_matkamokkulat_dna-matkamokkula-5g-wifi-mu5001.html.json,"Routers, modems & network hardware",0.7853496,"Routers, modems & network hardware",0.8245532512664795,"Routers, modems & network hardware",0.82334054
www.dna.fi,Finnish,laitteet_mokkulat_matkamokkulat_dna-matkamokkula-5g-wifi-mu5001_kayttoonotto.html.json,"Routers, modems & network hardware",0.7828779,"Routers, modems & network hardware",0.8245562314987183,"Routers, modems & network hardware",0.8163661
www.dna.fi,Finnish,laitteet_mokkulat_matkamokkulat_dna-matkamokkula-5g-wifi-mu5001_ominaisuudet.html.json,Network & coverage,0.77072024,Network & coverage,0.8093929886817932,"Routers, modems & network hardware",0.7988697
www.dna.fi,Finnish,laitteet_mokkulat_matkamokkulat_dna-matkamokkula-5g-wifi-mu5001_paivitykset.html.json,Network & coverage,0.7739544,Network & coverage,0.8081957101821899,"Routers, modems & network hardware",0.8161771
www.dna.fi,Finnish,laitteet_mokkulat_matkamokkulat_dna-matkamokkula-5g-wifi-mu5001_vianmaaritys.html.json,Network & coverage,0.770064,Network & coverage,0.8120138049125671,Network & coverage,0.8024974
www.dna.fi,Finnish,laitteet_mokkulat_matkamokkulat_dna-mokkula-4g-wlan-e5372.html.json,"Routers, modems & network hardware",0.801754,"Routers, modems & network hardware",0.8191301822662354,"Routers, modems & network hardware",0.8177717
www.dna.fi,Finnish,laitteet_mokkulat_matkamokkulat_dna-mokkula-4g-wlan-e5372_asetukset.html.json,"Routers, modems & network hardware",0.7889103,"Routers, modems & network hardware",0.8139458298683167,"Routers, modems & network hardware",0.8263215
www.dna.fi,Finnish,laitteet_mokkulat_matkamokkulat_dna-mokkula-4g-wlan-e5372_kayttoonotto.html.json,"Routers, modems & network hardware",0.78955305,"Routers, modems & network hardware",0.823326826095581,"Routers, modems & network hardware",0.8199023
www.dna.fi,Finnish,laitteet_mokkulat_matkamokkulat_dna-mokkula-4g-wlan-e5372_ominaisuudet.html.json,"Routers, modems & network hardware",0.77214503,Network & coverage,0.8061836957931519,"Routers, modems & network hardware",0.7937883
www.dna.fi,Finnish,laitteet_mokkulat_matkamokkulat_dna-mokkula-4g-wlan-e5372_paivitykset.html.json,"Routers, modems & network hardware",0.78218,Network & coverage,0.8248034715652466,"Routers, modems & network hardware",0.81561995
www.dna.fi,Finnish,laitteet_mokkulat_matkamokkulat_dna-mokkula-4g-wlan-e5372_vianrajaus.html.json,"Routers, modems & network hardware",0.7830406,Network & coverage,0.8309590220451355,"Routers, modems & network hardware",0.81904864
www.dna.fi,Finnish,laitteet_mokkulat_matkamokkulat_dna-mokkula-4g-wlan-e5573cs.html.json,"Routers, modems & network hardware",0.80071664,"Routers, modems & network hardware",0.8200265169143677,"Routers, modems & network hardware",0.8169893
www.dna.fi,Finnish,laitteet_mokkulat_matkamokkulat_dna-mokkula-4g-wlan-mf93d.html.json,"Routers, modems & network hardware",0.8025978,"Routers, modems & network hardware",0.8233766555786133,"Routers, modems & network hardware",0.8209418
www.dna.fi,Finnish,laitteet_mokkulat_matkamokkulat_dna-mokkula-4g-wlan-mf93d_asetukset.html.json,"Routers, modems & network hardware",0.7910824,"Routers, modems & network hardware",0.8164169788360596,"Routers, modems & network hardware",0.82343876
www.dna.fi,Finnish,laitteet_mokkulat_matkamokkulat_dna-mokkula-4g-wlan-mf93d_kayttoonotto.html.json,"Routers, modems & network hardware",0.78611726,"Routers, modems & network hardware",0.8238149881362915,"Routers, modems & network hardware",0.8230864
www.dna.fi,Finnish,laitteet_mokkulat_matkamokkulat_dna-mokkula-4g-wlan-mf93d_ominaisuudet.html.json,"Routers, modems & network hardware",0.77314866,Network & coverage,0.8012675642967224,"Routers, modems & network hardware",0.80704653
www.dna.fi,Finnish,laitteet_mokkulat_matkamokkulat_dna-mokkula-4g-wlan-mf93d_paivitykset.html.json,"Routers, modems & network hardware",0.7976441,"Routers, modems & network hardware",0.8130300641059875,"Routers, modems & network hardware",0.82132274
www.dna.fi,Finnish,laitteet_mokkulat_matkamokkulat_dna-mokkula-4g-wlan-mf93d_vianrajaus.html.json,"Routers, modems & network hardware",0.786834,Network & coverage,0.8303295969963074,"Routers, modems & network hardware",0.8177386
www.dna.fi,Finnish,laitteet_mokkulat_matkamokkulat_dna-mokkula-4g-wlan-s.html.json,"Routers, modems & network hardware",0.801472,"Routers, modems & network hardware",0.8240773677825928,"Routers, modems & network hardware",0.82905835
www.dna.fi,Finnish,laitteet_mokkulat_matkamokkulat_dna-mokkula-4g-wlan-s_asetukset.html.json,"Routers, modems & network hardware",0.79219544,"Routers, modems & network hardware",0.8289499878883362,"Routers, modems & network hardware",0.83652747
www.dna.fi,Finnish,laitteet_mokkulat_matkamokkulat_dna-mokkula-4g-wlan-s_kayttoonotto.html.json,"Routers, modems & network hardware",0.7825169,"Routers, modems & network hardware",0.8174406886100769,"Routers, modems & network hardware",0.8279481
www.dna.fi,Finnish,laitteet_mokkulat_matkamokkulat_dna-mokkula-4g-wlan-s_ominaisuudet.html.json,"Routers, modems & network hardware",0.7719518,Network & coverage,0.806797981262207,"Routers, modems & network hardware",0.799605
www.dna.fi,Finnish,laitteet_mokkulat_matkamokkulat_dna-mokkula-4g-wlan-s_paivitykset.html.json,"Routers, modems & network hardware",0.7916427,"Routers, modems & network hardware",0.8220611214637756,"Routers, modems & network hardware",0.8143858
www.dna.fi,Finnish,laitteet_mokkulat_matkamokkulat_dna-mokkula-4g-wlan-s_vianrajaus.html.json,Network & coverage,0.7937289,Network & coverage,0.8362163305282593,"Routers, modems & network hardware",0.8216801
www.dna.fi,Finnish,laitteet_mokkulat_matkamokkulat_dna-prepaid-matkamokkula-4g-wlan-mf90.html.json,"Routers, modems & network hardware",0.8020433,"Routers, modems & network hardware",0.8262261152267456,"Routers, modems & network hardware",0.820874
www.dna.fi,Finnish,laitteet_mokkulat_matkamokkulat_dna-prepaid-matkamokkula-4g-wlan-mf90_asetukset.html.json,"Routers, modems & network hardware",0.82399595,Mobile subscriptions & services,0.8394278287887573,"Routers, modems & network hardware",0.82662135
www.dna.fi,Finnish,laitteet_mokkulat_matkamokkulat_dna-prepaid-matkamokkula-4g-wlan-mf90_kayttoonotto.html.json,"Routers, modems & network hardware",0.7841072,"Routers, modems & network hardware",0.8251110911369324,"Routers, modems & network hardware",0.82470685
www.dna.fi,Finnish,laitteet_mokkulat_matkamokkulat_dna-prepaid-matkamokkula-4g-wlan-mf90_ominaisuudet.html.json,Mobile subscriptions & services,0.77307063,Mobile subscriptions & services,0.8162049055099487,"Routers, modems & network hardware",0.8019532
www.dna.fi,Finnish,laitteet_mokkulat_matkamokkulat_dna-prepaid-matkamokkula-4g-wlan-mf90_paivitykset.html.json,"Routers, modems & network hardware",0.7810328,"Routers, modems & network hardware",0.8192030191421509,"Routers, modems & network hardware",0.82137847
www.dna.fi,Finnish,laitteet_mokkulat_matkamokkulat_dna-prepaid-matkamokkula-4g-wlan-mf90_vianmaaritys.html.json,"Routers, modems & network hardware",0.82399595,Mobile subscriptions & services,0.8394278287887573,"Routers, modems & network hardware",0.8262125
www.dna.fi,Finnish,laitteet_mokkulat_mokkulat_dna-mokkula-4g-e3372.html.json,"Routers, modems & network hardware",0.793204,"Routers, modems & network hardware",0.8197924494743347,"Routers, modems & network hardware",0.8181331
www.dna.fi,Finnish,laitteet_mokkulat_mokkulat_dna-mokkula-4g-e3372_asetukset.html.json,"Routers, modems & network hardware",0.81445634,"Routers, modems & network hardware",0.828244686126709,"Routers, modems & network hardware",0.8222953
www.dna.fi,Finnish,laitteet_mokkulat_mokkulat_dna-mokkula-4g-e3372_kayttoonotto.html.json,"Routers, modems & network hardware",0.77501357,"Routers, modems & network hardware",0.8122265338897705,"Routers, modems & network hardware",0.8077215
www.dna.fi,Finnish,laitteet_mokkulat_mokkulat_dna-mokkula-4g-e3372_ominaisuudet.html.json,"Routers, modems & network hardware",0.7679516,"Routers, modems & network hardware",0.8031023740768433,"Routers, modems & network hardware",0.8006754
www.dna.fi,Finnish,laitteet_mokkulat_mokkulat_dna-mokkula-4g-e3372_paivitykset.html.json,"Routers, modems & network hardware",0.78798515,Mobile devices,0.8095768690109253,"Routers, modems & network hardware",0.8185844
www.dna.fi,Finnish,laitteet_mokkulat_mokkulat_dna-mokkula-4g-e3372h.html.json,"Routers, modems & network hardware",0.79885185,"Routers, modems & network hardware",0.8173795938491821,"Routers, modems & network hardware",0.82193965
www.dna.fi,Finnish,laitteet_mokkulat_mokkulat_dna-mokkula-4g-e3372h_asetukset.html.json,"Routers, modems & network hardware",0.781057,Network & coverage,0.8263509273529053,"Routers, modems & network hardware",0.82070625
www.dna.fi,Finnish,laitteet_mokkulat_mokkulat_dna-mokkula-4g-e3372h_kayttoonotto.html.json,SIM & eSIM,0.7790223,SIM & eSIM,0.8156166076660156,"Routers, modems & network hardware",0.8109178
www.dna.fi,Finnish,laitteet_mokkulat_mokkulat_dna-mokkula-4g-e3372h_ominaisuudet.html.json,"Routers, modems & network hardware",0.7705016,"Routers, modems & network hardware",0.8031221628189087,"Routers, modems & network hardware",0.7946665
www.dna.fi,Finnish,laitteet_mokkulat_mokkulat_dna-mokkula-4g-e3372h_paivitykset.html.json,"Routers, modems & network hardware",0.7907873,Mobile devices,0.8066661953926086,"Routers, modems & network hardware",0.818556
www.dna.fi,Finnish,laitteet_mokkulat_mokkulat_dna-mokkula-4g-mf821d.html.json,"Routers, modems & network hardware",0.7926988,"Routers, modems & network hardware",0.8167929649353027,"Routers, modems & network hardware",0.8227105
www.dna.fi,Finnish,laitteet_mokkulat_mokkulat_dna-mokkula-4g-mf821d_asetukset.html.json,Network & coverage,0.7877135,Network & coverage,0.834162175655365,"Routers, modems & network hardware",0.81455636
www.dna.fi,Finnish,laitteet_mokkulat_mokkulat_dna-mokkula-4g-mf821d_kayttoonotto.html.json,"Routers, modems & network hardware",0.78429645,"Routers, modems & network hardware",0.820200502872467,"Routers, modems & network hardware",0.8138001
www.dna.fi,Finnish,laitteet_mokkulat_mokkulat_dna-mokkula-4g-mf821d_ominaisuudet.html.json,"Routers, modems & network hardware",0.7709706,"Routers, modems & network hardware",0.8087767362594604,"Routers, modems & network hardware",0.8055816
www.dna.fi,Finnish,laitteet_mokkulat_mokkulat_dna-mokkula-4g-mf821d_paivitykset.html.json,"Routers, modems & network hardware",0.7831547,Mobile devices,0.8067578077316284,"Routers, modems & network hardware",0.82050306
www.dna.fi,Finnish,laitteet_mokkulat_mokkulat_dna-mokkula-4g-mf821d_vianrajaus.html.json,"Routers, modems & network hardware",0.7777798,"Routers, modems & network hardware",0.8233073949813843,"Routers, modems & network hardware",0.81043494
www.dna.fi,Finnish,laitteet_mokkulat_mokkulat_dna-mokkula-4g-mf823.html.json,"Routers, modems & network hardware",0.7958076,Mobile devices,0.8215792179107666,"Routers, modems & network hardware",0.82094574
www.dna.fi,Finnish,laitteet_mokkulat_mokkulat_dna-mokkula-4g-mf823_asetukset.html.json,"Routers, modems & network hardware",0.7928232,"Routers, modems & network hardware",0.8163259029388428,"Routers, modems & network hardware",0.8125701
www.dna.fi,Finnish,laitteet_mokkulat_mokkulat_dna-mokkula-4g-mf823_kayttoonotto.html.json,"Routers, modems & network hardware",0.787297,"Routers, modems & network hardware",0.8242235779762268,"Routers, modems & network hardware",0.8103926
www.dna.fi,Finnish,laitteet_mokkulat_mokkulat_dna-mokkula-4g-mf823_ominaisuudet.html.json,"Routers, modems & network hardware",0.77534425,"Routers, modems & network hardware",0.8073086738586426,"Routers, modems & network hardware",0.80281675
www.dna.fi,Finnish,laitteet_mokkulat_mokkulat_dna-mokkula-4g-mf823_paivitykset.html.json,"Routers, modems & network hardware",0.78593516,Mobile devices,0.8114551305770874,"Routers, modems & network hardware",0.81922346
www.dna.fi,Finnish,laitteet_mokkulat_mokkulat_dna-mokkula-4g-mf823_vianrajaus.html.json,"Routers, modems & network hardware",0.78218794,"Routers, modems & network hardware",0.826474666595459,"Routers, modems & network hardware",0.80924547
www.dna.fi,Finnish,laitteet_mokkulat_mokkulat_dna-mokkula-4g-wlan-mf920v.html.json,"Routers, modems & network hardware",0.80561733,"Routers, modems & network hardware",0.830327570438385,"Routers, modems & network hardware",0.82383
www.dna.fi,Finnish,laitteet_mokkulat_mokkulat_dna-mokkula-4g-wlan-mf920v_asetukset.html.json,"Routers, modems & network hardware",0.78949034,"Routers, modems & network hardware",0.8330483436584473,"Routers, modems & network hardware",0.82960725
www.dna.fi,Finnish,laitteet_mokkulat_mokkulat_dna-mokkula-4g-wlan-mf920v_kayttoonotto.html.json,"Routers, modems & network hardware",0.7914412,"Routers, modems & network hardware",0.8301986455917358,"Routers, modems & network hardware",0.8238785
www.dna.fi,Finnish,laitteet_mokkulat_mokkulat_dna-mokkula-4g-wlan-mf920v_ominaisuudet.html.json,"Routers, modems & network hardware",0.7853706,Network & coverage,0.8153975605964661,"Routers, modems & network hardware",0.8119106
www.dna.fi,Finnish,laitteet_mokkulat_mokkulat_dna-mokkula-4g-wlan-mf920v_paivitykset.html.json,"Routers, modems & network hardware",0.78054225,Network & coverage,0.8145452737808228,"Routers, modems & network hardware",0.8237648
www.dna.fi,Finnish,laitteet_mokkulat_mokkulat_dna-mokkula-4g-wlan-mf920v_vianrajaus.html.json,Network & coverage,0.78189474,Network & coverage,0.8239524960517883,"Routers, modems & network hardware",0.81516075
www.dna.fi,Finnish,laitteet_mokkulat_mokkulat_dna-mokkula-e3131.html.json,"Routers, modems & network hardware",0.79272187,"Routers, modems & network hardware",0.8150474429130554,"Routers, modems & network hardware",0.82194257
www.dna.fi,Finnish,laitteet_mokkulat_mokkulat_dna-mokkula-e3131_asetukset.html.json,"Routers, modems & network hardware",0.7846005,Network & coverage,0.8211281299591064,"Routers, modems & network hardware",0.82161343
www.dna.fi,Finnish,laitteet_mokkulat_mokkulat_dna-mokkula-e3131_kayttoonotto.html.json,SIM & eSIM,0.78279793,SIM & eSIM,0.82769775390625,"Routers, modems & network hardware",0.80988705
www.dna.fi,Finnish,laitteet_mokkulat_mokkulat_dna-mokkula-e3131_ominaisuudet.html.json,"Routers, modems & network hardware",0.7639321,"Routers, modems & network hardware",0.7967714071273804,"Routers, modems & network hardware",0.7950267
www.dna.fi,Finnish,laitteet_mokkulat_mokkulat_dna-mokkula-e3131_paivitykset.html.json,"Routers, modems & network hardware",0.79203224,"Routers, modems & network hardware",0.808496356010437,"Routers, modems & network hardware",0.823254
www.dna.fi,Finnish,laitteet_mokkulat_mokkulat_dna-mokkula-e3131_vianrajaus.html.json,"Routers, modems & network hardware",0.77158517,"Routers, modems & network hardware",0.8147992491722107,"Routers, modems & network hardware",0.81678545
www.dna.fi,Finnish,laitteet_mokkulat_mokkulat_dna-mokkula-e3531.html.json,"Routers, modems & network hardware",0.7927526,"Routers, modems & network hardware",0.8174548745155334,"Routers, modems & network hardware",0.82488966
www.dna.fi,Finnish,laitteet_mokkulat_mokkulat_dna-mokkula-e3531_asetukset.html.json,"Routers, modems & network hardware",0.78477997,"Routers, modems & network hardware",0.8169209957122803,"Routers, modems & network hardware",0.81807315
www.dna.fi,Finnish,laitteet_mokkulat_mokkulat_dna-mokkula-e3531_kayttoonotto.html.json,SIM & eSIM,0.7836826,SIM & eSIM,0.8291395902633667,"Routers, modems & network hardware",0.81284827
www.dna.fi,Finnish,laitteet_mokkulat_mokkulat_dna-mokkula-e3531_ominaisuudet.html.json,"Routers, modems & network hardware",0.7696433,"Routers, modems & network hardware",0.7973122596740723,"Routers, modems & network hardware",0.79855657
www.dna.fi,Finnish,laitteet_mokkulat_mokkulat_dna-mokkula-e3531_paivitykset.html.json,"Routers, modems & network hardware",0.79466283,"Routers, modems & network hardware",0.8134607076644897,"Routers, modems & network hardware",0.82556987
www.dna.fi,Finnish,laitteet_mokkulat_mokkulat_dna-mokkula-e3531_vianmaaritys.html.json,"Routers, modems & network hardware",0.7755039,"Routers, modems & network hardware",0.8194446563720703,"Routers, modems & network hardware",0.81984776
www.dna.fi,Finnish,laitteet_mokkulat_ulkomokkulat.html.json,Network & coverage,0.78420407,Network & coverage,0.8207692503929138,"Routers, modems & network hardware",0.81940854
www.dna.fi,Finnish,laitteet_mokkulat_ulkomokkulat_dna-ulkomokkula-4g-wlan-b2338-168.html.json,"Routers, modems & network hardware",0.80370116,"Routers, modems & network hardware",0.8266381025314331,"Routers, modems & network hardware",0.82049465
www.dna.fi,Finnish,laitteet_mokkulat_ulkomokkulat_dna-ulkomokkula-4g-wlan-b2338-168_ominaisuudet.html.json,Network & coverage,0.7761882,Network & coverage,0.8110801577568054,"Routers, modems & network hardware",0.8075251
www.dna.fi,Finnish,laitteet_mokkulat_ulkomokkulat_dna-ulkomokkula-4g-wlan-b2338-168_paivitykset.html.json,"Routers, modems & network hardware",0.78984433,"Routers, modems & network hardware",0.8166097402572632,"Routers, modems & network hardware",0.81874496
www.dna.fi,Finnish,laitteet_mokkulat_ulkomokkulat_dna-ulkomokkula-4g-wlan-b2338-168_vianrajaus.html.json,Network & coverage,0.7814675,Network & coverage,0.811066210269928,"Routers, modems & network hardware",0.8044013
www.dna.fi,Finnish,laitteet_mokkulat_ulkomokkulat_dna-ulkomokkula-4g-wlan-b2368-66.html.json,"Routers, modems & network hardware",0.8020445,"Routers, modems & network hardware",0.8212824463844299,"Routers, modems & network hardware",0.817557
www.dna.fi,Finnish,laitteet_mokkulat_ulkomokkulat_dna-ulkomokkula-4g-wlan-b2368-66_ominaisuudet.html.json,Network & coverage,0.7856599,Network & coverage,0.8275551199913025,"Routers, modems & network hardware",0.8119998
www.dna.fi,Finnish,laitteet_mokkulat_ulkomokkulat_dna-ulkomokkula-4g-wlan-b2368-66_paivitykset.html.json,Network & coverage,0.7854998,Network & coverage,0.8133533000946045,"Routers, modems & network hardware",0.82101285
www.dna.fi,Finnish,laitteet_mokkulat_ulkomokkulat_dna-ulkomokkula-4g-wlan-b2368-66_vianrajaus.html.json,Network & coverage,0.7804477,Network & coverage,0.8125163316726685,Network & coverage,0.8033522
www.dna.fi,Finnish,laitteet_mokkulat_ulkomokkulat_dna-ulkomokkula-5g-mc7010.html.json,"Routers, modems & network hardware",0.8102553,"Routers, modems & network hardware",0.8411049842834473,"Routers, modems & network hardware",0.8206382
www.dna.fi,Finnish,laitteet_mokkulat_ulkomokkulat_dna-ulkomokkula-5g-mc7010_ominaisuudet.html.json,Network & coverage,0.78047895,Network & coverage,0.8328323364257812,"Routers, modems & network hardware",0.808572
www.dna.fi,Finnish,laitteet_mokkulat_ulkomokkulat_dna-ulkomokkula-5g-mc7010_paivitykset.html.json,Network & coverage,0.7867324,Network & coverage,0.8265118598937988,"Routers, modems & network hardware",0.8223204
www.dna.fi,Finnish,laitteet_mokkulat_ulkomokkulat_dna-ulkomokkula-5g-mc7010_vianmaaritys.html.json,Network & coverage,0.7920834,"Routers, modems & network hardware",0.8392717838287354,"Routers, modems & network hardware",0.8275881
www.dna.fi,Finnish,laitteet_mokkulat_ulkomokkulat_dna-ulkomokkula-5g-mc889a.html.json,"Routers, modems & network hardware",0.7854102,"Routers, modems & network hardware",0.8260266780853271,"Routers, modems & network hardware",0.8196896
www.dna.fi,Finnish,laitteet_mokkulat_ulkomokkulat_dna-ulkomokkula-5g-mc889a_asetukset.html.json,"Routers, modems & network hardware",0.7781979,"Routers, modems & network hardware",0.8200739622116089,"Routers, modems & network hardware",0.8185826
www.dna.fi,Finnish,laitteet_mokkulat_ulkomokkulat_dna-ulkomokkula-5g-mc889a_ominaisuudet.html.json,Network & coverage,0.79480827,Network & coverage,0.830131471157074,"Routers, modems & network hardware",0.8066458
www.dna.fi,Finnish,laitteet_mokkulat_ulkomokkulat_dna-ulkomokkula-5g-mc889a_paivitykset.html.json,Network & coverage,0.7856959,Network & coverage,0.8233783841133118,"Routers, modems & network hardware",0.8133818
www.dna.fi,Finnish,laitteet_mokkulat_ulkomokkulat_dna-ulkomokkula-5g-mc889a_vianmaaritys.html.json,Network & coverage,0.79417646,"Routers, modems & network hardware",0.8355392813682556,"Routers, modems & network hardware",0.82640636
www.dna.fi,Finnish,laitteet_mokkulat_ulkomokkulat_ulkomokkula-5g-h312.html.json,Network & coverage,0.7989893,Network & coverage,0.8214271068572998,"Routers, modems & network hardware",0.81946564
www.dna.fi,Finnish,laitteet_mokkulat_ulkomokkulat_ulkomokkula-5g-h312_kayttoonotto.html.json,Network & coverage,0.79236853,Network & coverage,0.8323219418525696,Network & coverage,0.809318
www.dna.fi,Finnish,laitteet_mokkulat_ulkomokkulat_ulkomokkula-5g-h312_ominaisuudet.html.json,Network & coverage,0.7758913,Network & coverage,0.8181999325752258,Network & coverage,0.8003551
www.dna.fi,Finnish,laitteet_mokkulat_ulkomokkulat_ulkomokkula-5g-h312_vianrajaus.html.json,Network & coverage,0.7731222,Network & coverage,0.8116767406463623,"Routers, modems & network hardware",0.80169934
www.dna.fi,Finnish,laskutus_laskutulkki.html.json,Billing & payment,0.78496575,Billing & payment,0.8106687068939209,Billing & payment,0.815837
www.dna.fi,Finnish,liittymat_puk-koodi.html.json,SIM & eSIM,0.80221283,SIM & eSIM,0.8429056406021118,SIM & eSIM,0.82482946
www.dna.fi,Finnish,netti.html.json,Network & coverage,0.7854248,Broadband & fixed internet,0.8225403428077698,"Routers, modems & network hardware",0.8307812
www.dna.fi,Finnish,netti_wifi.html.json,"Routers, modems & network hardware",0.7878474,"Routers, modems & network hardware",0.8308477997779846,"Routers, modems & network hardware",0.8352084
www.dna.fi,Finnish,palvelut_deezer.html.json,Account & login,0.75642204,Account & login,0.7970962524414062,Account & login,0.79320145
www.dna.fi,Finnish,palvelut_laiteturva.html.json,Mobile devices,0.7798993,Mobile devices,0.8284415006637573,Mobile devices,0.81879926
www.dna.fi,Finnish,puhelinliittymat.html.json,SIM & eSIM,0.8238627,SIM & eSIM,0.8648548126220703,SIM & eSIM,0.82953143
www.dna.fi,Finnish,puhelinliittymat_aktivointi.html.json,Mobile subscriptions & services,0.76347905,Mobile subscriptions & services,0.8211547136306763,Mobile subscriptions & services,0.82436025
www.dna.fi,Finnish,puhelinliittymat_esim.html.json,SIM & eSIM,0.8227612,SIM & eSIM,0.8695517778396606,SIM & eSIM,0.85838985
www.dna.fi,Finnish,puhelinliittymat_numeronsiirto.html.json,SIM & eSIM,0.7684821,Other,0.8126181364059448,SIM & eSIM,0.8111448
www.dna.fi,Finnish,puhelinliittymat_puhelinlaskulla-maksaminen.html.json,Mobile subscriptions & services,0.7953198,Mobile subscriptions & services,0.8177815079689026,Account & login,0.8150822
www.dna.fi,Finnish,puhelinliittymat_puhelinlaskulla-maksaminen_app-store.html.json,Mobile subscriptions & services,0.76825,Account & login,0.798991858959198,Mobile subscriptions & services,0.82722247
www.dna.fi,Finnish,puhelinliittymat_puhelinlaskulla-maksaminen_google-play.html.json,Mobile subscriptions & services,0.76553,Account & login,0.8022944927215576,Billing & payment,0.81606185
www.dna.fi,Finnish,puhelinliittymat_puhelinlaskulla-maksaminen_microsoft-store.html.json,Mobile subscriptions & services,0.7722248,Mobile subscriptions & services,0.805362343788147,Mobile subscriptions & services,0.81777036
www.dna.fi,Finnish,puhelinliittymat_puk-koodi.html.json,SIM & eSIM,0.80221283,SIM & eSIM,0.8429056406021118,SIM & eSIM,0.82482946
www.dna.fi,Finnish,puhelinliittymat_wifi-puhelut.html.json,Mobile subscriptions & services,0.7834918,Mobile subscriptions & services,0.8303409218788147,Mobile subscriptions & services,0.82996714
www.dna.fi,Finnish,tietoturva.html.json,Mobile devices,0.80343866,Mobile devices,0.8340248465538025,Account & login,0.8201443
www.dna.fi,Finnish,tietoturva_digiturva.html.json,Mobile devices,0.7625686,"Routers, modems & network hardware",0.8036011457443237,Account & login,0.80431056
www.dna.fi,Finnish,tietoturva_digiturva_nettipetosvakuutus.html.json,Mobile devices,0.7544148,Other,0.8126883506774902,Mobile devices,0.79344827
www.dna.fi,Finnish,tietoturva_digiturva_paivitykset.html.json,Mobile devices,0.7824291,Mobile devices,0.8217782974243164,Account & login,0.806481
www.dna.fi,Finnish,verkot-ja-hairiotilanteet.html.json,Network & coverage,0.8422482,Network & coverage,0.8796918988227844,Network & coverage,0.8343088
www.dna.fi,Finnish,verkot-ja-hairiotilanteet_hairiotilanteet_vinkit.html.json,"Routers, modems & network hardware",0.7835556,"Routers, modems & network hardware",0.8257102966308594,Network & coverage,0.83031756
www.dna.fi,Finnish,verkot-ja-hairiotilanteet_viat-ja-hairiot.html.json,Network & coverage,0.7963794,Network & coverage,0.829792857170105,Network & coverage,0.83525944
www.dna.fi,Finnish,viihde_dnahubi_1-sukupolvi_kayttoonotto.html.json,"Routers, modems & network hardware",0.77265096,"Routers, modems & network hardware",0.8237988948822021,TV & streaming,0.80947185
www.dna.fi,Finnish,viihde_dnahubi_1-sukupolvi_paivitykset.html.json,TV & streaming,0.76164937,TV & streaming,0.8135008811950684,TV & streaming,0.80942714
www.dna.fi,Finnish,viihde_dnahubi_2-sukupolvi_kaukosaadin.html.json,TV & streaming,0.75242555,TV & streaming,0.8294713497161865,TV & streaming,0.7942521
www.dna.fi,Finnish,viihde_dnahubi_2-sukupolvi_tekniset-tiedot.html.json,TV & streaming,0.78416896,TV & streaming,0.8252531290054321,TV & streaming,0.81147504
www.dna.fi,Finnish,viihde_dnahubi_maksullisten-kanavien-muutos.html.json,TV & streaming,0.7888539,TV & streaming,0.8252806663513184,TV & streaming,0.81574905
www.dna.fi,Finnish,viihde_dnahubi_viihdeboksikaiuttimilla_tekniset-tiedot.html.json,TV & streaming,0.77803427,TV & streaming,0.823290228843689,TV & streaming,0.8030412
www.dna.fi,Finnish,viihde_dnatv-androidtv.html.json,TV & streaming,0.7726029,TV & streaming,0.8270139694213867,TV & streaming,0.80462617
www.dna.fi,Finnish,viihde_dnatv-appletv.html.json,TV & streaming,0.7537806,TV & streaming,0.8017514944076538,TV & streaming,0.8004252
www.dna.fi,Finnish,viihde_dnatv-selaimessa.html.json,TV & streaming,0.77673006,TV & streaming,0.8323177695274353,TV & streaming,0.8189561
www.dna.fi,Finnish,viihde_suoratoistopalvelut.html.json,TV & streaming,0.7870735,TV & streaming,0.845111072063446,TV & streaming,0.82516664
www.dna.fi,Finnish,viihde_suoratoistopalvelut_mtvkatsomo.html.json,TV & streaming,0.7599116,TV & streaming,0.8122010231018066,TV & streaming,0.8172434
www.dna.fi,Finnish,viihde_suoratoistopalvelut_viihdekirjasto.html.json,TV & streaming,0.75487316,TV & streaming,0.7973023653030396,TV & streaming,0.8183758
www.dna.fi,Finnish,viihde_tuki-dna-tv-palvelulle-hubi-1-laitteella-paattyy.html.json,TV & streaming,0.79244447,TV & streaming,0.8408586382865906,TV & streaming,0.8259351
www.dna.fi,Finnish,viihde_vuokraamo.html.json,TV & streaming,0.7686727,TV & streaming,0.822701632976532,TV & streaming,0.8094323
www.dna.fi,Finnish,yhteystiedot_asiakaspalvelu.html.json,SIM & eSIM,0.7694256,Mobile subscriptions & services,0.8047016859054565,Mobile devices,0.8021269
www.dna.fi,Finnish,yhteystiedot_kayttoonottopalvelu.html.json,Mobile devices,0.787693,Mobile devices,0.8232171535491943,Mobile devices,0.8160356
www.dna.fi,Finnish,yhteystiedot_myyntipalvelu.html.json,Mobile devices,0.7871281,Mobile subscriptions & services,0.8248029947280884,Account & login,0.80921555
www.telenor.dk,Danish,Mobilabonnementer-og-services_andre-services.html.json,Mobile devices,0.80561924,Mobile devices,0.8481844663619995,Mobile devices,0.8224355
www.telenor.dk,Danish,Mobilabonnementer-og-services_andre-services_ekstra-data.html.json,Mobile subscriptions & services,0.7987025,Mobile subscriptions & services,0.8338413834571838,Mobile subscriptions & services,0.8160927
www.telenor.dk,Danish,Mobilabonnementer-og-services_andre-services_forbrugsmax.html.json,Mobile subscriptions & services,0.7924602,Mobile subscriptions & services,0.8260382413864136,SIM & eSIM,0.8121785
www.telenor.dk,Danish,Mobilabonnementer-og-services_andre-services_skaermforsikring.html.json,Mobile devices,0.8039496,Mobile devices,0.8302062749862671,Mobile devices,0.82404196
www.telenor.dk,Danish,Mobilabonnementer-og-services_andre-services_viderestilling.html.json,Mobile subscriptions & services,0.77688026,Other,0.8052194714546204,Mobile subscriptions & services,0.8172968
www.telenor.dk,Danish,Mobilabonnementer-og-services_fejlsogning.html.json,SIM & eSIM,0.8057711,SIM & eSIM,0.838273823261261,SIM & eSIM,0.8206817
www.telenor.dk,Danish,Mobilabonnementer-og-services_fejlsogning_lav-hastighed-eller-intet-netvark.html.json,Network & coverage,0.8026099,Network & coverage,0.8505731821060181,Network & coverage,0.82848287
www.telenor.dk,Danish,Mobilabonnementer-og-services_mit-abonnement.html.json,Mobile subscriptions & services,0.7845503,Mobile subscriptions & services,0.8189939260482788,Mobile subscriptions & services,0.82540596
www.telenor.dk,Danish,Mobilabonnementer-og-services_mit-abonnement_flyt-nummer-til-telenor.html.json,SIM & eSIM,0.7999984,SIM & eSIM,0.8379842042922974,SIM & eSIM,0.8128954
www.telenor.dk,Danish,Mobilabonnementer-og-services_mit-abonnement_opsig-dit-abonnement.html.json,Mobile subscriptions & services,0.7949929,Mobile subscriptions & services,0.828997790813446,Mobile subscriptions & services,0.81967235
www.telenor.dk,Danish,Mobilabonnementer-og-services_mit-abonnement_opsig-mobilforsikring.html.json,Mobile subscriptions & services,0.77338743,Mobile subscriptions & services,0.8025165796279907,Mobile subscriptions & services,0.8057631
www.telenor.dk,Danish,Mobilabonnementer-og-services_mit-abonnement_overdrag-telefonnummer.html.json,Other,0.75115514,Other,0.8183596730232239,Mobile subscriptions & services,0.78743446
www.telenor.dk,Danish,Mobilabonnementer-og-services_mit-abonnement_samlerabat.html.json,Mobile subscriptions & services,0.78421104,Mobile subscriptions & services,0.8251245021820068,Mobile subscriptions & services,0.81381714
www.telenor.dk,Danish,Mobilabonnementer-og-services_mit-abonnement_skift-abonnement-og-mobil.html.json,Mobile subscriptions & services,0.7892573,Mobile subscriptions & services,0.8232871890068054,Mobile subscriptions & services,0.83699036
www.telenor.dk,Danish,Mobilabonnementer-og-services_mit-abonnement_skift-abonnement.html.json,Mobile subscriptions & services,0.7845503,Mobile subscriptions & services,0.8189939260482788,Mobile subscriptions & services,0.82540596
www.telenor.dk,Danish,Mobilabonnementer-og-services_opsatning.html.json,SIM & eSIM,0.79466194,SIM & eSIM,0.8263751268386841,SIM & eSIM,0.81162834
www.telenor.dk,Danish,Mobilabonnementer-og-services_opsatning_esim.html.json,SIM & eSIM,0.82267594,SIM & eSIM,0.8592665195465088,SIM & eSIM,0.8454058
www.telenor.dk,Danish,Mobilabonnementer-og-services_opsatning_find-simkort-nummer.html.json,SIM & eSIM,0.7934357,SIM & eSIM,0.828122079372406,SIM & eSIM,0.8276895
www.telenor.dk,Danish,Mobilabonnementer-og-services_opsatning_forbrugskontrol.html.json,Mobile subscriptions & services,0.7775854,Account & login,0.8258318901062012,Mobile subscriptions & services,0.8007195
www.telenor.dk,Danish,Mobilabonnementer-og-services_opsatning_hvordan-aktiverer-jeg-et-nyt-simkort.html.json,SIM & eSIM,0.80161095,SIM & eSIM,0.840280294418335,SIM & eSIM,0.83267313
www.telenor.dk,Danish,Mobilabonnementer-og-services_opsatning_hvordan-far-jeg-hemmeligt-nummer.html.json,Mobile subscriptions & services,0.7526818,Account & login,0.7930963039398193,Mobile subscriptions & services,0.78704345
www.telenor.dk,Danish,Mobilabonnementer-og-services_opsatning_opsatning-af-din-telefonsvarer.html.json,Mobile devices,0.77255,Other,0.8082192540168762,Mobile subscriptions & services,0.8100036
www.telenor.dk,Danish,Mobilabonnementer-og-services_opsatning_smartnummer.html.json,Mobile devices,0.78310335,Mobile devices,0.8257927894592285,Mobile devices,0.79731214
www.telenor.dk,Danish,Mobilabonnementer-og-services_tryghed.html.json,Mobile devices,0.78141505,Network & coverage,0.8211975693702698,Network & coverage,0.7998966
www.telenor.dk,Danish,Mobilabonnementer-og-services_tryghed_chikaneopkald.html.json,SIM & eSIM,0.75186896,Other,0.8030484914779663,Mobile subscriptions & services,0.79562134
www.telenor.dk,Danish,Mobilabonnementer-og-services_tryghed_fupopkald.html.json,SIM & eSIM,0.7736001,Other,0.8069757223129272,SIM & eSIM,0.8014327
www.telenor.dk,Danish,Mobilabonnementer-og-services_tryghed_phishing.html.json,SIM & eSIM,0.7588672,Account & login,0.8110476732254028,Account & login,0.78807247
www.telenor.dk,Danish,Mobilabonnementer-og-services_tryghed_sparring-og-bornesikring.html.json,Mobile subscriptions & services,0.80073285,Mobile subscriptions & services,0.8373743295669556,Mobile subscriptions & services,0.8238336
www.telenor.dk,Danish,Mobilabonnementer-og-services_tryghed_webshop-svindel.html.json,Mobile devices,0.77662313,Mobile devices,0.818028450012207,Mobile devices,0.7992908
www.telenor.dk,Danish,Mobilabonnementer-og-services_udland_ferietips2.html.json,Mobile subscriptions & services,0.7946972,Mobile subscriptions & services,0.8304905891418457,Mobile subscriptions & services,0.8156661
www.telenor.dk,Danish,Mobilabonnementer-og-services_udland_surfkontrol-udland.html.json,Mobile subscriptions & services,0.7851061,Mobile subscriptions & services,0.8232018947601318,Mobile subscriptions & services,0.80448234
www.telenor.dk,Danish,Mobilabonnementer-og-services_udland_udlandspriser-i-udlandet.html.json,Mobile subscriptions & services,0.79308355,Mobile subscriptions & services,0.8327819108963013,Mobile subscriptions & services,0.8156042
www.telenor.dk,Danish,derfor-ringer-vi.html.json,Mobile subscriptions & services,0.7732451,Other,0.8174458742141724,Mobile subscriptions & services,0.8015735
www.telenor.dk,Danish,drift-og-dakning_dakning.html.json,Network & coverage,0.80566,Network & coverage,0.8576565980911255,Network & coverage,0.83907044
www.telenor.dk,Danish,drift-og-dakning_fejlmelding.html.json,Network & coverage,0.8031205,Network & coverage,0.8504133224487305,Network & coverage,0.8413774
www.telenor.dk,Danish,drift-og-dakning_fejlmelding_anmeld-fupopkald.html.json,Mobile subscriptions & services,0.77777547,Account & login,0.8134050369262695,Mobile subscriptions & services,0.7917707
www.telenor.dk,Danish,drift-og-dakning_gode-rad-til-bedre-dakning.html.json,Mobile subscriptions & services,0.7784128,"Routers, modems & network hardware",0.8082808256149292,Mobile subscriptions & services,0.82234246
www.telenor.dk,Danish,drift-og-dakning_gode-rad-til-bedre-dakning_dakning-i-udlandet.html.json,Network & coverage,0.7814825,Network & coverage,0.8314626216888428,Mobile subscriptions & services,0.8216716
www.telenor.dk,Danish,drift-og-dakning_gode-rad-til-bedre-dakning_guide-saadan-far-du-bedre-mobildaekning.html.json,Mobile subscriptions & services,0.77841264,"Routers, modems & network hardware",0.8082809448242188,Mobile subscriptions & services,0.8223423
www.telenor.dk,Danish,drift-og-dakning_gode-rad-til-bedre-dakning_manglende-5g-dakning.html.json,Network & coverage,0.8214648,Network & coverage,0.873498797416687,Network & coverage,0.84983134
www.telenor.dk,Danish,drift-og-dakning_gode-rad-til-bedre-dakning_problemer-med-at-modtage-eller-sende-mms.html.json,Mobile subscriptions & services,0.75494397,Network & coverage,0.8049788475036621,Network & coverage,0.7984514
www.telenor.dk,Danish,drift-og-dakning_gode-rad-til-bedre-dakning_problemer-med-at-sende-og-modtage-sms.html.json,Mobile devices,0.75332236,Mobile devices,0.7929204702377319,Mobile subscriptions & services,0.79528415
www.telenor.dk,Danish,drift-og-dakning_gode-rad-til-bedre-dakning_sadan-far-du-bedre-indendorsdakning.html.json,Network & coverage,0.7916857,Network & coverage,0.8399488925933838,Network & coverage,0.800197
www.telenor.dk,Danish,drift-og-dakning_hastighed.html.json,Broadband & fixed internet,0.7696789,Broadband & fixed internet,0.8288490772247314,Broadband & fixed internet,0.80645394
www.telenor.dk,Danish,internet.html.json,"Routers, modems & network hardware",0.80703634,"Routers, modems & network hardware",0.8549978733062744,"Routers, modems & network hardware",0.8350634
www.telenor.dk,Danish,internet_hjaelp-til-dit-internet.html.json,"Routers, modems & network hardware",0.7972035,"Routers, modems & network hardware",0.8508161306381226,"Routers, modems & network hardware",0.833238
www.telenor.dk,Danish,internet_hjaelp-til-dit-internet_aktiverering-af-internet-coax_laes-mere-her.html.json,"Routers, modems & network hardware",0.7871425,"Routers, modems & network hardware",0.8408113718032837,"Routers, modems & network hardware",0.8025582
www.telenor.dk,Danish,internet_hjaelp-til-dit-internet_jeg-har-problemer-med-mit-wifiinternet_mit-internet-er-langsomt.html.json,Broadband & fixed internet,0.7831375,Broadband & fixed internet,0.8355494737625122,Broadband & fixed internet,0.8199383
www.telenor.dk,Danish,internet_hjaelp-til-dit-internet_jeg-har-problemer-med-mit-wifiinternet_mit-internet-er-ustabilt.html.json,Network & coverage,0.7830138,"Routers, modems & network hardware",0.8341290950775146,Network & coverage,0.82195413
www.telenor.dk,Danish,internet_hjaelp-til-dit-internet_jeg-har-problemer-med-mit-wifiinternet_mit-internet-virker-ikke.html.json,"Routers, modems & network hardware",0.77654546,"Routers, modems & network hardware",0.8330696821212769,Network & coverage,0.8174206
www.telenor.dk,Danish,internet_hjaelp-til-dit-internet_sporgsmal-til-min-teknikertid_laes-mere-her.html.json,"Routers, modems & network hardware",0.76690197,"Routers, modems & network hardware",0.8185734748840332,"Routers, modems & network hardware",0.8006799
www.telenor.dk,Danish,internet_hjalp-til-dit-internetabonnement.html.json,Broadband & fixed internet,0.77055204,Broadband & fixed internet,0.8332554697990417,Broadband & fixed internet,0.80009854
www.telenor.dk,Danish,internet_hjalp-til-dit-internetabonnement_flytning-af-internet_faa-hjaelp-her.html.json,Broadband & fixed internet,0.76610136,Broadband & fixed internet,0.8246458768844604,Broadband & fixed internet,0.81824476
www.telenor.dk,Danish,internet_hjalp-til-dit-internetabonnement_opsigelse-af-internetabonnement_faa-hjaelp-her.html.json,Mobile subscriptions & services,0.7654468,Broadband & fixed internet,0.8126026391983032,Mobile subscriptions & services,0.7978451
www.telenor.dk,Danish,internet_hjalp-til-dit-internetabonnement_skift-internetudbyder-til-telenor_faa-hjaelp-her.html.json,Broadband & fixed internet,0.76298475,Broadband & fixed internet,0.8153226971626282,Mobile subscriptions & services,0.79424834
www.telenor.dk,Danish,internet_kom_godt_i_gang_5gkaon-fa7150_opsaetning_og_hjaelp.html.json,"Routers, modems & network hardware",0.78924406,"Routers, modems & network hardware",0.8441881537437439,"Routers, modems & network hardware",0.8238698
www.telenor.dk,Danish,internet_kom_godt_i_gang_5gkaon-fa75502_opsaetning_og_hjaelp.html.json,"Routers, modems & network hardware",0.7879894,"Routers, modems & network hardware",0.8416738510131836,Network & coverage,0.8238903
www.telenor.dk,Danish,internet_kom_godt_i_gang_Sagemcom.html.json,"Routers, modems & network hardware",0.79155207,"Routers, modems & network hardware",0.8517872095108032,"Routers, modems & network hardware",0.8182688
www.telenor.dk,Danish,internet_kom_godt_i_gang_huawei-b311-4g_opsaetning_og_hjaelp.html.json,"Routers, modems & network hardware",0.7897781,"Routers, modems & network hardware",0.8434349298477173,"Routers, modems & network hardware",0.8295266
www.telenor.dk,Danish,internet_kom_godt_i_gang_icotera-router.html.json,"Routers, modems & network hardware",0.80051374,"Routers, modems & network hardware",0.8559576272964478,"Routers, modems & network hardware",0.82417
www.telenor.dk,Danish,internet_kom_godt_i_gang_kaon-ap2400_opsaetning_og_hjaelp.html.json,"Routers, modems & network hardware",0.7994034,"Routers, modems & network hardware",0.8549723625183105,"Routers, modems & network hardware",0.81630415
www.telenor.dk,Danish,internet_kom_godt_i_gang_kaon.html.json,"Routers, modems & network hardware",0.7924423,"Routers, modems & network hardware",0.8488875031471252,"Routers, modems & network hardware",0.8231417
www.telenor.dk,Danish,internet_kom_godt_i_gang_technicolor.html.json,"Routers, modems & network hardware",0.80124795,"Routers, modems & network hardware",0.8567692041397095,"Routers, modems & network hardware",0.8288225
www.telenor.dk,Danish,internet_kom_godt_i_gang_wifi-6-extender_opsaetning_og_hjaelp.html.json,"Routers, modems & network hardware",0.78678036,"Routers, modems & network hardware",0.8451321721076965,"Routers, modems & network hardware",0.8025048
www.telenor.dk,Danish,klager-og-forbedringer.html.json,Mobile subscriptions & services,0.79331267,Mobile subscriptions & services,0.831122875213623,Mobile devices,0.8168112
www.telenor.dk,Danish,kob-og-regning_betaling.html.json,Billing & payment,0.79020834,Billing & payment,0.8315806984901428,Billing & payment,0.81385994
www.telenor.dk,Danish,kob-og-regning_betaling_finansiering-med-payex.html.json,Billing & payment,0.77518404,Billing & payment,0.819197416305542,Billing & payment,0.81467664
www.telenor.dk,Danish,kob-og-regning_betaling_koeb-paa-afbetaling.html.json,Billing & payment,0.78472793,Billing & payment,0.8329606056213379,Billing & payment,0.8285235
www.telenor.dk,Danish,kob-og-regning_betaling_kreditnota.html.json,Billing & payment,0.7849898,Billing & payment,0.8341375589370728,Billing & payment,0.8204999
www.telenor.dk,Danish,kob-og-regning_betaling_skift-til-automatisk-kortbetaling.html.json,SIM & eSIM,0.7734886,Account & login,0.8235605955123901,Billing & payment,0.80623025
www.telenor.dk,Danish,kob-og-regning_betaling_skift-til-mobilepay.html.json,Mobile subscriptions & services,0.77196884,Account & login,0.8171343803405762,Mobile subscriptions & services,0.8031726
www.telenor.dk,Danish,kob-og-regning_betaling_sporgsmal-og-svar-om-betalingsservice.html.json,Mobile subscriptions & services,0.7887478,Account & login,0.8252005577087402,Mobile subscriptions & services,0.80656594
www.telenor.dk,Danish,kob-og-regning_betaling_telenor-afbetaling.html.json,Billing & payment,0.769894,Billing & payment,0.8132290840148926,Billing & payment,0.8018347
www.telenor.dk,Danish,kob-og-regning_dit-kob-hos-telenor.html.json,Mobile devices,0.76481825,"Routers, modems & network hardware",0.8044754862785339,"Routers, modems & network hardware",0.7884369
www.telenor.dk,Danish,kob-og-regning_dit-kob-hos-telenor_levering-af-bredband.html.json,Broadband & fixed internet,0.782694,Broadband & fixed internet,0.8361810445785522,Broadband & fixed internet,0.8049892
www.telenor.dk,Danish,kob-og-regning_dit-kob-hos-telenor_levering-af-mobilmobilt-bredband.html.json,Mobile subscriptions & services,0.7764864,Broadband & fixed internet,0.8239362239837646,Mobile subscriptions & services,0.8008213
www.telenor.dk,Danish,kob-og-regning_dit-kob-hos-telenor_priser-og-vilkar.html.json,Mobile subscriptions & services,0.81092143,Account & login,0.8489593863487244,Mobile subscriptions & services,0.85420674
www.telenor.dk,Danish,kob-og-regning_dit-kob-hos-telenor_reklamation.html.json,Mobile devices,0.7791966,Mobile devices,0.8101906776428223,Mobile devices,0.80667126
www.telenor.dk,Danish,kob-og-regning_dit-kob-hos-telenor_telefoni-via-bredband-voip.html.json,Mobile subscriptions & services,0.80004305,Broadband & fixed internet,0.8409228324890137,Broadband & fixed internet,0.8206629
www.telenor.dk,Danish,kob-og-regning_opret-retur.html.json,SIM & eSIM,0.7507324,"Routers, modems & network hardware",0.7997069954872131,"Routers, modems & network hardware",0.7757487
www.telenor.dk,Danish,kob-og-regning_opret-retur_ReturnHardware.html.json,SIM & eSIM,0.7507325,"Routers, modems & network hardware",0.7997069954872131,"Routers, modems & network hardware",0.7757487
www.telenor.dk,Danish,kob-og-regning_regning.html.json,Mobile subscriptions & services,0.78502953,Billing & payment,0.8330672383308411,Billing & payment,0.8278991
www.telenor.dk,Danish,kob-og-regning_regning_dine-sidste-regninger.html.json,Billing & payment,0.7847036,Billing & payment,0.8327877521514893,Billing & payment,0.82267344
www.telenor.dk,Danish,kob-og-regning_regning_du-har-betalt-med-mobilen.html.json,Mobile subscriptions & services,0.80589056,Mobile subscriptions & services,0.8427423238754272,Mobile subscriptions & services,0.8269273
www.telenor.dk,Danish,kob-og-regning_regning_du-har-ringet-til-udlandet.html.json,Mobile subscriptions & services,0.77853304,Mobile subscriptions & services,0.8139268159866333,Mobile subscriptions & services,0.8297877
www.telenor.dk,Danish,kob-og-regning_regning_du-har-varet-i-udlandet.html.json,Mobile subscriptions & services,0.79458153,Mobile subscriptions & services,0.8349505662918091,Mobile subscriptions & services,0.8286325
www.telenor.dk,Danish,kob-og-regning_regning_for-sen-betaling.html.json,Billing & payment,0.808815,Billing & payment,0.8403857350349426,Billing & payment,0.8243203
www.telenor.dk,Danish,kob-og-regning_regning_info-om-service--og-90-numre.html.json,Mobile subscriptions & services,0.7797183,Mobile subscriptions & services,0.8193867206573486,Billing & payment,0.8090507
www.telenor.dk,Danish,kontakt.html.json,Mobile subscriptions & services,0.79906446,Mobile subscriptions & services,0.8382469415664673,SIM & eSIM,0.8297015
www.telenor.dk,Danish,kontakt_ring-til-os.html.json,Mobile subscriptions & services,0.8045011,Account & login,0.840378999710083,Mobile subscriptions & services,0.84298354
www.telenor.dk,Danish,mit-telenor_funktioner-i-mit-telenor.html.json,Mobile subscriptions & services,0.7926376,Mobile subscriptions & services,0.8344041109085083,Mobile subscriptions & services,0.8326365
www.telenor.dk,Danish,mit-telenor_funktioner-i-mit-telenor_ekstra-data.html.json,Mobile subscriptions & services,0.7648058,Mobile subscriptions & services,0.8055210709571838,Mobile subscriptions & services,0.8210381
www.telenor.dk,Danish,mit-telenor_funktioner-i-mit-telenor_forbrug.html.json,Mobile subscriptions & services,0.7777467,Account & login,0.8303017616271973,Mobile subscriptions & services,0.8256885
www.telenor.dk,Danish,mit-telenor_funktioner-i-mit-telenor_historik.html.json,Mobile subscriptions & services,0.77708995,Account & login,0.8295150995254517,Mobile subscriptions & services,0.8234327
www.telenor.dk,Danish,mit-telenor_funktioner-i-mit-telenor_indstillinger.html.json,Account & login,0.7922021,Account & login,0.8511137366294861,Billing & payment,0.82846785
www.telenor.dk,Danish,mit-telenor_funktioner-i-mit-telenor_nye-ordrer.html.json,"Routers, modems & network hardware",0.7782123,"Routers, modems & network hardware",0.8219131827354431,"Routers, modems & network hardware",0.8087225
www.telenor.dk,Danish,mit-telenor_funktioner-i-mit-telenor_overblik-abonnement-indstillinger.html.json,Mobile subscriptions & services,0.7926377,Mobile subscriptions & services,0.8344041705131531,Mobile subscriptions & services,0.8326365
www.telenor.dk,Danish,mit-telenor_funktioner-i-mit-telenor_sadan-logge-du-ind.html.json,Account & login,0.7943928,Account & login,0.8528672456741333,Account & login,0.82286537
www.telenor.dk,Danish,mit-telenor_funktioner-i-mit-telenor_se-og-betal-regninger.html.json,Billing & payment,0.78194463,Billing & payment,0.8194558024406433,Billing & payment,0.83066237
www.telenor.dk,Danish,mit-telenor_mit-telenor-i-appen.html.json,Account & login,0.7904009,Account & login,0.8450514078140259,Billing & payment,0.8289924
www.telenor.dk,Danish,mit-telenor_mit-telenor-i-appen_abonnementer.html.json,Mobile subscriptions & services,0.7785449,Mobile subscriptions & services,0.825789213180542,Mobile subscriptions & services,0.8165035
www.telenor.dk,Danish,mit-telenor_mit-telenor-i-appen_kom-godt-igang-med-appen.html.json,Account & login,0.78460324,Account & login,0.8406444787979126,Account & login,0.8095783
www.telenor.dk,Danish,mit-telenor_mit-telenor-i-appen_mere.html.json,Network & coverage,0.8100797,Network & coverage,0.8530371189117432,Network & coverage,0.83262444
www.telenor.dk,Danish,mit-telenor_mit-telenor-i-appen_regninger.html.json,Billing & payment,0.7896157,Billing & payment,0.8323484659194946,Billing & payment,0.82925457
www.telenor.dk,Danish,mit-telenor_mit-telenor-i-appen_shop.html.json,Mobile devices,0.7896184,Account & login,0.8327195644378662,Mobile subscriptions & services,0.8295222
www.telenor.dk,Danish,mit-telenor_saadan-logger-du-ind.html.json,Account & login,0.78460306,Account & login,0.8406444787979126,Account & login,0.8106086
www.telenor.dk,Danish,mobil_andre-mobiler.html.json,Mobile devices,0.79867923,Network & coverage,0.8315243721008301,Mobile devices,0.8295702
www.telenor.dk,Danish,mobil_iphone_brug-ogsaa-mobilen-til.html.json,Mobile devices,0.7724261,"Routers, modems & network hardware",0.8132839202880859,Mobile subscriptions & services,0.8267451
www.telenor.dk,Danish,mobil_iphone_kom-godt-i-gang.html.json,SIM & eSIM,0.78417945,SIM & eSIM,0.8250298500061035,SIM & eSIM,0.81363815
www.telenor.dk,Danish,mobil_iphone_kom-godt-i-gang_gmail.html.json,Mobile devices,0.7685093,Account & login,0.8008033037185669,Mobile subscriptions & services,0.80263567
www.telenor.dk,Danish,mobil_iphone_kom-godt-i-gang_outlook.html.json,Mobile devices,0.766037,Account & login,0.7997162342071533,Mobile devices,0.7995285
www.telenor.dk,Danish,mobil_iphone_kom-godt-i-gang_overfor-kontakter.html.json,Mobile devices,0.7319981,Account & login,0.7700541019439697,Mobile devices,0.77663326
www.telenor.dk,Danish,mobil_iphone_los-dit-problem.html.json,SIM & eSIM,0.7868098,SIM & eSIM,0.8206437826156616,Mobile subscriptions & services,0.8177079
www.telenor.dk,Danish,mobil_iphone_los-dit-problem_inaktivt-SIM.html.json,SIM & eSIM,0.8045191,SIM & eSIM,0.8341649770736694,SIM & eSIM,0.8194618
www.telenor.dk,Danish,mobil_iphone_los-dit-problem_lav-hastighed-eller-intet-netvark.html.json,Network & coverage,0.80350775,Network & coverage,0.8522337675094604,Network & coverage,0.84055525
www.telenor.dk,Danish,mobil_iphone_los-dit-problem_problemer-med-mms.html.json,Mobile subscriptions & services,0.7650552,Mobile subscriptions & services,0.8064239025115967,Mobile subscriptions & services,0.79901314
www.telenor.dk,Danish,mobil_iphone_los-dit-problem_problemer-med-sms.html.json,SIM & eSIM,0.74896705,Network & coverage,0.7907534837722778,Mobile devices,0.8024645
www.telenor.dk,Danish,mobil_iphone_los-dit-problem_reparation-af-din-mobil.html.json,Mobile devices,0.8000139,Mobile devices,0.8355650305747986,Mobile devices,0.8256079
www.telenor.dk,Danish,mobil_iphone_sikkerhed-og-backup.html.json,Mobile devices,0.7870078,Account & login,0.8330848217010498,Mobile devices,0.82351696
www.telenor.dk,Danish,mobil_samsung-galaxy_brug-ogsaa-mobilen-til.html.json,Mobile devices,0.7717608,"Routers, modems & network hardware",0.8079599738121033,Mobile subscriptions & services,0.81754893
www.telenor.dk,Danish,mobil_samsung-galaxy_brug-ogsaa-mobilen-til_navigation.html.json,Mobile devices,0.7824322,Mobile devices,0.8060973882675171,Network & coverage,0.8172397
www.telenor.dk,Danish,mobil_samsung-galaxy_brug-ogsaa-mobilen-til_opret-et-hotspot.html.json,Mobile devices,0.7717608,"Routers, modems & network hardware",0.8079599142074585,Mobile subscriptions & services,0.81754893
www.telenor.dk,Danish,mobil_samsung-galaxy_kom-godt-i-gang.html.json,SIM & eSIM,0.773417,SIM & eSIM,0.8117733001708984,SIM & eSIM,0.8076724
www.telenor.dk,Danish,mobil_samsung-galaxy_kom-godt-i-gang_opsat-gmail.html.json,Mobile devices,0.76793075,Account & login,0.8031619787216187,Mobile subscriptions & services,0.8104037
www.telenor.dk,Danish,mobil_samsung-galaxy_kom-godt-i-gang_opsat-outlook.html.json,Mobile devices,0.7744321,Account & login,0.8032032251358032,Mobile subscriptions & services,0.8099831
www.telenor.dk,Danish,mobil_samsung-galaxy_kom-godt-i-gang_overfor-kontakter.html.json,Mobile devices,0.7361824,Account & login,0.7708243131637573,Mobile subscriptions & services,0.7914618
www.telenor.dk,Danish,mobil_samsung-galaxy_los-dit-problem.html.json,SIM & eSIM,0.7859721,Account & login,0.8193643689155579,Mobile subscriptions & services,0.81065947
www.telenor.dk,Danish,mobil_samsung-galaxy_los-dit-problem_inaktivt-SIM.html.json,SIM & eSIM,0.8036827,SIM & eSIM,0.8349770307540894,SIM & eSIM,0.82043755
www.telenor.dk,Danish,mobil_samsung-galaxy_los-dit-problem_lav-hastighed-eller-intet-netvark.html.json,Network & coverage,0.8035078,Network & coverage,0.8522340059280396,Network & coverage,0.83633393
www.telenor.dk,Danish,mobil_samsung-galaxy_los-dit-problem_mistet-eller-stjalet-mobil.html.json,SIM & eSIM,0.78597194,Account & login,0.8193646669387817,Mobile subscriptions & services,0.8107234
www.telenor.dk,Danish,mobil_samsung-galaxy_los-dit-problem_problemer-med-at-modtage-mmser.html.json,Mobile subscriptions & services,0.7605304,Mobile subscriptions & services,0.8042187690734863,Mobile subscriptions & services,0.7953546
www.telenor.dk,Danish,mobil_samsung-galaxy_los-dit-problem_reparation-af-din-mobil.html.json,Mobile devices,0.7989961,Mobile devices,0.8343262076377869,Mobile devices,0.82155025
www.telenor.dk,Danish,mobil_samsung-galaxy_sikkerhed-og-backup.html.json,Mobile devices,0.7870078,Account & login,0.8330848217010498,Mobile devices,0.82351696
www.telenor.dk,Danish,mobil_samsung-galaxy_sikkerhed-og-backup_backup-og-synkronisering1.html.json,Mobile devices,0.77739775,Account & login,0.8211734294891357,Mobile devices,0.8168509
www.telenor.dk,Danish,mobil_samsung-galaxy_sikkerhed-og-backup_gendan-mobil.html.json,Mobile devices,0.7529567,Mobile devices,0.7908217310905457,Mobile subscriptions & services,0.80755717
www.telenor.dk,Danish,mobil_sony-xperia_kom-godt-i-gang.html.json,SIM & eSIM,0.7853147,SIM & eSIM,0.8215264678001404,SIM & eSIM,0.81447875
www.telenor.dk,Danish,mobil_sony-xperia_kom-godt-i-gang_overfor-kontakter.html.json,SIM & eSIM,0.74113756,Account & login,0.772661566734314,Mobile subscriptions & services,0.7812424
www.telenor.dk,Danish,mobil_sony-xperia_los-dit-problem.html.json,SIM & eSIM,0.7864063,Account & login,0.8206685781478882,Mobile subscriptions & services,0.81250024
www.telenor.dk,Danish,mobil_sony-xperia_los-dit-problem_inaktivt-SIM.html.json,SIM & eSIM,0.8081478,SIM & eSIM,0.8371471166610718,SIM & eSIM,0.8220725
www.telenor.dk,Danish,mobil_sony-xperia_los-dit-problem_lav-hastighed-eller-intet-netvark.html.json,Network & coverage,0.80350775,Network & coverage,0.8522337675094604,Network & coverage,0.83633393
www.telenor.dk,Danish,mobil_sony-xperia_los-dit-problem_mistet-eller-stjalet-mobil.html.json,SIM & eSIM,0.78640616,Account & login,0.820668637752533,Mobile subscriptions & services,0.81250024
www.telenor.dk,Danish,mobil_sony-xperia_los-dit-problem_reparation-af-din-mobil.html.json,Mobile devices,0.7733971,Mobile devices,0.8177313208580017,Mobile devices,0.820879
www.telenor.dk,Danish,mobil_sony-xperia_sikkerhed-og-backup.html.json,Mobile devices,0.7870078,Account & login,0.8330848217010498,Account & login,0.8353652
www.telenor.dk,Danish,mobil_sony-xperia_sikkerhed-og-backup_backup-og-synkronisering.html.json,Mobile devices,0.7701852,Account & login,0.8126669526100159,Mobile subscriptions & services,0.8125835
www.telenor.dk,Danish,mobil_sony-xperia_sikkerhed-og-backup_din-mobilsikkerhed.html.json,Mobile devices,0.7870078,Account & login,0.8330848217010498,Account & login,0.8342445
www.telenor.dk,Danish,mobil_sony-xperia_sikkerhed-og-backup_gendan-mobil.html.json,Mobile devices,0.75199497,Mobile devices,0.7897430658340454,Mobile devices,0.7963885
www.telenor.dk,Danish,mobilt-internet_Mobilt-internetabonnement.html.json,Mobile subscriptions & services,0.7815223,Broadband & fixed internet,0.8189401626586914,Mobile subscriptions & services,0.8365506
www.telenor.dk,Danish,mobilt-internet_Mobilt-internetabonnement_flyt-mobilt-bredband.html.json,Mobile subscriptions & services,0.764189,Other,0.8239743709564209,Mobile subscriptions & services,0.8087528
www.telenor.dk,Danish,mobilt-internet_Mobilt-internetabonnement_opsig-abonnement.html.json,Mobile subscriptions & services,0.79926366,Mobile subscriptions & services,0.8272163271903992,Mobile subscriptions & services,0.8343476
www.telenor.dk,Danish,mobilt-internet_Mobilt-internetabonnement_overdrag-dit-mobile-internet.html.json,Mobile subscriptions & services,0.7797243,Mobile subscriptions & services,0.8124494552612305,Mobile subscriptions & services,0.8250706
www.telenor.dk,Danish,mobilt-internet_Mobilt-internetabonnement_skift-abonnement.html.json,Mobile subscriptions & services,0.77728146,Broadband & fixed internet,0.8163658976554871,Mobile subscriptions & services,0.8365506
www.telenor.dk,Danish,mobilt-internet_huawei-e3276.html.json,Network & coverage,0.78094196,Broadband & fixed internet,0.8291401863098145,Network & coverage,0.8172394
www.telenor.dk,Danish,mobilt-internet_huawei-e3276_ingen-netforbindelse-pa-mobilt-bredband.html.json,"Routers, modems & network hardware",0.773779,"Routers, modems & network hardware",0.8267403841018677,"Routers, modems & network hardware",0.80605054
www.telenor.dk,Danish,mobilt-internet_huawei-e3276_mobilt-bredband-med-4g.html.json,Network & coverage,0.80015475,Network & coverage,0.8556374311447144,Network & coverage,0.83916914
www.telenor.dk,Danish,mobilt-internet_huawei-e3276_opsatning-af-dit-mobile-bredband.html.json,"Routers, modems & network hardware",0.78073,"Routers, modems & network hardware",0.8377310037612915,"Routers, modems & network hardware",0.8239347
www.telenor.dk,Danish,mobilt-internet_huawei-e5180.html.json,Network & coverage,0.78308475,Broadband & fixed internet,0.8297802805900574,Network & coverage,0.81240755
www.telenor.dk,Danish,mobilt-internet_huawei-e5180_ingen-netforbindelse.html.json,"Routers, modems & network hardware",0.76750696,"Routers, modems & network hardware",0.8211871981620789,Network & coverage,0.8179101
www.telenor.dk,Danish,mobilt-internet_huawei-e5180_lav-hastighed-pa-mobilt-bredband.html.json,Network & coverage,0.78308475,Broadband & fixed internet,0.8297802805900574,Network & coverage,0.81240755
www.telenor.dk,Danish,mobilt-internet_huawei-e5180_sadan-satter-du-dit-modem-op.html.json,"Routers, modems & network hardware",0.808272,"Routers, modems & network hardware",0.8623119592666626,"Routers, modems & network hardware",0.8357753
www.telenor.dk,Danish,mobilt-internet_huawei-e5180_skift-adgangskode.html.json,"Routers, modems & network hardware",0.79054356,Account & login,0.835972011089325,"Routers, modems & network hardware",0.81622183
www.telenor.dk,Danish,mobilt-internet_huawei-e5180_skift-netvarksnavn.html.json,"Routers, modems & network hardware",0.783167,"Routers, modems & network hardware",0.8300270438194275,"Routers, modems & network hardware",0.809587
www.telenor.dk,Danish,mobilt-internet_huawei-e5377.html.json,"Routers, modems & network hardware",0.8097894,"Routers, modems & network hardware",0.8657519817352295,"Routers, modems & network hardware",0.8340212
www.telenor.dk,Danish,mobilt-internet_huawei-e5377_kom-godt-i-gang_skift-adgangskode.html.json,Account & login,0.78931487,"Routers, modems & network hardware",0.8337041139602661,"Routers, modems & network hardware",0.8097843
www.telenor.dk,Danish,mobilt-internet_huawei-e5377_kom-godt-i-gang_skift-netvarksnavn.html.json,"Routers, modems & network hardware",0.7781568,"Routers, modems & network hardware",0.8255162239074707,"Routers, modems & network hardware",0.8157229
www.telenor.dk,Danish,mobilt-internet_ipad.html.json,Mobile devices,0.75705254,Account & login,0.802914559841156,Mobile devices,0.80221164
www.telenor.dk,Danish,mobilt-internet_ipad_backup-og-synkronisering.html.json,Account & login,0.74523175,Account & login,0.7964257597923279,Account & login,0.79393154
www.telenor.dk,Danish,mobilt-internet_ipad_find-din-pukkode.html.json,SIM & eSIM,0.79808545,SIM & eSIM,0.830880343914032,SIM & eSIM,0.8246385
www.telenor.dk,Danish,mobilt-internet_ipad_gendan-din-ipad.html.json,Mobile devices,0.73208225,Account & login,0.7926106452941895,"Routers, modems & network hardware",0.8021523
www.telenor.dk,Danish,mobilt-internet_ipad_indsat-simkort.html.json,SIM & eSIM,0.76800597,SIM & eSIM,0.803595781326294,SIM & eSIM,0.79978013
www.telenor.dk,Danish,mobilt-internet_ipad_kan-du-ikke-komme-pa-nettet.html.json,Network & coverage,0.77776736,Network & coverage,0.8255223631858826,Network & coverage,0.8070688
www.telenor.dk,Danish,mobilt-internet_ipad_lav-hastighed.html.json,Network & coverage,0.7700089,Broadband & fixed internet,0.8185716867446899,Broadband & fixed internet,0.7930098
www.telenor.dk,Danish,mobilt-internet_ipad_nar-du-har-mistet-din-tablet.html.json,Mobile devices,0.7920015,Mobile devices,0.817628026008606,Mobile devices,0.80845463
www.telenor.dk,Danish,mobilt-internet_ipad_opgrader-software.html.json,Mobile devices,0.7378738,"Routers, modems & network hardware",0.7871146202087402,Mobile devices,0.7745908
www.telenor.dk,Danish,mobilt-internet_ipad_reparation-af-din-ipad.html.json,Mobile devices,0.7898605,Mobile devices,0.8153494596481323,Mobile devices,0.8039783
www.telenor.dk,Danish,mobilt-internet_ipad_skift-password.html.json,Account & login,0.755721,Account & login,0.8103832602500916,Account & login,0.8061213
www.telenor.dk,Danish,mobilt-internet_ipad_tilslut-tradlost-netvark.html.json,"Routers, modems & network hardware",0.7476076,"Routers, modems & network hardware",0.8045443892478943,"Routers, modems & network hardware",0.78932357
www.telenor.dk,Danish,saadan-aktiverer-du-advarsler-ved-datalaek.html.json,Account & login,0.7687273,Account & login,0.8196215629577637,Account & login,0.80018055
www.telenor.dk,Danish,saadan-faar-du-besked-om-et-sikkerhedsbrud.html.json,Account & login,0.7616009,Account & login,0.8127443790435791,Account & login,0.7959527
www.telenor.dk,Danish,sadan-bruger-du-telenor-tryghedspakke.html.json,Mobile devices,0.7891938,Account & login,0.8370824456214905,Mobile devices,0.8104746
www.telenor.no,Norwegian,apper.html.json,Mobile devices,0.78120565,Mobile subscriptions & services,0.8338225483894348,Account & login,0.8167037
www.telenor.no,Norwegian,dab-radio.html.json,TV & streaming,0.76693976,TV & streaming,0.8218227624893188,Network & coverage,0.7801889
www.telenor.no,Norwegian,delt.html.json,SIM & eSIM,0.828956,Mobile subscriptions & services,0.863402247428894,Mobile subscriptions & services,0.82222724
www.telenor.no,Norwegian,delt_nullstill-dekoder.html.json,TV & streaming,0.75162435,TV & streaming,0.8009804487228394,TV & streaming,0.7907862
www.telenor.no,Norwegian,e-post.html.json,Account & login,0.79184985,Account & login,0.8414452075958252,Mobile subscriptions & services,0.8173391
www.telenor.no,Norwegian,e-post_glemt-passord.html.json,Account & login,0.78155756,Account & login,0.8288336992263794,Account & login,0.81819344
www.telenor.no,Norwegian,e-post_oppsett.html.json,Account & login,0.7870087,Account & login,0.8400593400001526,Account & login,0.8092993
www.telenor.no,Norwegian,e-post_oppsett_huawei.html.json,"Routers, modems & network hardware",0.7618977,Account & login,0.8095027208328247,"Routers, modems & network hardware",0.790625
www.telenor.no,Norwegian,e-post_oppsett_iphone.html.json,Account & login,0.754836,Account & login,0.8028892874717712,"Routers, modems & network hardware",0.793831
www.telenor.no,Norwegian,e-post_oppsett_mac.html.json,Account & login,0.75965625,Account & login,0.8070250749588013,Account & login,0.79578364
www.telenor.no,Norwegian,e-post_oppsett_outlook.html.json,Account & login,0.75841427,Account & login,0.8090493679046631,Account & login,0.7963
www.telenor.no,Norwegian,e-post_oppsett_samsung.html.json,Account & login,0.7719828,Account & login,0.8173147439956665,Account & login,0.78373766
www.telenor.no,Norwegian,e-post_oppsett_windows-mail.html.json,Account & login,0.768494,Account & login,0.8163412809371948,Account & login,0.80284595
www.telenor.no,Norwegian,e-post_oppsigelse-online-epostkonto.html.json,Account & login,0.7525382,Account & login,0.808387279510498,Account & login,0.7924411
www.telenor.no,Norwegian,e-post_problemer.html.json,Account & login,0.7557802,Account & login,0.8078811168670654,Account & login,0.7898721
www.telenor.no,Norwegian,e-post_problemer_spam.html.json,Account & login,0.76435584,Account & login,0.8202989101409912,Account & login,0.7901584
www.telenor.no,Norwegian,e-post_vi-lanserer-en-forbedret-eposttjeneste.html.json,Billing & payment,0.76861906,Account & login,0.8133654594421387,Billing & payment,0.8077106
www.telenor.no,Norwegian,faktura.html.json,Billing & payment,0.80884826,Billing & payment,0.8562663793563843,Billing & payment,0.8349571
www.telenor.no,Norwegian,faktura_avtalegiro-og-efaktura.html.json,Billing & payment,0.77153707,Billing & payment,0.8358019590377808,Billing & payment,0.827345
www.telenor.no,Norwegian,faktura_avtalegiro-og-efaktura_endringer.html.json,Billing & payment,0.75112647,Billing & payment,0.8170555233955383,Billing & payment,0.8111805
www.telenor.no,Norwegian,faktura_betale-faktura.html.json,Billing & payment,0.78849614,Billing & payment,0.8463746905326843,Billing & payment,0.8316825
www.telenor.no,Norwegian,faktura_for-sen-betaling.html.json,Billing & payment,0.7997073,Billing & payment,0.8498667478561401,Billing & payment,0.8324309
www.telenor.no,Norwegian,faktura_forbruk-og-saldo.html.json,Billing & payment,0.7782912,Account & login,0.8315984010696411,Billing & payment,0.8246938
www.telenor.no,Norwegian,faktura_forklaring.html.json,Billing & payment,0.80094695,Billing & payment,0.8576533794403076,Billing & payment,0.83914024
www.telenor.no,Norwegian,faktura_innholdstjenester.html.json,Mobile subscriptions & services,0.7919947,Mobile subscriptions & services,0.8427767157554626,Mobile subscriptions & services,0.81175107
www.telenor.no,Norwegian,faktura_utsette-faktura.html.json,Billing & payment,0.7892194,Billing & payment,0.8431345224380493,Billing & payment,0.8199141
www.telenor.no,Norwegian,flytting.html.json,Broadband & fixed internet,0.77787757,Other,0.8392901420593262,Mobile subscriptions & services,0.8119475
www.telenor.no,Norwegian,index.html.json,SIM & eSIM,0.828956,Mobile subscriptions & services,0.8634023666381836,Mobile subscriptions & services,0.82222724
www.telenor.no,Norwegian,internett.html.json,"Routers, modems & network hardware",0.836026,"Routers, modems & network hardware",0.8722403645515442,"Routers, modems & network hardware",0.8396331
www.telenor.no,Norwegian,internett_modem-og-ruter.html.json,"Routers, modems & network hardware",0.80805576,"Routers, modems & network hardware",0.8738812208175659,"Routers, modems & network hardware",0.84058934
www.telenor.no,Norwegian,internett_modem-og-ruter_bytte-fiberboks.html.json,"Routers, modems & network hardware",0.76540816,"Routers, modems & network hardware",0.8121303915977478,"Routers, modems & network hardware",0.80973697
www.telenor.no,Norwegian,internett_modem-og-ruter_bytte-fiberboks_g-101g-r.html.json,"Routers, modems & network hardware",0.7693237,"Routers, modems & network hardware",0.8133528232574463,"Routers, modems & network hardware",0.7852533
www.telenor.no,Norwegian,internett_modem-og-ruter_bytte-fiberboks_xs-010x-r.html.json,"Routers, modems & network hardware",0.76998866,"Routers, modems & network hardware",0.8156226873397827,"Routers, modems & network hardware",0.7864904
www.telenor.no,Norwegian,internett_modem-og-ruter_bytte-fiberboks_xs-020x-a.html.json,"Routers, modems & network hardware",0.7702104,"Routers, modems & network hardware",0.8181673288345337,"Routers, modems & network hardware",0.7832024
www.telenor.no,Norwegian,internett_modem-og-ruter_d-link-dwr-923.html.json,"Routers, modems & network hardware",0.7949561,"Routers, modems & network hardware",0.8426347374916077,"Routers, modems & network hardware",0.8087853
www.telenor.no,Norwegian,internett_modem-og-ruter_d-link-dwr-956.html.json,SIM & eSIM,0.792991,"Routers, modems & network hardware",0.8416202068328857,"Routers, modems & network hardware",0.8088453
www.telenor.no,Norwegian,internett_modem-og-ruter_d-link-dwr-961.html.json,"Routers, modems & network hardware",0.7898278,"Routers, modems & network hardware",0.8411440849304199,"Routers, modems & network hardware",0.82887566
www.telenor.no,Norwegian,internett_modem-og-ruter_d-link-dwr-966.html.json,SIM & eSIM,0.7944174,"Routers, modems & network hardware",0.8361682891845703,SIM & eSIM,0.8086393
www.telenor.no,Norwegian,internett_modem-og-ruter_fiberbokser.html.json,Broadband & fixed internet,0.78952456,Broadband & fixed internet,0.8319911956787109,Broadband & fixed internet,0.7987009
www.telenor.no,Norwegian,internett_modem-og-ruter_huawei-b818.html.json,SIM & eSIM,0.78280884,"Routers, modems & network hardware",0.8328258395195007,SIM & eSIM,0.81144285
www.telenor.no,Norwegian,internett_modem-og-ruter_huawei-e5372t.html.json,SIM & eSIM,0.7736656,"Routers, modems & network hardware",0.8274935483932495,"Routers, modems & network hardware",0.8038934
www.telenor.no,Norwegian,internett_modem-og-ruter_huawei-e5786.html.json,"Routers, modems & network hardware",0.770467,"Routers, modems & network hardware",0.8327999711036682,SIM & eSIM,0.8100637
www.telenor.no,Norwegian,internett_modem-og-ruter_kaon-kabelmodem.html.json,"Routers, modems & network hardware",0.76473963,"Routers, modems & network hardware",0.807463526725769,"Routers, modems & network hardware",0.80987716
www.telenor.no,Norwegian,internett_modem-og-ruter_koble-kabelmodem.html.json,Broadband & fixed internet,0.78062373,Broadband & fixed internet,0.825818657875061,"Routers, modems & network hardware",0.81242
www.telenor.no,Norwegian,internett_modem-og-ruter_mobilt-bredband.html.json,"Routers, modems & network hardware",0.7910031,"Routers, modems & network hardware",0.8498207330703735,"Routers, modems & network hardware",0.8347479
www.telenor.no,Norwegian,internett_modem-og-ruter_montere-antenne.html.json,"Routers, modems & network hardware",0.76649183,"Routers, modems & network hardware",0.8223142623901367,"Routers, modems & network hardware",0.81611776
www.telenor.no,Norwegian,internett_modem-og-ruter_tbb-antenne-nr7101.html.json,"Routers, modems & network hardware",0.79926574,"Routers, modems & network hardware",0.8586418628692627,"Routers, modems & network hardware",0.82686126
www.telenor.no,Norwegian,internett_modem-og-ruter_tbb-antenne-nr7302.html.json,"Routers, modems & network hardware",0.7942929,"Routers, modems & network hardware",0.8555232286453247,"Routers, modems & network hardware",0.8208697
www.telenor.no,Norwegian,internett_modem-og-ruter_wifi-forsterker-2.html.json,"Routers, modems & network hardware",0.7855662,"Routers, modems & network hardware",0.8471266031265259,"Routers, modems & network hardware",0.8179164
www.telenor.no,Norwegian,internett_modem-og-ruter_wifi-forsterker-2_koble-til.html.json,"Routers, modems & network hardware",0.77271885,"Routers, modems & network hardware",0.8374998569488525,"Routers, modems & network hardware",0.809212
www.telenor.no,Norwegian,internett_modem-og-ruter_wifi-forsterker.html.json,"Routers, modems & network hardware",0.7955382,"Routers, modems & network hardware",0.8537217974662781,"Routers, modems & network hardware",0.82184434
www.telenor.no,Norwegian,internett_modem-og-ruter_wifi-forsterker_koble-til.html.json,"Routers, modems & network hardware",0.7858101,"Routers, modems & network hardware",0.8489540815353394,"Routers, modems & network hardware",0.8238495
www.telenor.no,Norwegian,internett_modem-og-ruter_wifi-ruter-2.html.json,"Routers, modems & network hardware",0.7836684,"Routers, modems & network hardware",0.8404953479766846,"Routers, modems & network hardware",0.81937957
www.telenor.no,Norwegian,internett_modem-og-ruter_wifi-ruter-2_koble-til.html.json,"Routers, modems & network hardware",0.7775946,"Routers, modems & network hardware",0.8439558744430542,"Routers, modems & network hardware",0.8205413
www.telenor.no,Norwegian,internett_modem-og-ruter_wifi-ruter.html.json,"Routers, modems & network hardware",0.78999555,"Routers, modems & network hardware",0.8492376804351807,"Routers, modems & network hardware",0.83017004
www.telenor.no,Norwegian,internett_modem-og-ruter_wifi-ruter_koble-til.html.json,"Routers, modems & network hardware",0.7818695,"Routers, modems & network hardware",0.8472496271133423,"Routers, modems & network hardware",0.8271041
www.telenor.no,Norwegian,internett_modem-og-ruter_wifi-ruter_koble-til_fiber.html.json,"Routers, modems & network hardware",0.7832419,"Routers, modems & network hardware",0.8370673656463623,"Routers, modems & network hardware",0.8185886
www.telenor.no,Norwegian,internett_modem-og-ruter_wifi-ruter_koble-til_kabel.html.json,"Routers, modems & network hardware",0.7870888,"Routers, modems & network hardware",0.8452115654945374,"Routers, modems & network hardware",0.8216357
www.telenor.no,Norwegian,internett_modem-og-ruter_zte-mf-60.html.json,"Routers, modems & network hardware",0.7792481,"Routers, modems & network hardware",0.8357466459274292,"Routers, modems & network hardware",0.8126254
www.telenor.no,Norwegian,internett_modem-og-ruter_zte-mf91d.html.json,"Routers, modems & network hardware",0.78733456,"Routers, modems & network hardware",0.8429787158966064,"Routers, modems & network hardware",0.8212578
www.telenor.no,Norwegian,internett_modem-og-ruter_zte-mu5120.html.json,"Routers, modems & network hardware",0.7749648,"Routers, modems & network hardware",0.8362438678741455,SIM & eSIM,0.79994106
www.telenor.no,Norwegian,internett_modem-og-ruter_zyxel-8702.html.json,"Routers, modems & network hardware",0.79811776,"Routers, modems & network hardware",0.8587137460708618,"Routers, modems & network hardware",0.8239994
www.telenor.no,Norwegian,internett_modem-og-ruter_zyxel-8702_koble-til.html.json,"Routers, modems & network hardware",0.7759736,"Routers, modems & network hardware",0.8348301649093628,"Routers, modems & network hardware",0.8170824
www.telenor.no,Norwegian,internett_modem-og-ruter_zyxel-8702_koble-til_fiber.html.json,"Routers, modems & network hardware",0.76423895,"Routers, modems & network hardware",0.8204028606414795,"Routers, modems & network hardware",0.7989156
www.telenor.no,Norwegian,internett_modem-og-ruter_zyxel-8702_koble-til_kabel.html.json,"Routers, modems & network hardware",0.77651167,"Routers, modems & network hardware",0.8385663032531738,"Routers, modems & network hardware",0.8132001
www.telenor.no,Norwegian,internett_modem-og-ruter_zyxel-lte5388.html.json,SIM & eSIM,0.791168,"Routers, modems & network hardware",0.8372337222099304,SIM & eSIM,0.81537175
www.telenor.no,Norwegian,internett_modem-og-ruter_zyxel-nr5101.html.json,SIM & eSIM,0.79811144,"Routers, modems & network hardware",0.8417803049087524,SIM & eSIM,0.8233254
www.telenor.no,Norwegian,internett_modem-og-ruter_zyxel-nr5103.html.json,SIM & eSIM,0.7944181,SIM & eSIM,0.8381046056747437,SIM & eSIM,0.8230996
www.telenor.no,Norwegian,internett_modem-og-ruter_zyxel-nr5307.html.json,SIM & eSIM,0.79805017,"Routers, modems & network hardware",0.8444234132766724,SIM & eSIM,0.8276627
www.telenor.no,Norwegian,internett_oppsettsguide.html.json,"Routers, modems & network hardware",0.7816571,"Routers, modems & network hardware",0.844343900680542,"Routers, modems & network hardware",0.822698
www.telenor.no,Norwegian,internett_problemer.html.json,"Routers, modems & network hardware",0.79169214,"Routers, modems & network hardware",0.8415461778640747,Network & coverage,0.82736325
www.telenor.no,Norwegian,internett_sikkerhet.html.json,Account & login,0.7611445,Account & login,0.811522901058197,Account & login,0.80538076
www.telenor.no,Norwegian,internett_sikkerhet_nettfilter.html.json,Broadband & fixed internet,0.75188,Broadband & fixed internet,0.7971765995025635,Broadband & fixed internet,0.7919087
www.telenor.no,Norwegian,internett_sikkerhet_nettvern.html.json,Mobile devices,0.7684547,Account & login,0.8166964054107666,Mobile subscriptions & services,0.80155665
www.telenor.no,Norwegian,internett_torden-og-lyn.html.json,Network & coverage,0.7876811,Broadband & fixed internet,0.838026762008667,Network & coverage,0.81525964
www.telenor.no,Norwegian,internett_wifi.html.json,"Routers, modems & network hardware",0.80869436,"Routers, modems & network hardware",0.8746074438095093,"Routers, modems & network hardware",0.8400006
www.telenor.no,Norwegian,internett_wifi_administrere-ruter-b818.html.json,"Routers, modems & network hardware",0.78608817,"Routers, modems & network hardware",0.8394840359687805,"Routers, modems & network hardware",0.8131324
www.telenor.no,Norwegian,internett_wifi_administrere-ruter-b818_endre-apn.html.json,"Routers, modems & network hardware",0.7819364,"Routers, modems & network hardware",0.8348791003227234,"Routers, modems & network hardware",0.8143654
www.telenor.no,Norwegian,internett_wifi_administrere-ruter-b818_endre-tradlos-kanal.html.json,"Routers, modems & network hardware",0.7698172,"Routers, modems & network hardware",0.8106933832168579,"Routers, modems & network hardware",0.8072218
www.telenor.no,Norwegian,internett_wifi_administrere-ruter-b818_foreldrekontroll.html.json,"Routers, modems & network hardware",0.7761414,"Routers, modems & network hardware",0.825697124004364,"Routers, modems & network hardware",0.8041788
www.telenor.no,Norwegian,internett_wifi_administrere-ruter-b818_gjestenett.html.json,"Routers, modems & network hardware",0.7748145,"Routers, modems & network hardware",0.8270447254180908,"Routers, modems & network hardware",0.80632347
www.telenor.no,Norwegian,internett_wifi_administrere-ruter-b818_oppdatere-programvare.html.json,"Routers, modems & network hardware",0.75705314,"Routers, modems & network hardware",0.8095017671585083,"Routers, modems & network hardware",0.7964288
www.telenor.no,Norwegian,internett_wifi_administrere-ruter.html.json,"Routers, modems & network hardware",0.78091425,"Routers, modems & network hardware",0.8394373059272766,"Routers, modems & network hardware",0.8158431
www.telenor.no,Norwegian,internett_wifi_administrere-ruter_apne-porter.html.json,"Routers, modems & network hardware",0.79090697,"Routers, modems & network hardware",0.8423994779586792,"Routers, modems & network hardware",0.80911005
www.telenor.no,Norwegian,internett_wifi_administrere-ruter_foreldrekontroll.html.json,"Routers, modems & network hardware",0.7791082,"Routers, modems & network hardware",0.8285849094390869,"Routers, modems & network hardware",0.8053136
www.telenor.no,Norwegian,internett_wifi_administrere-ruter_gjestenett.html.json,"Routers, modems & network hardware",0.7923032,"Routers, modems & network hardware",0.8456346988677979,"Routers, modems & network hardware",0.8179481
www.telenor.no,Norwegian,internett_wifi_administrere-ruter_nettverksnavn-og-passord.html.json,"Routers, modems & network hardware",0.7694488,"Routers, modems & network hardware",0.8181906938552856,"Routers, modems & network hardware",0.8168682
www.telenor.no,Norwegian,internett_wifi_koble-til-wifi.html.json,"Routers, modems & network hardware",0.7776697,"Routers, modems & network hardware",0.8339892625808716,"Routers, modems & network hardware",0.8228302
www.telenor.no,Norwegian,kabelnett.html.json,Network & coverage,0.75926125,Broadband & fixed internet,0.8092207908630371,"Routers, modems & network hardware",0.7966018
www.telenor.no,Norwegian,kabelnett_arbeid-eget-nett.html.json,Network & coverage,0.77426326,Broadband & fixed internet,0.811942458152771,Network & coverage,0.80090904
www.telenor.no,Norwegian,kontakt-oss.html.json,Mobile subscriptions & services,0.77871084,Mobile subscriptions & services,0.8277524709701538,Mobile subscriptions & services,0.8186703
www.telenor.no,Norwegian,kontakt-oss_contact-customer-service.html.json,Billing & payment,0.81057656,Account & login,0.8291409015655518,Mobile subscriptions & services,0.80945647
www.telenor.no,Norwegian,kontakt-oss_e-post.html.json,Mobile subscriptions & services,0.7889668,Mobile subscriptions & services,0.8369835019111633,Mobile subscriptions & services,0.82375956
www.telenor.no,Norwegian,kontakt-oss_index.page.html.json,Mobile subscriptions & services,0.77871084,Mobile subscriptions & services,0.827752411365509,Mobile subscriptions & services,0.81883717
www.telenor.no,Norwegian,mobil.html.json,SIM & eSIM,0.85526556,SIM & eSIM,0.8882976770401001,SIM & eSIM,0.8522272
www.telenor.no,Norwegian,mobil_abonnement-og-tjenester.html.json,Mobile subscriptions & services,0.8283608,Mobile subscriptions & services,0.883636474609375,Mobile subscriptions & services,0.8567745
www.telenor.no,Norwegian,mobil_abonnement-og-tjenester_eierskifte-mobilnummer.html.json,SIM & eSIM,0.79349184,SIM & eSIM,0.8404854536056519,Billing & payment,0.8220109
www.telenor.no,Norwegian,mobil_abonnement-og-tjenester_endre-abonnement.html.json,Mobile subscriptions & services,0.792724,Mobile subscriptions & services,0.845259964466095,Mobile subscriptions & services,0.83154184
www.telenor.no,Norwegian,mobil_abonnement-og-tjenester_kontantkort.html.json,SIM & eSIM,0.7778059,Mobile subscriptions & services,0.8263421654701233,Mobile subscriptions & services,0.8155906
www.telenor.no,Norwegian,mobil_din-mobil.html.json,SIM & eSIM,0.80455065,SIM & eSIM,0.8438807725906372,SIM & eSIM,0.8233665
www.telenor.no,Norwegian,mobil_din-mobil_deaktiver-find-my-iphone.html.json,Mobile devices,0.7398076,Account & login,0.7894519567489624,Mobile devices,0.7755071
www.telenor.no,Norwegian,mobil_din-mobil_mobildata-og-mms.html.json,Mobile subscriptions & services,0.78783655,Mobile subscriptions & services,0.8424469232559204,Mobile subscriptions & services,0.8249598
www.telenor.no,Norwegian,mobil_din-mobil_nullstille-mobilen.html.json,Mobile devices,0.76892936,Mobile devices,0.8099393844604492,Mobile devices,0.81233025
www.telenor.no,Norwegian,mobil_din-mobil_operatorlas.html.json,SIM & eSIM,0.7998409,SIM & eSIM,0.8363425135612488,SIM & eSIM,0.8192469
www.telenor.no,Norwegian,mobil_hjelp-med-nettbutikken.html.json,Mobile devices,0.78153807,Mobile devices,0.8302910327911377,Mobile devices,0.811304
www.telenor.no,Norwegian,mobil_hjelp-med-splitt.html.json,Mobile subscriptions & services,0.7849424,Mobile subscriptions & services,0.8318907022476196,Mobile subscriptions & services,0.8126222
www.telenor.no,Norwegian,mobil_hjelp-til-innbytte.html.json,Mobile devices,0.76916635,SIM & eSIM,0.814056396484375,Mobile devices,0.80347216
www.telenor.no,Norwegian,mobil_problemer.html.json,Network & coverage,0.7889248,Network & coverage,0.8400400280952454,Mobile devices,0.8180264
www.telenor.no,Norwegian,mobil_sim-kort.html.json,SIM & eSIM,0.8333083,SIM & eSIM,0.8773646950721741,SIM & eSIM,0.85194993
www.telenor.no,Norwegian,mobil_sim-kort_aktiver-e-sim.html.json,SIM & eSIM,0.8213413,SIM & eSIM,0.8653186559677124,SIM & eSIM,0.8399162
www.telenor.no,Norwegian,mobil_sim-kort_aktiver-e-sim_aktivere-e-sim-portering.html.json,SIM & eSIM,0.8064337,SIM & eSIM,0.855363130569458,SIM & eSIM,0.836075
www.telenor.no,Norwegian,mobil_sim-kort_pin-og-puk-kode.html.json,SIM & eSIM,0.81766856,SIM & eSIM,0.8527029752731323,SIM & eSIM,0.8332133
www.telenor.no,Norwegian,mobil_sperret.html.json,SIM & eSIM,0.7931495,Mobile subscriptions & services,0.8368037343025208,Mobile subscriptions & services,0.8177866
www.telenor.no,Norwegian,mobil_spesialnummer.html.json,Mobile subscriptions & services,0.7938787,Mobile subscriptions & services,0.8343826532363892,Mobile subscriptions & services,0.7987058
www.telenor.no,Norwegian,nedsatt-funksjonsevne.html.json,Mobile devices,0.77540004,Mobile subscriptions & services,0.8184407353401184,Mobile subscriptions & services,0.79169416
www.telenor.no,Norwegian,oppsigelse.html.json,Mobile subscriptions & services,0.7854294,Mobile subscriptions & services,0.8299046754837036,Mobile subscriptions & services,0.8128836
www.telenor.no,Norwegian,oppsigelse_mobil.html.json,Mobile subscriptions & services,0.7824213,Mobile subscriptions & services,0.8248459696769714,Mobile subscriptions & services,0.8140923
www.telenor.no,Norwegian,oppsigelse_returslipp.html.json,"Routers, modems & network hardware",0.774278,"Routers, modems & network hardware",0.8134216070175171,"Routers, modems & network hardware",0.8114876
www.telenor.no,Norwegian,oppsigelse_tradlost-bredband.html.json,Broadband & fixed internet,0.78290385,Broadband & fixed internet,0.8309201598167419,Mobile subscriptions & services,0.80720985
www.telenor.no,Norwegian,oppsigelse_tv-og-bredband.html.json,Mobile subscriptions & services,0.7871947,Other,0.8327295184135437,TV & streaming,0.806458
www.telenor.no,Norwegian,oppsigelse_tv-og-bredband_oppsigelsesskjema.html.json,Broadband & fixed internet,0.78378445,Other,0.8361020088195801,Broadband & fixed internet,0.7981893
www.telenor.no,Norwegian,svindel.html.json,SIM & eSIM,0.7748301,Mobile subscriptions & services,0.8169460892677307,Billing & payment,0.81903106
www.telenor.no,Norwegian,svindel_meld-ifra-om-svindel.html.json,Mobile devices,0.7875405,Account & login,0.8357707858085632,Billing & payment,0.8034638
www.telenor.no,Norwegian,tv.html.json,TV & streaming,0.8029194,TV & streaming,0.8496184945106506,TV & streaming,0.82610035
www.telenor.no,Norwegian,tv_brukerveiledning-t-we.html.json,TV & streaming,0.8045721,TV & streaming,0.8565667867660522,TV & streaming,0.84197354
www.telenor.no,Norwegian,tv_brukerveiledning-t-we_anbefalinger.html.json,TV & streaming,0.7757895,TV & streaming,0.8231170773506165,TV & streaming,0.8104244
www.telenor.no,Norwegian,tv_brukerveiledning-t-we_favorittliste.html.json,TV & streaming,0.76848584,TV & streaming,0.8183457255363464,TV & streaming,0.79779637
www.telenor.no,Norwegian,tv_brukerveiledning-t-we_filmleie.html.json,Account & login,0.7550535,Account & login,0.8047819137573242,TV & streaming,0.8031692
www.telenor.no,Norwegian,tv_brukerveiledning-t-we_innstillinger.html.json,TV & streaming,0.7775221,TV & streaming,0.824364423751831,TV & streaming,0.8195091
www.telenor.no,Norwegian,tv_brukerveiledning-t-we_opptak.html.json,TV & streaming,0.7707796,TV & streaming,0.8223043084144592,TV & streaming,0.80339706
www.telenor.no,Norwegian,tv_brukerveiledning-t-we_pin-kode.html.json,SIM & eSIM,0.7711605,Account & login,0.8093280792236328,TV & streaming,0.79129505
www.telenor.no,Norwegian,tv_brukerveiledning-t-we_profiler.html.json,Account & login,0.7914102,Account & login,0.8297053575515747,Account & login,0.806561
www.telenor.no,Norwegian,tv_brukerveiledning-t-we_sok.html.json,TV & streaming,0.77539,TV & streaming,0.8254489898681641,TV & streaming,0.8111738
www.telenor.no,Norwegian,tv_brukerveiledning-t-we_sok_talesok.html.json,Account & login,0.74632835,Account & login,0.7944244146347046,TV & streaming,0.78940487
www.telenor.no,Norwegian,tv_brukerveiledning-t-we_strommetjenester.html.json,TV & streaming,0.79966056,TV & streaming,0.8442652821540833,TV & streaming,0.82762027
www.telenor.no,Norwegian,tv_brukerveiledning-t-we_strommetjenester_hbo-max.html.json,TV & streaming,0.7800879,TV & streaming,0.8336319327354431,TV & streaming,0.8238091
www.telenor.no,Norwegian,tv_brukerveiledning-t-we_strommetjenester_netflix.html.json,TV & streaming,0.7647387,TV & streaming,0.8199292421340942,TV & streaming,0.80736554
www.telenor.no,Norwegian,tv_brukerveiledning-t-we_strommetjenester_radioplayer.html.json,TV & streaming,0.77471757,TV & streaming,0.8227025270462036,TV & streaming,0.8138505
www.telenor.no,Norwegian,tv_brukerveiledning-t-we_strommetjenester_tv2-play.html.json,TV & streaming,0.7792742,TV & streaming,0.830050528049469,TV & streaming,0.81246376
www.telenor.no,Norwegian,tv_brukerveiledning-t-we_strommetjenester_viaplay.html.json,TV & streaming,0.7862086,TV & streaming,0.8305631875991821,TV & streaming,0.8150729
www.telenor.no,Norwegian,tv_brukerveiledning-t-we_teksting-horselshemmede.html.json,TV & streaming,0.77447236,TV & streaming,0.828199565410614,TV & streaming,0.7989967
www.telenor.no,Norwegian,tv_brukerveiledning-t-we_tv-guide.html.json,TV & streaming,0.7859633,TV & streaming,0.8340733647346497,TV & streaming,0.81966263
www.telenor.no,Norwegian,tv_brukerveiledning-t-we_ukesarkiv.html.json,TV & streaming,0.78077257,TV & streaming,0.8287193775177002,TV & streaming,0.8200868
www.telenor.no,Norwegian,tv_dekodere-og-fjernkontroller.html.json,TV & streaming,0.7943761,TV & streaming,0.8413837552070618,TV & streaming,0.82046014
www.telenor.no,Norwegian,tv_dekodere-og-fjernkontroller_idtv-kortleser.html.json,TV & streaming,0.7786492,TV & streaming,0.8292900323867798,TV & streaming,0.81106174
www.telenor.no,Norwegian,tv_dekodere-og-fjernkontroller_indexer.page.html.json,TV & streaming,0.7943761,TV & streaming,0.8413837552070618,TV & streaming,0.821069
www.telenor.no,Norwegian,tv_dekodere-og-fjernkontroller_t-we-boks-ii.html.json,SIM & eSIM,0.769625,TV & streaming,0.8112438321113586,TV & streaming,0.8055887
www.telenor.no,Norwegian,tv_dekodere-og-fjernkontroller_t-we-boks-ii_fjernkontroll.html.json,TV & streaming,0.7645491,TV & streaming,0.8157309293746948,TV & streaming,0.7994677
www.telenor.no,Norwegian,tv_dekodere-og-fjernkontroller_t-we-boks-ii_fjernkontroll_bytte-fjernkontroll.html.json,TV & streaming,0.76340634,TV & streaming,0.8128496408462524,TV & streaming,0.79307824
www.telenor.no,Norwegian,tv_dekodere-og-fjernkontroller_t-we-boks-ii_koble-til.html.json,"Routers, modems & network hardware",0.77283156,"Routers, modems & network hardware",0.8204876184463501,TV & streaming,0.81003505
www.telenor.no,Norwegian,tv_dekodere-og-fjernkontroller_t-we-boks-mini.html.json,TV & streaming,0.7725782,TV & streaming,0.8153344392776489,TV & streaming,0.80588055
www.telenor.no,Norwegian,tv_dekodere-og-fjernkontroller_t-we-boks-mini_installasjon.html.json,TV & streaming,0.7568854,TV & streaming,0.8080425262451172,TV & streaming,0.8066228
www.telenor.no,Norwegian,tv_dekodere-og-fjernkontroller_t-we-boks-mini_koble-til.html.json,TV & streaming,0.766077,TV & streaming,0.8126588463783264,TV & streaming,0.8086065
www.telenor.no,Norwegian,tv_dekodere-og-fjernkontroller_t-we-boks.html.json,TV & streaming,0.7739749,TV & streaming,0.8236854076385498,TV & streaming,0.8193836
www.telenor.no,Norwegian,tv_dekodere-og-fjernkontroller_t-we-boks_fjernkontroll.html.json,TV & streaming,0.7705948,TV & streaming,0.8190652132034302,TV & streaming,0.80043566
www.telenor.no,Norwegian,tv_dekodere-og-fjernkontroller_t-we-boks_fjernkontroll_bytte-fjernkontroll.html.json,TV & streaming,0.7624911,TV & streaming,0.8111979961395264,TV & streaming,0.7932414
www.telenor.no,Norwegian,tv_dekodere-og-fjernkontroller_t-we-boks_koble-til.html.json,TV & streaming,0.7660577,TV & streaming,0.8146601319313049,TV & streaming,0.815451
www.telenor.no,Norwegian,tv_kabler-og-nettverksutstyr.html.json,Network & coverage,0.77380943,Network & coverage,0.8264718055725098,Network & coverage,0.8105914
www.telenor.no,Norwegian,tv_lyd-og-bilde.html.json,TV & streaming,0.7800642,Broadband & fixed internet,0.8291186094284058,TV & streaming,0.8191261
www.telenor.no,Norwegian,tv_problemer-med-tv.html.json,TV & streaming,0.7895045,TV & streaming,0.835050106048584,TV & streaming,0.8209035
www.telenor.no,Norwegian,tv_problemer-med-tv_hdcp-hdmi-off.html.json,TV & streaming,0.7684804,TV & streaming,0.8182847499847412,TV & streaming,0.8075187
www.telenor.no,Norwegian,tv_t-we-app.html.json,TV & streaming,0.7884706,TV & streaming,0.8361694812774658,TV & streaming,0.816833
www.telenor.no,Norwegian,tv_t-we-app_account-not-found.html.json,Account & login,0.78057575,Account & login,0.8296153545379639,Account & login,0.7970338
www.telenor.no,Norwegian,tv_t-we-app_android-tv-app.html.json,TV & streaming,0.76623607,TV & streaming,0.8151670694351196,TV & streaming,0.7914126
www.telenor.no,Norwegian,tv_t-we-app_apple-tv.html.json,TV & streaming,0.77102983,TV & streaming,0.8162676095962524,TV & streaming,0.80192626
www.telenor.no,Norwegian,tv_t-we-app_bruk.html.json,Account & login,0.78673846,Account & login,0.8380440473556519,Account & login,0.80817056
www.telenor.no,Norwegian,tv_t-we-app_feilsok.html.json,TV & streaming,0.7760813,TV & streaming,0.8270000219345093,TV & streaming,0.8114461
www.telenor.no,Norwegian,tv_t-we-app_hjemmesjekk.html.json,Mobile devices,0.77473176,TV & streaming,0.8175032138824463,TV & streaming,0.8035982
www.telenor.no,Norwegian,tv_t-we-app_innstillinger.html.json,Account & login,0.77343357,Network & coverage,0.8181814551353455,Mobile subscriptions & services,0.80128443
www.telenor.no,Norwegian,tv_t-we-app_pin-kode.html.json,Account & login,0.7808536,Account & login,0.8172414302825928,Account & login,0.8015659
www.telenor.no,Norwegian,tv_t-we-app_profiler.html.json,Account & login,0.80159795,Account & login,0.8416474461555481,Account & login,0.8227849
www.telenor.no,Norwegian,tv_t-we-app_sok.html.json,TV & streaming,0.7681792,TV & streaming,0.8139024376869202,TV & streaming,0.8254578
www.telenor.no,Norwegian,tv_t-we-app_tv-guide.html.json,TV & streaming,0.7906931,TV & streaming,0.8335038423538208,TV & streaming,0.8247908
www.telenor.no,Norwegian,tv_t-we-app_ukesarkiv.html.json,TV & streaming,0.77356446,TV & streaming,0.8257155418395996,TV & streaming,0.8185472
www.telenor.no,Norwegian,tv_velge-kanaler.html.json,TV & streaming,0.7874593,TV & streaming,0.8355616331100464,TV & streaming,0.82614064
www.telenor.no,Norwegian,tv_velge-kanaler_aktiver-discoveryplus.html.json,TV & streaming,0.7793997,TV & streaming,0.8301544189453125,TV & streaming,0.8139955
www.telenor.se,Swedish,det-har-hander-med-abonnemang-vid-dodsfall.html.json,Mobile subscriptions & services,0.77030975,Mobile subscriptions & services,0.8246163129806519,Mobile subscriptions & services,0.8111125
www.telenor.se,Swedish,driftinformation.html.json,SIM & eSIM,0.7955929,Network & coverage,0.8360590934753418,SIM & eSIM,0.82894903
www.telenor.se,Swedish,driftinformation_driftstorningar-pa-mobilnatet.html.json,Network & coverage,0.7880554,Network & coverage,0.8463574647903442,SIM & eSIM,0.8291335
www.telenor.se,Swedish,driftinformation_driftstorningar-pa-tv--och-bredbandsnatet.html.json,Network & coverage,0.79729855,Network & coverage,0.8531940579414368,Network & coverage,0.8285868
www.telenor.se,Swedish,driftinformation_mobiltelefoni-och-mobilt-bredband.html.json,Mobile devices,0.8206867,Network & coverage,0.8667939901351929,Mobile subscriptions & services,0.8155582
www.telenor.se,Swedish,driftinformation_mobiltelefoni-och-mobilt-bredband_mobiltackning-i-sverige.html.json,Network & coverage,0.8073046,Network & coverage,0.8573211431503296,Network & coverage,0.8294697
www.telenor.se,Swedish,driftinformation_mobiltelefoni-och-mobilt-bredband_vad-som-paverkar-mottagning-och-hastighet.html.json,Network & coverage,0.81487685,Network & coverage,0.8626483082771301,Network & coverage,0.8294582
www.telenor.se,Swedish,faktura.html.json,Billing & payment,0.7953428,Billing & payment,0.8464311957359314,Billing & payment,0.84234595
www.telenor.se,Swedish,faktura_allt-om-hur-du-betalar-fakturan.html.json,Billing & payment,0.7980696,Billing & payment,0.848859429359436,Billing & payment,0.8389709
www.telenor.se,Swedish,faktura_autogiro.html.json,Billing & payment,0.752401,Billing & payment,0.8122415542602539,Billing & payment,0.8089831
www.telenor.se,Swedish,faktura_byte-av-bank-eller-betalansvarig.html.json,Billing & payment,0.77210104,Account & login,0.8186756372451782,Billing & payment,0.8251022
www.telenor.se,Swedish,faktura_din-forsta-faktura.html.json,Billing & payment,0.79973996,Billing & payment,0.8536478281021118,Billing & payment,0.83571446
www.telenor.se,Swedish,faktura_e-faktura.html.json,Billing & payment,0.77005684,Billing & payment,0.8274686336517334,Billing & payment,0.82813954
www.telenor.se,Swedish,faktura_forsta-fakturan.html.json,Billing & payment,0.8012326,Billing & payment,0.8490642309188843,Billing & payment,0.83003515
www.telenor.se,Swedish,faktura_hjalp-att-forsta-fakturan.html.json,Billing & payment,0.793384,Billing & payment,0.8425266742706299,Billing & payment,0.83269954
www.telenor.se,Swedish,faktura_inkasso.html.json,Billing & payment,0.78533876,Billing & payment,0.821010947227478,Billing & payment,0.82841164
www.telenor.se,Swedish,faktura_kivra.html.json,Billing & payment,0.78985983,Billing & payment,0.8443288803100586,Billing & payment,0.82198226
www.telenor.se,Swedish,faktura_ovantat-eller-hogt-fakturabelopp.html.json,Mobile subscriptions & services,0.7970135,Mobile subscriptions & services,0.8393557071685791,Billing & payment,0.8273796
www.telenor.se,Swedish,faktura_paminnelse.html.json,Billing & payment,0.8067883,Billing & payment,0.8537869453430176,Billing & payment,0.8350204
www.telenor.se,Swedish,faktura_swish.html.json,Billing & payment,0.76915175,Billing & payment,0.8194630146026611,Billing & payment,0.8152871
www.telenor.se,Swedish,fast-bredband.html.json,Broadband & fixed internet,0.801952,Broadband & fixed internet,0.8521144986152649,Broadband & fixed internet,0.8224617
www.telenor.se,Swedish,fast-bredband_aktivera-bredband.html.json,"Routers, modems & network hardware",0.7659237,"Routers, modems & network hardware",0.8195894956588745,Broadband & fixed internet,0.8046185
www.telenor.se,Swedish,fast-bredband_annat_avsluta-abonnemang-pa-tv-bredband-eller-hemtelefoni-via-bredband.html.json,Mobile subscriptions & services,0.7835971,Mobile subscriptions & services,0.8374888896942139,Mobile subscriptions & services,0.8115792
www.telenor.se,Swedish,fast-bredband_annat_natskydd.html.json,Mobile devices,0.79830366,Mobile devices,0.8322551250457764,Mobile subscriptions & services,0.8147986
www.telenor.se,Swedish,fast-bredband_felsokning_digihjalpen.html.json,"Routers, modems & network hardware",0.8049669,"Routers, modems & network hardware",0.8415067195892334,"Routers, modems & network hardware",0.83011734
www.telenor.se,Swedish,fast-bredband_felsokning_hur-surfar-du-nar-du-upplever-ditt-problem.html.json,Network & coverage,0.806775,Network & coverage,0.8481296896934509,"Routers, modems & network hardware",0.81072867
www.telenor.se,Swedish,fast-bredband_felsokning_hur-upplever-du-problemet-med-ditt-bredband.html.json,Network & coverage,0.7730287,Network & coverage,0.8232322931289673,"Routers, modems & network hardware",0.82205427
www.telenor.se,Swedish,fast-bredband_felsokning_koppla-in-datorn-direkt-i-bredbandsuttaget.html.json,Broadband & fixed internet,0.7615712,Broadband & fixed internet,0.817756175994873,Broadband & fixed internet,0.81588507
www.telenor.se,Swedish,fast-bredband_felsokning_koppla-in-datorn-direkt-i-bredbandsuttaget2.html.json,"Routers, modems & network hardware",0.7644862,"Routers, modems & network hardware",0.8127126693725586,"Routers, modems & network hardware",0.8206458
www.telenor.se,Swedish,fast-bredband_felsokning_koppla-in-routern-igen.html.json,"Routers, modems & network hardware",0.7918395,"Routers, modems & network hardware",0.8324685096740723,"Routers, modems & network hardware",0.822524
www.telenor.se,Swedish,fast-bredband_felsokning_lyser-eller-blinkar-en-rod-lampa-pa-din-router.html.json,"Routers, modems & network hardware",0.8045825,"Routers, modems & network hardware",0.8383362293243408,"Routers, modems & network hardware",0.82046276
www.telenor.se,Swedish,fast-bredband_felsokning_placera-routern-ratt.html.json,"Routers, modems & network hardware",0.77677417,"Routers, modems & network hardware",0.817470371723175,"Routers, modems & network hardware",0.83179295
www.telenor.se,Swedish,fast-bredband_felsokning_starta-om-din-router-driftstorning.html.json,Network & coverage,0.791485,Network & coverage,0.8302888870239258,Network & coverage,0.8142072
www.telenor.se,Swedish,fast-bredband_felsokning_testa-med-en-annan-natverkskabel.html.json,"Routers, modems & network hardware",0.78171897,"Routers, modems & network hardware",0.8291453719139099,"Routers, modems & network hardware",0.8174453
www.telenor.se,Swedish,fast-bredband_felsokning_testa-med-en-annan-natverkskabel2.html.json,"Routers, modems & network hardware",0.7881897,"Routers, modems & network hardware",0.8301507830619812,"Routers, modems & network hardware",0.8208064
www.telenor.se,Swedish,fast-bredband_felsokning_wifi-kabel-fabriksaterstall-din-router.html.json,"Routers, modems & network hardware",0.76706326,"Routers, modems & network hardware",0.8176298141479492,"Routers, modems & network hardware",0.82674205
www.telenor.se,Swedish,fast-bredband_felsokning_wifi-placera-routern-ratt.html.json,"Routers, modems & network hardware",0.7767743,"Routers, modems & network hardware",0.8174704909324646,"Routers, modems & network hardware",0.8304361
www.telenor.se,Swedish,fast-bredband_felsokning_wifi-starta-om-din-router.html.json,"Routers, modems & network hardware",0.7728603,"Routers, modems & network hardware",0.816287636756897,"Routers, modems & network hardware",0.8203161
www.telenor.se,Swedish,fast-bredband_felsokning_wifi-testa-med-endast-en-enhet.html.json,"Routers, modems & network hardware",0.78825,"Routers, modems & network hardware",0.8281604647636414,"Routers, modems & network hardware",0.8137623
www.telenor.se,Swedish,fast-bredband_installationsguider.html.json,"Routers, modems & network hardware",0.81736827,"Routers, modems & network hardware",0.8565974235534668,"Routers, modems & network hardware",0.82672143
www.telenor.se,Swedish,fast-bredband_installationsguider_fast-ip_stalla-in-fast-ip-pa-technicolor.html.json,"Routers, modems & network hardware",0.7955328,"Routers, modems & network hardware",0.8351313471794128,"Routers, modems & network hardware",0.8254956
www.telenor.se,Swedish,fast-bredband_installationsguider_installationsguider_installation-av-router-technicolor-784.html.json,"Routers, modems & network hardware",0.7915051,"Routers, modems & network hardware",0.8443299531936646,"Routers, modems & network hardware",0.83242226
www.telenor.se,Swedish,fast-bredband_installationsguider_installationsguider_router--telenor-i4882.html.json,"Routers, modems & network hardware",0.78624415,"Routers, modems & network hardware",0.834436297416687,"Routers, modems & network hardware",0.8222183
www.telenor.se,Swedish,fast-bredband_installationsguider_installationsguider_router-technicolor-799-xtream.html.json,"Routers, modems & network hardware",0.7933276,"Routers, modems & network hardware",0.8406944274902344,"Routers, modems & network hardware",0.8230744
www.telenor.se,Swedish,fast-bredband_installationsguider_installationsguider_technicolor-tc4210.html.json,Broadband & fixed internet,0.8010925,Broadband & fixed internet,0.8494270443916321,Broadband & fixed internet,0.82180166
www.telenor.se,Swedish,fast-bredband_surfa-nu.html.json,Broadband & fixed internet,0.8053301,Broadband & fixed internet,0.8570002317428589,"Routers, modems & network hardware",0.8285955
www.telenor.se,Swedish,fast-bredband_surfa-nu_dags-att-felsoka.html.json,Broadband & fixed internet,0.77111214,Broadband & fixed internet,0.8161706924438477,Broadband & fixed internet,0.81947976
www.telenor.se,Swedish,fast-bredband_surfa-nu_kom-igang-med-ditt-bredband.html.json,Broadband & fixed internet,0.8010926,Broadband & fixed internet,0.8494271039962769,Broadband & fixed internet,0.82180154
www.telenor.se,Swedish,fast-bredband_surfa-nu_kom-igang-med-ditt-bredband_aktivera-ditt-bredband.html.json,"Routers, modems & network hardware",0.7598656,Broadband & fixed internet,0.8113349080085754,"Routers, modems & network hardware",0.8085439
www.telenor.se,Swedish,fast-bredband_surfa-nu_kom-igang-med-ditt-bredband_fiberkonverterare-hur-vill-du-koppla-upp-dig.html.json,"Routers, modems & network hardware",0.80038905,"Routers, modems & network hardware",0.8418246507644653,"Routers, modems & network hardware",0.82835734
www.telenor.se,Swedish,fast-bredband_surfa-nu_kom-igang-med-ditt-bredband_fiberkonverterare-hur-vill-du-koppla-upp-dig_fiberkonverterare--koppla-in-en-annan-router.html.json,"Routers, modems & network hardware",0.7955345,"Routers, modems & network hardware",0.8380047082901001,"Routers, modems & network hardware",0.8294502
www.telenor.se,Swedish,fast-bredband_surfa-nu_kom-igang-med-ditt-bredband_fiberkonverterare-hur-vill-du-koppla-upp-dig_fiberkonverterare--koppla-in-routern-fran-telenor.html.json,"Routers, modems & network hardware",0.79317874,"Routers, modems & network hardware",0.8386576175689697,"Routers, modems & network hardware",0.821485
www.telenor.se,Swedish,fast-bredband_surfa-nu_kom-igang-med-ditt-bredband_fiberkonverterare-hur-vill-du-koppla-upp-dig_fiberkonverterare--surfa-med-hjalp-av-en-natverkskabel.html.json,"Routers, modems & network hardware",0.7714596,"Routers, modems & network hardware",0.8181537389755249,Broadband & fixed internet,0.81918997
www.telenor.se,Swedish,fast-bredband_surfa-nu_kom-igang-med-ditt-bredband_fiberuttag-hur-vill-du-koppla-upp-dig.html.json,"Routers, modems & network hardware",0.79740524,"Routers, modems & network hardware",0.8401647806167603,"Routers, modems & network hardware",0.83050036
www.telenor.se,Swedish,fast-bredband_surfa-nu_kom-igang-med-ditt-bredband_fiberuttag-hur-vill-du-koppla-upp-dig_fiberuttag--koppla-in-en-annan-router.html.json,"Routers, modems & network hardware",0.7942507,"Routers, modems & network hardware",0.8367148041725159,"Routers, modems & network hardware",0.8281284
www.telenor.se,Swedish,fast-bredband_surfa-nu_kom-igang-med-ditt-bredband_fiberuttag-hur-vill-du-koppla-upp-dig_fiberuttag--koppla-in-routern-fran-telenor.html.json,"Routers, modems & network hardware",0.79140514,"Routers, modems & network hardware",0.8354259729385376,"Routers, modems & network hardware",0.8269683
www.telenor.se,Swedish,fast-bredband_surfa-nu_kom-igang-med-ditt-bredband_fiberuttag-hur-vill-du-koppla-upp-dig_fiberuttag--surfa-med-hjalp-av-en-natverkskabel.html.json,"Routers, modems & network hardware",0.77220774,"Routers, modems & network hardware",0.8193342685699463,Broadband & fixed internet,0.81796074
www.telenor.se,Swedish,fast-bredband_surfa-nu_kom-igang-med-ditt-bredband_fungerade-inte.html.json,Broadband & fixed internet,0.7974713,Broadband & fixed internet,0.8491814136505127,Broadband & fixed internet,0.8126688
www.telenor.se,Swedish,fast-bredband_surfa-nu_kom-igang-med-ditt-bredband_fungerade.html.json,Broadband & fixed internet,0.8112351,Broadband & fixed internet,0.8554889559745789,Mobile subscriptions & services,0.8126949
www.telenor.se,Swedish,fast-bredband_surfa-nu_kom-igang-med-ditt-bredband_hitta-port.html.json,"Routers, modems & network hardware",0.76535887,Account & login,0.8145711421966553,"Routers, modems & network hardware",0.81124985
www.telenor.se,Swedish,fast-bredband_surfa-nu_kom-igang-med-ditt-bredband_tjanstefordelare-hur-vill-du-koppla-upp-dig.html.json,"Routers, modems & network hardware",0.80038905,"Routers, modems & network hardware",0.8418246507644653,"Routers, modems & network hardware",0.8306267
www.telenor.se,Swedish,fast-bredband_surfa-nu_kom-igang-med-ditt-bredband_tjanstefordelare-hur-vill-du-koppla-upp-dig_tjanstefordelare--koppla-in-en-annan-router.html.json,"Routers, modems & network hardware",0.79366183,"Routers, modems & network hardware",0.8332605361938477,"Routers, modems & network hardware",0.8284215
www.telenor.se,Swedish,fast-bredband_surfa-nu_kom-igang-med-ditt-bredband_tjanstefordelare-hur-vill-du-koppla-upp-dig_tjanstefordelare--koppla-in-routern-fran-telenor.html.json,"Routers, modems & network hardware",0.79625154,"Routers, modems & network hardware",0.838826060295105,"Routers, modems & network hardware",0.830402
www.telenor.se,Swedish,fast-bredband_surfa-nu_kom-igang-med-ditt-bredband_tjanstefordelare-hur-vill-du-koppla-upp-dig_tjanstefordelare--surfa-med-hjalp-av-en-natverkskabel.html.json,"Routers, modems & network hardware",0.77717996,"Routers, modems & network hardware",0.819223165512085,"Routers, modems & network hardware",0.81899464
www.telenor.se,Swedish,fast-bredband_via-fiber.html.json,Broadband & fixed internet,0.8091366,Broadband & fixed internet,0.8601389527320862,Broadband & fixed internet,0.8243789
www.telenor.se,Swedish,fast-bredband_via-fiber_felsokning_problem-med-hastigheten.html.json,Broadband & fixed internet,0.77432364,Broadband & fixed internet,0.8254880905151367,Broadband & fixed internet,0.82273126
www.telenor.se,Swedish,fast-bredband_via-fiber_wifi_anslut-till-wifi-via-iphone-och-ipad.html.json,"Routers, modems & network hardware",0.7716925,"Routers, modems & network hardware",0.8116005659103394,"Routers, modems & network hardware",0.8190951
www.telenor.se,Swedish,fast-bredband_wifi.html.json,Broadband & fixed internet,0.8196717,Broadband & fixed internet,0.8618947267532349,"Routers, modems & network hardware",0.8157109
www.telenor.se,Swedish,fast-bredband_wifi_felsokning_problem-att-ansluta-till-wifi-via-routern-technicolor-799.html.json,"Routers, modems & network hardware",0.7748137,"Routers, modems & network hardware",0.8213108777999878,"Routers, modems & network hardware",0.8252202
www.telenor.se,Swedish,fast-bredband_wifi_felsokning_problem-med-att-na-det-tradlosa-natverket.html.json,"Routers, modems & network hardware",0.7825757,"Routers, modems & network hardware",0.8318852782249451,"Routers, modems & network hardware",0.81544733
www.telenor.se,Swedish,fast-bredband_wifi_felsokning_problem-med-hastigheten.html.json,"Routers, modems & network hardware",0.7789904,Broadband & fixed internet,0.8286463022232056,"Routers, modems & network hardware",0.8245679
www.telenor.se,Swedish,fast-bredband_wifi_kom-igang_anslut-till-wifi-via-android.html.json,"Routers, modems & network hardware",0.7756369,"Routers, modems & network hardware",0.8156112432479858,"Routers, modems & network hardware",0.82010335
www.telenor.se,Swedish,fast-bredband_wifi_kom-igang_anslut-till-wifi-via-iphone-och-ipad.html.json,"Routers, modems & network hardware",0.7716925,"Routers, modems & network hardware",0.8116005659103394,"Routers, modems & network hardware",0.8192381
www.telenor.se,Swedish,fast-bredband_wifi_kom-igang_anslut-till-wifi-via-macos.html.json,"Routers, modems & network hardware",0.7746953,"Routers, modems & network hardware",0.8124974370002747,"Routers, modems & network hardware",0.8248646
www.telenor.se,Swedish,fast-bredband_wifi_kom-igang_anslut-till-wifi-via-windows-10.html.json,"Routers, modems & network hardware",0.77826744,"Routers, modems & network hardware",0.8164398670196533,"Routers, modems & network hardware",0.82444966
www.telenor.se,Swedish,fast-bredband_wifi_wifikontroll.html.json,"Routers, modems & network hardware",0.78666735,"Routers, modems & network hardware",0.8313534259796143,"Routers, modems & network hardware",0.8122721
www.telenor.se,Swedish,fast-bredband_wifi_wifikontroll_anslutna-enheter2_avisering-nar-enhet-ansluter.html.json,Mobile devices,0.78351986,Mobile devices,0.8181678652763367,"Routers, modems & network hardware",0.8166137
www.telenor.se,Swedish,fast-bredband_wifi_wifikontroll_anslutna-enheter2_enheter-och-pausa-enheter.html.json,Mobile devices,0.77518237,Mobile devices,0.8235149383544922,"Routers, modems & network hardware",0.81341404
www.telenor.se,Swedish,fast-bredband_wifi_wifikontroll_anslutna-enheter2_prioritera-enheter.html.json,"Routers, modems & network hardware",0.77652025,"Routers, modems & network hardware",0.8110836744308472,"Routers, modems & network hardware",0.8161089
www.telenor.se,Swedish,fast-bredband_wifi_wifikontroll_anslutna-enheter2_skapa-och-andra-profiler.html.json,Account & login,0.8019924,Account & login,0.8440924882888794,"Routers, modems & network hardware",0.82028794
www.telenor.se,Swedish,fast-bredband_wifi_wifikontroll_anslutna-enheter2_skapa-surfschema.html.json,Account & login,0.76699495,Account & login,0.8063539266586304,"Routers, modems & network hardware",0.8231428
www.telenor.se,Swedish,fast-bredband_wifi_wifikontroll_anslutna-enheter_andra-namn-och-losenord-pa-ditt-hemmanatverk.html.json,"Routers, modems & network hardware",0.7614403,Account & login,0.8106154203414917,Broadband & fixed internet,0.8222798
www.telenor.se,Swedish,fast-bredband_wifi_wifikontroll_anslutna-enheter_dopa-om-och-kategorisera-enheter.html.json,Mobile devices,0.7789799,Mobile devices,0.8166861534118652,"Routers, modems & network hardware",0.8184254
www.telenor.se,Swedish,fast-bredband_wifi_wifikontroll_anslutna-enheter_kom-igang-med-wifikontroll-appen.html.json,"Routers, modems & network hardware",0.7869462,"Routers, modems & network hardware",0.8231083750724792,"Routers, modems & network hardware",0.8268865
www.telenor.se,Swedish,fast-bredband_wifi_wifikontroll_anslutna-enheter_skapa-ett-gastnatverk.html.json,"Routers, modems & network hardware",0.74648523,"Routers, modems & network hardware",0.7869565486907959,"Routers, modems & network hardware",0.8198098
www.telenor.se,Swedish,fast-bredband_wifi_wifikontroll_guider_halsokontroll-av-ditt-hemmanatverk.html.json,Network & coverage,0.78407675,Network & coverage,0.8211686611175537,"Routers, modems & network hardware",0.82060635
www.telenor.se,Swedish,fast-bredband_wifi_wifikontroll_guider_omstart-router.html.json,"Routers, modems & network hardware",0.7971182,"Routers, modems & network hardware",0.8338096141815186,"Routers, modems & network hardware",0.8234135
www.telenor.se,Swedish,fast-bredband_wifi_wifikontroll_guider_wififorstarkare.html.json,"Routers, modems & network hardware",0.7795342,"Routers, modems & network hardware",0.8228253126144409,"Routers, modems & network hardware",0.8237034
www.telenor.se,Swedish,fullmakt--teckna-och-aterkalla.html.json,Mobile subscriptions & services,0.75841284,Mobile subscriptions & services,0.8116403818130493,Mobile subscriptions & services,0.78904474
www.telenor.se,Swedish,hjalp-med-inloggning.html.json,Account & login,0.77958226,Account & login,0.8203990459442139,Account & login,0.8045008
www.telenor.se,Swedish,kundkontakt.html.json,Mobile subscriptions & services,0.78092027,Other,0.82663893699646,Mobile subscriptions & services,0.80864775
www.telenor.se,Swedish,mobilt-bredband.html.json,Mobile subscriptions & services,0.7815565,Mobile subscriptions & services,0.8260965347290039,Mobile subscriptions & services,0.8092834
www.telenor.se,Swedish,mobilt-bredband_ipad.html.json,Mobile devices,0.79851145,Mobile devices,0.8272484540939331,"Routers, modems & network hardware",0.8083539
www.telenor.se,Swedish,mobilt-bredband_ipad_appar_avinstallera-appar.html.json,Mobile devices,0.7209604,Account & login,0.7633821964263916,Mobile subscriptions & services,0.79785216
www.telenor.se,Swedish,mobilt-bredband_ipad_appar_stall-in-e-post-i-ipad.html.json,Mobile devices,0.79851145,Mobile devices,0.8272484540939331,"Routers, modems & network hardware",0.8083539
www.telenor.se,Swedish,mobilt-bredband_ipad_back-up-aterstalla-och-aterskapa_aterstall-din-ipad.html.json,Mobile devices,0.74015063,Mobile devices,0.7740678787231445,"Routers, modems & network hardware",0.8139863
www.telenor.se,Swedish,mobilt-bredband_ipad_internet_stall-in-4g-lte-pa-ipad-2017.html.json,Mobile devices,0.7433249,Broadband & fixed internet,0.7816945314407349,"Routers, modems & network hardware",0.81032073
www.telenor.se,Swedish,mobilt-bredband_ipad_problemlosning_om-dig-ipad-har-hangt-sig-hard-omstart.html.json,Mobile devices,0.7509797,Account & login,0.7850090265274048,Broadband & fixed internet,0.8072847
www.telenor.se,Swedish,mobilt-bredband_router-och-modem.html.json,"Routers, modems & network hardware",0.8180697,"Routers, modems & network hardware",0.8601272106170654,"Routers, modems & network hardware",0.8244083
www.telenor.se,Swedish,mobilt-bredband_router-och-modem_huawei_andra-apn.html.json,Account & login,0.7749301,Account & login,0.8203531503677368,"Routers, modems & network hardware",0.8165002
www.telenor.se,Swedish,mobilt-bredband_router-och-modem_huawei_byta-losenord.html.json,"Routers, modems & network hardware",0.78694355,"Routers, modems & network hardware",0.8251653909683228,"Routers, modems & network hardware",0.8225746
www.telenor.se,Swedish,mobilt-bredband_router-och-modem_huawei_byta-nat.html.json,"Routers, modems & network hardware",0.77317464,"Routers, modems & network hardware",0.8135033845901489,"Routers, modems & network hardware",0.8270705
www.telenor.se,Swedish,mobilt-bredband_router-och-modem_huawei_om-det-ar-dalig-mottagning.html.json,Network & coverage,0.78701794,Network & coverage,0.8446973562240601,Mobile subscriptions & services,0.81509805
www.telenor.se,Swedish,mobilt-bredband_router-och-modem_huawei_om-det-inte-funkar-alls-att-surfa.html.json,"Routers, modems & network hardware",0.7894801,"Routers, modems & network hardware",0.830412745475769,Mobile subscriptions & services,0.81189466
www.telenor.se,Swedish,mobilt-bredband_router-och-modem_huawei_om-det-inte-funkar-att-surfa-utomlands.html.json,"Routers, modems & network hardware",0.76716304,"Routers, modems & network hardware",0.8078926205635071,"Routers, modems & network hardware",0.8203739
www.telenor.se,Swedish,mobilt-bredband_router-och-modem_huawei_satta-i-sim-kort.html.json,SIM & eSIM,0.7827322,SIM & eSIM,0.8259674906730652,"Routers, modems & network hardware",0.815899
www.telenor.se,Swedish,mobilt-bredband_router-och-modem_huawei_stang-av-funktionen-5-ghz-foredras.html.json,"Routers, modems & network hardware",0.79532814,"Routers, modems & network hardware",0.834325909614563,"Routers, modems & network hardware",0.8190894
www.telenor.se,Swedish,mobilt-bredband_router-och-modem_huawei_uppdatera-mjukvaran-for-huawei.html.json,"Routers, modems & network hardware",0.75429875,"Routers, modems & network hardware",0.8065524697303772,"Routers, modems & network hardware",0.8219136
www.telenor.se,Swedish,mobilt-bredband_router-och-modem_zte_kom-igang-och-byt-losenord.html.json,"Routers, modems & network hardware",0.7846693,"Routers, modems & network hardware",0.8277905583381653,"Routers, modems & network hardware",0.8318752
www.telenor.se,Swedish,mobilt-bredband_router-och-modem_zte_uppdatera-mjukvaran-for-zte.html.json,"Routers, modems & network hardware",0.7694087,"Routers, modems & network hardware",0.8217546939849854,"Routers, modems & network hardware",0.82403946
www.telenor.se,Swedish,mobiltelefoni.html.json,Mobile subscriptions & services,0.8134805,Mobile subscriptions & services,0.8610543012619019,Mobile subscriptions & services,0.8231608
www.telenor.se,Swedish,mobiltelefoni_abonnemang.html.json,Mobile subscriptions & services,0.7905723,Mobile subscriptions & services,0.8416880369186401,Mobile subscriptions & services,0.83094466
www.telenor.se,Swedish,mobiltelefoni_abonnemang_fler-tjanster_automatisk-saldosparr-for-surf.html.json,Mobile subscriptions & services,0.7992631,Mobile subscriptions & services,0.8391672372817993,Mobile subscriptions & services,0.8152522
www.telenor.se,Swedish,mobiltelefoni_abonnemang_fler-tjanster_hemligt-och-dolt-nummer.html.json,SIM & eSIM,0.7480057,Account & login,0.7929353713989258,Mobile subscriptions & services,0.79575634
www.telenor.se,Swedish,mobiltelefoni_abonnemang_fler-tjanster_hemnummer-i-mobilen.html.json,Mobile subscriptions & services,0.78147733,Mobile subscriptions & services,0.8271084427833557,Mobile subscriptions & services,0.8191215
www.telenor.se,Swedish,mobiltelefoni_abonnemang_fler-tjanster_nummerupplysning.html.json,Mobile subscriptions & services,0.780693,Mobile subscriptions & services,0.8178067207336426,Mobile subscriptions & services,0.8192183
www.telenor.se,Swedish,mobiltelefoni_abonnemang_fler-tjanster_operatorsupplasning.html.json,Mobile devices,0.78416264,Mobile subscriptions & services,0.8204413056373596,Mobile subscriptions & services,0.8024969
www.telenor.se,Swedish,mobiltelefoni_abonnemang_fler-tjanster_skerhetspaket.html.json,Mobile devices,0.801999,Mobile subscriptions & services,0.8366308212280273,Mobile subscriptions & services,0.8343774
www.telenor.se,Swedish,mobiltelefoni_abonnemang_fler-tjanster_volte-4g-samtal.html.json,Mobile subscriptions & services,0.79320705,Mobile subscriptions & services,0.840544581413269,Mobile subscriptions & services,0.82753456
www.telenor.se,Swedish,mobiltelefoni_abonnemang_fler-tjanster_volte-4g-samtal_sa-har-aktiverar-du-volte-pa-din-huawei.html.json,Network & coverage,0.7477906,Mobile subscriptions & services,0.7909594774246216,Mobile subscriptions & services,0.82491225
www.telenor.se,Swedish,mobiltelefoni_abonnemang_fler-tjanster_wifi-samtal.html.json,Mobile subscriptions & services,0.7983645,Mobile subscriptions & services,0.8498113751411438,Mobile subscriptions & services,0.8183155
www.telenor.se,Swedish,mobiltelefoni_abonnemang_fler-tjanster_wifi-samtal_sa-har-aktiverar-du-wifi-samtal-pa-din-huawei.html.json,SIM & eSIM,0.733842,"Routers, modems & network hardware",0.779822587966919,Mobile subscriptions & services,0.8074297
www.telenor.se,Swedish,mobiltelefoni_abonnemang_for-familjen_dela-surfen-inom-familjen.html.json,Broadband & fixed internet,0.7534802,Account & login,0.8024255037307739,"Routers, modems & network hardware",0.80823684
www.telenor.se,Swedish,mobiltelefoni_abonnemang_for-familjen_hall-koll-pa-anvandandet.html.json,Mobile subscriptions & services,0.79502153,Mobile subscriptions & services,0.8410111665725708,Mobile subscriptions & services,0.82531965
www.telenor.se,Swedish,mobiltelefoni_abonnemang_for-familjen_medlemsprofiler.html.json,Account & login,0.76494443,Account & login,0.8188790082931519,Mobile subscriptions & services,0.81332135
www.telenor.se,Swedish,mobiltelefoni_abonnemang_hantera-abonnemang_avsluta-abonnemang.html.json,Mobile subscriptions & services,0.7819625,Mobile subscriptions & services,0.8359028100967407,Mobile subscriptions & services,0.82677466
www.telenor.se,Swedish,mobiltelefoni_abonnemang_hantera-abonnemang_bestalla-nytt-simkort.html.json,SIM & eSIM,0.8009209,SIM & eSIM,0.8423095345497131,SIM & eSIM,0.82655025
www.telenor.se,Swedish,mobiltelefoni_abonnemang_hantera-abonnemang_bindningstid-uppsagningstid.html.json,Mobile subscriptions & services,0.79364264,Mobile subscriptions & services,0.8339210748672485,Mobile subscriptions & services,0.82787263
www.telenor.se,Swedish,mobiltelefoni_abonnemang_hantera-abonnemang_e-sim.html.json,SIM & eSIM,0.81793797,SIM & eSIM,0.8574553728103638,SIM & eSIM,0.8408781
www.telenor.se,Swedish,mobiltelefoni_abonnemang_hantera-abonnemang_extra-sim-kort.html.json,SIM & eSIM,0.8062229,SIM & eSIM,0.8424882888793945,SIM & eSIM,0.8250965
www.telenor.se,Swedish,mobiltelefoni_abonnemang_hantera-abonnemang_fordela-surf.html.json,Broadband & fixed internet,0.7534802,Account & login,0.8024253845214844,Mobile subscriptions & services,0.8087169
www.telenor.se,Swedish,mobiltelefoni_abonnemang_hantera-abonnemang_forlanga-abonnemang.html.json,Mobile subscriptions & services,0.7776993,Mobile subscriptions & services,0.8360166549682617,Mobile subscriptions & services,0.82866484
www.telenor.se,Swedish,mobiltelefoni_abonnemang_hantera-abonnemang_hitta-pin-kod-och-puk-kod.html.json,SIM & eSIM,0.8117356,SIM & eSIM,0.8474286794662476,SIM & eSIM,0.84416306
www.telenor.se,Swedish,mobiltelefoni_abonnemang_hantera-abonnemang_nummerflytt.html.json,SIM & eSIM,0.7703763,Other,0.8239535093307495,Mobile subscriptions & services,0.8003658
www.telenor.se,Swedish,mobiltelefoni_abonnemang_hantera-abonnemang_se-vilket-abonnemang-du-har.html.json,Account & login,0.762218,Mobile subscriptions & services,0.8205995559692383,Mobile subscriptions & services,0.8146056
www.telenor.se,Swedish,mobiltelefoni_abonnemang_hantera-abonnemang_sparra-abonnemang.html.json,Mobile devices,0.8018743,Mobile devices,0.8426370620727539,Mobile devices,0.822312
www.telenor.se,Swedish,mobiltelefoni_abonnemang_hantera-abonnemang_ta-over-ett-abonnemang-eller-nummer.html.json,Mobile subscriptions & services,0.7822646,Mobile subscriptions & services,0.8374641537666321,Mobile subscriptions & services,0.81285715
www.telenor.se,Swedish,mobiltelefoni_abonnemang_rostbrevladan.html.json,"Routers, modems & network hardware",0.7610293,Account & login,0.7999367713928223,Mobile subscriptions & services,0.8166299
www.telenor.se,Swedish,mobiltelefoni_abonnemang_rostbrevladan_sa-anvander-du-rostbrevladan_att-stanga-av-rostbrevladan.html.json,"Routers, modems & network hardware",0.7473942,Account & login,0.7969295978546143,Mobile subscriptions & services,0.81718177
www.telenor.se,Swedish,mobiltelefoni_abonnemang_rostbrevladan_sa-anvander-du-rostbrevladan_installningar.html.json,Account & login,0.77096045,Account & login,0.8251264095306396,Mobile subscriptions & services,0.80583596
www.telenor.se,Swedish,mobiltelefoni_abonnemang_rostbrevladan_sa-anvander-du-rostbrevladan_kom-igang-med-rostbrevladan.html.json,Account & login,0.77423835,Account & login,0.8282653093338013,Mobile subscriptions & services,0.826814
www.telenor.se,Swedish,mobiltelefoni_abonnemang_rostbrevladan_sa-anvander-du-rostbrevladan_sa-fungerar-rostbrevladan-utomlands.html.json,Mobile subscriptions & services,0.7802651,Mobile subscriptions & services,0.8193275332450867,Mobile subscriptions & services,0.81628954
www.telenor.se,Swedish,mobiltelefoni_abonnemang_surf_byta-surfmangd.html.json,Mobile subscriptions & services,0.7488005,Mobile subscriptions & services,0.8035328984260559,Mobile subscriptions & services,0.81669056
www.telenor.se,Swedish,mobiltelefoni_abonnemang_surf_fordela-surf.html.json,Broadband & fixed internet,0.7534802,Account & login,0.8024253845214844,"Routers, modems & network hardware",0.8067193
www.telenor.se,Swedish,mobiltelefoni_abonnemang_surf_hur-mycket-surf-har-jag-kvar.html.json,Network & coverage,0.75808245,Mobile subscriptions & services,0.8006458282470703,Mobile subscriptions & services,0.8119462
www.telenor.se,Swedish,mobiltelefoni_abonnemang_surf_kop-extra-surf.html.json,Mobile subscriptions & services,0.778122,Mobile subscriptions & services,0.815805971622467,Mobile subscriptions & services,0.8128308
www.telenor.se,Swedish,mobiltelefoni_abonnemang_surf_slut-pa-surf.html.json,Mobile subscriptions & services,0.7723415,Mobile subscriptions & services,0.8125617504119873,Mobile subscriptions & services,0.8204005
www.telenor.se,Swedish,mobiltelefoni_guider_andra-installningar_valj-mobil_aktivera-5g.html.json,Mobile devices,0.7935139,SIM & eSIM,0.8201367855072021,Mobile subscriptions & services,0.8226454
www.telenor.se,Swedish,mobiltelefoni_guider_andra-installningar_valj-mobil_aktivera-inaktivera-mobildata.html.json,Mobile devices,0.79796225,Mobile subscriptions & services,0.822773814201355,Mobile subscriptions & services,0.8194351
www.telenor.se,Swedish,mobiltelefoni_guider_andra-installningar_valj-mobil_aktivera-inaktivera-roaming.html.json,Mobile devices,0.7907191,Mobile subscriptions & services,0.8283106088638306,Mobile subscriptions & services,0.8225043
www.telenor.se,Swedish,mobiltelefoni_guider_andra-installningar_valj-mobil_aktivera-volte.html.json,Mobile subscriptions & services,0.7911005,Mobile subscriptions & services,0.8264591097831726,Mobile subscriptions & services,0.82443017
www.telenor.se,Swedish,mobiltelefoni_guider_andra-installningar_valj-mobil_aktivera-wifi-samtal.html.json,Mobile devices,0.7867042,SIM & eSIM,0.819815993309021,Mobile subscriptions & services,0.8214916
www.telenor.se,Swedish,mobiltelefoni_guider_andra-installningar_valj-mobil_aktivera-wifi.html.json,Mobile devices,0.7957408,"Routers, modems & network hardware",0.8219434022903442,Mobile subscriptions & services,0.8217308
www.telenor.se,Swedish,mobiltelefoni_guider_andra-installningar_valj-mobil_android_aktivera-5g.html.json,Network & coverage,0.77951837,Network & coverage,0.8255128264427185,Network & coverage,0.8252096
www.telenor.se,Swedish,mobiltelefoni_guider_andra-installningar_valj-mobil_android_aktivera-inaktivera-hitta-min-enhet.html.json,Mobile devices,0.774192,Mobile devices,0.8179095983505249,Mobile devices,0.82304037
www.telenor.se,Swedish,mobiltelefoni_guider_andra-installningar_valj-mobil_android_aktivera-inaktivera-mobildata.html.json,Mobile devices,0.77011776,Mobile subscriptions & services,0.8197435140609741,Mobile subscriptions & services,0.8179644
www.telenor.se,Swedish,mobiltelefoni_guider_andra-installningar_valj-mobil_android_aktivera-inaktivera-roaming.html.json,Mobile subscriptions & services,0.7696433,Mobile subscriptions & services,0.8223766088485718,Mobile subscriptions & services,0.82231843
www.telenor.se,Swedish,mobiltelefoni_guider_andra-installningar_valj-mobil_android_aktivera-inaktivera-wifi.html.json,Mobile devices,0.76115507,SIM & eSIM,0.8020237684249878,"Routers, modems & network hardware",0.8202094
www.telenor.se,Swedish,mobiltelefoni_guider_andra-installningar_valj-mobil_android_aktivera-volte-samsung.html.json,Mobile subscriptions & services,0.75397515,Mobile subscriptions & services,0.7995356917381287,Mobile subscriptions & services,0.8230811
www.telenor.se,Swedish,mobiltelefoni_guider_andra-installningar_valj-mobil_android_aktivera-volte-sony.html.json,Mobile subscriptions & services,0.7565731,Mobile subscriptions & services,0.802949845790863,Mobile subscriptions & services,0.8271469
www.telenor.se,Swedish,mobiltelefoni_guider_andra-installningar_valj-mobil_android_aktivera-wifi-samtal.html.json,SIM & eSIM,0.75421584,SIM & eSIM,0.7925927042961121,"Routers, modems & network hardware",0.8183563
www.telenor.se,Swedish,mobiltelefoni_guider_andra-installningar_valj-mobil_android_anslut-via-bluetooth.html.json,Mobile devices,0.7686314,Mobile devices,0.8016970157623291,Mobile devices,0.80581355
www.telenor.se,Swedish,mobiltelefoni_guider_andra-installningar_valj-mobil_android_blockera-samtal.html.json,Mobile devices,0.73927414,SIM & eSIM,0.7767398357391357,Mobile subscriptions & services,0.8135921
www.telenor.se,Swedish,mobiltelefoni_guider_andra-installningar_valj-mobil_anslut-via-bluetooth.html.json,Mobile devices,0.79618573,Mobile devices,0.8180315494537354,Mobile subscriptions & services,0.8176521
www.telenor.se,Swedish,mobiltelefoni_guider_andra-installningar_valj-mobil_blockera-samtal.html.json,Mobile devices,0.78799844,Mobile devices,0.8140009641647339,Mobile subscriptions & services,0.8211554
www.telenor.se,Swedish,mobiltelefoni_guider_andra-installningar_valj-mobil_dela-surf-med-en-annan-enhet.html.json,Mobile devices,0.8033655,Mobile devices,0.828569769859314,Mobile subscriptions & services,0.8171203
www.telenor.se,Swedish,mobiltelefoni_guider_andra-installningar_valj-mobil_hitta-min-enhet.html.json,Mobile devices,0.7989669,Mobile devices,0.826485276222229,Mobile subscriptions & services,0.8195667
www.telenor.se,Swedish,mobiltelefoni_guider_andra-installningar_valj-mobil_iphone_aktivera-5g.html.json,Network & coverage,0.77442026,Network & coverage,0.8223625421524048,Network & coverage,0.8233558
www.telenor.se,Swedish,mobiltelefoni_guider_andra-installningar_valj-mobil_iphone_aktivera-avaktivera-hitta-min-iphone.html.json,Mobile devices,0.75322485,Mobile devices,0.7915880680084229,Mobile devices,0.8100201
www.telenor.se,Swedish,mobiltelefoni_guider_andra-installningar_valj-mobil_iphone_aktivera-inaktivera-mobildata.html.json,Mobile devices,0.77013695,Mobile subscriptions & services,0.8180928826332092,Mobile subscriptions & services,0.8153242
www.telenor.se,Swedish,mobiltelefoni_guider_andra-installningar_valj-mobil_iphone_aktivera-inaktivera-roaming.html.json,Mobile subscriptions & services,0.76732516,Mobile subscriptions & services,0.8186900615692139,Mobile subscriptions & services,0.8204903
www.telenor.se,Swedish,mobiltelefoni_guider_andra-installningar_valj-mobil_iphone_aktivera-inaktivera-wifi.html.json,Mobile devices,0.7634635,SIM & eSIM,0.8006876707077026,"Routers, modems & network hardware",0.8198526
www.telenor.se,Swedish,mobiltelefoni_guider_andra-installningar_valj-mobil_iphone_aktivera-volte.html.json,Mobile subscriptions & services,0.76291597,Mobile subscriptions & services,0.8028560280799866,Mobile subscriptions & services,0.82310873
www.telenor.se,Swedish,mobiltelefoni_guider_andra-installningar_valj-mobil_iphone_aktivera-wifi-samtal.html.json,SIM & eSIM,0.7446618,"Routers, modems & network hardware",0.7850625514984131,"Routers, modems & network hardware",0.81269956
www.telenor.se,Swedish,mobiltelefoni_guider_andra-installningar_valj-mobil_iphone_anslut-via-bluetooth.html.json,Mobile devices,0.7505666,"Routers, modems & network hardware",0.7849048376083374,"Routers, modems & network hardware",0.80319893
www.telenor.se,Swedish,mobiltelefoni_guider_andra-installningar_valj-mobil_iphone_blockera-samtal.html.json,SIM & eSIM,0.7438181,SIM & eSIM,0.7817354202270508,Mobile subscriptions & services,0.8128742
www.telenor.se,Swedish,mobiltelefoni_guider_andra-installningar_valj-mobil_iphone_dela-surf-med-en-annan-enhet.html.json,"Routers, modems & network hardware",0.75404465,"Routers, modems & network hardware",0.793290376663208,"Routers, modems & network hardware",0.81018436
www.telenor.se,Swedish,mobiltelefoni_guider_hjalp-med-andra-enheter_apple-watch.html.json,Mobile devices,0.7961676,Account & login,0.8147280216217041,Mobile devices,0.8162385
www.telenor.se,Swedish,mobiltelefoni_guider_hjalp-med-andra-enheter_apple-watch_kom-igang_hitta-din-personliga-kod-appen.html.json,Account & login,0.77369833,Account & login,0.8203456401824951,Mobile devices,0.80467844
www.telenor.se,Swedish,mobiltelefoni_guider_hjalp-med-andra-enheter_apple-watch_kom-igang_hitta-din-personliga-kod-mitt-telenor-webb.html.json,Mobile devices,0.7678747,Account & login,0.8163454532623291,Mobile devices,0.8096131
www.telenor.se,Swedish,mobiltelefoni_guider_hjalp-med-andra-enheter_apple-watch_kom-igang_kom-igang-med-mobiluppkoppling-klocka.html.json,Mobile devices,0.7765614,Mobile devices,0.8084677457809448,Mobile devices,0.8099634
www.telenor.se,Swedish,mobiltelefoni_guider_hjalp-med-andra-enheter_samsung-galaxy-watch.html.json,Mobile devices,0.7950051,Mobile devices,0.818700909614563,Mobile devices,0.81564975
www.telenor.se,Swedish,mobiltelefoni_guider_hjalp-med-andra-enheter_samsung-galaxy-watch_kom-igang_kop-mobiluppkoppling-klocka-till-samsung-galaxy-watch-mitt-telenor-appen.html.json,Mobile devices,0.78160185,Mobile devices,0.8156517744064331,Mobile devices,0.81378543
www.telenor.se,Swedish,mobiltelefoni_guider_hjalp-med-andra-enheter_samsung-galaxy-watch_kom-igang_kop-mobiluppkoppling-klocka-till-samsung-galaxy-watch-mitt-telenor-pa-webben.html.json,Mobile devices,0.7863802,Mobile devices,0.8229964971542358,Mobile subscriptions & services,0.8201219
www.telenor.se,Swedish,mobiltelefoni_guider_iphone_andra-sa-att-ratt-nummer-visas-pa-iphone.html.json,SIM & eSIM,0.74214894,SIM & eSIM,0.7859055995941162,Mobile devices,0.80058396
www.telenor.se,Swedish,mobiltelefoni_guider_kom-igang-med-e-sim.html.json,SIM & eSIM,0.8098782,SIM & eSIM,0.8521517515182495,SIM & eSIM,0.8388555
www.telenor.se,Swedish,mobiltelefoni_guider_problemlosning-och-felsokning_felsokning_gor-en-omstart.html.json,Mobile devices,0.77242875,Mobile devices,0.8057964444160461,Mobile devices,0.81535554
www.telenor.se,Swedish,mobiltelefoni_guider_problemlosning-och-felsokning_felsokning_hur-upplever-du-ditt-problem.html.json,Network & coverage,0.82602423,Broadband & fixed internet,0.8616136312484741,Network & coverage,0.81313276
www.telenor.se,Swedish,mobiltelefoni_guider_problemlosning-och-felsokning_felsokning_kolla-data-roaming.html.json,"Routers, modems & network hardware",0.77934396,Mobile subscriptions & services,0.8200151324272156,Mobile subscriptions & services,0.81915563
www.telenor.se,Swedish,mobiltelefoni_guider_problemlosning-och-felsokning_felsokning_kolla-driftstorningar.html.json,Network & coverage,0.8067215,Network & coverage,0.8534128665924072,Mobile subscriptions & services,0.81326544
www.telenor.se,Swedish,mobiltelefoni_guider_problemlosning-och-felsokning_felsokning_kolla-flight-mode.html.json,Mobile devices,0.7622683,Mobile devices,0.7992807626724243,Mobile subscriptions & services,0.8125576
www.telenor.se,Swedish,mobiltelefoni_guider_problemlosning-och-felsokning_felsokning_kolla-flygplanslage.html.json,Mobile devices,0.7769549,Mobile devices,0.8145186305046082,Mobile subscriptions & services,0.8111992
www.telenor.se,Swedish,mobiltelefoni_guider_problemlosning-och-felsokning_felsokning_kolla-installningen-for-sparr-av-trafik-i-utlandet.html.json,Mobile devices,0.77952766,Mobile subscriptions & services,0.825104832649231,Mobile subscriptions & services,0.81411326
www.telenor.se,Swedish,mobiltelefoni_guider_problemlosning-och-felsokning_felsokning_kolla-mottagningsforhallanden.html.json,Network & coverage,0.7996099,Network & coverage,0.841191291809082,Network & coverage,0.8228514
www.telenor.se,Swedish,mobiltelefoni_guider_problemlosning-och-felsokning_felsokning_kolla-natverksinstallningarna.html.json,Mobile devices,0.782889,Mobile devices,0.8181321024894714,Mobile subscriptions & services,0.81322455
www.telenor.se,Swedish,mobiltelefoni_guider_problemlosning-och-felsokning_felsokning_kolla-om-du-har-last-dig-till-3g-natet.html.json,Network & coverage,0.76221406,Network & coverage,0.8042981028556824,Network & coverage,0.81734157
www.telenor.se,Swedish,mobiltelefoni_guider_problemlosning-och-felsokning_felsokning_kontrollera-surfmangd-ingen-uppkoppling.html.json,Mobile subscriptions & services,0.77072245,Mobile subscriptions & services,0.817730188369751,Mobile subscriptions & services,0.82272303
www.telenor.se,Swedish,mobiltelefoni_guider_problemlosning-och-felsokning_felsokning_om-du-har-kontantkort-eller-telenor-familj.html.json,SIM & eSIM,0.78115124,Mobile subscriptions & services,0.8318126201629639,Mobile subscriptions & services,0.81609195
www.telenor.se,Swedish,mobiltelefoni_guider_problemlosning-och-felsokning_felsokning_starta-om-telefonen.html.json,Mobile devices,0.7613574,Mobile devices,0.7954998016357422,Mobile devices,0.81241715
www.telenor.se,Swedish,mobiltelefoni_guider_problemlosning-och-felsokning_felsokning_var-befinner-du-dig.html.json,Network & coverage,0.7899433,Mobile subscriptions & services,0.8325719833374023,Mobile subscriptions & services,0.828337
www.telenor.se,Swedish,mobiltelefoni_guider_problemlosning-och-felsokning_mobilen-har-hangt-sig.html.json,Mobile devices,0.8287275,Mobile devices,0.8487198352813721,Mobile subscriptions & services,0.8169549
www.telenor.se,Swedish,mobiltelefoni_guider_problemlosning-och-felsokning_mobilen-har-hangt-sig_iphone.html.json,SIM & eSIM,0.75450873,SIM & eSIM,0.7945619225502014,Mobile devices,0.7961573
www.telenor.se,Swedish,mobiltelefoni_guider_problemlosning-och-felsokning_mobilen-har-hangt-sig_samsung.html.json,Mobile devices,0.75957453,Mobile devices,0.7935159802436829,Mobile devices,0.8161825
www.telenor.se,Swedish,mobiltelefoni_guider_problemlosning-och-felsokning_mobilen-har-hangt-sig_sony.html.json,Mobile devices,0.7639167,Mobile devices,0.798089325428009,Mobile devices,0.8176532
www.telenor.se,Swedish,mobiltelefoni_guider_problemlosning-och-felsokning_problem-med--tackning-inomhus.html.json,Network & coverage,0.79862595,Network & coverage,0.8429626822471619,Network & coverage,0.821266
www.telenor.se,Swedish,mobiltelefoni_guider_problemlosning-och-felsokning_problem-med-mms_iphone.html.json,Mobile subscriptions & services,0.74320495,Mobile subscriptions & services,0.7965840101242065,Mobile subscriptions & services,0.8123956
www.telenor.se,Swedish,mobiltelefoni_guider_problemlosning-och-felsokning_problem-med-mms_samsung.html.json,Mobile subscriptions & services,0.7477306,Mobile subscriptions & services,0.8078278303146362,Mobile subscriptions & services,0.81554186
www.telenor.se,Swedish,mobiltelefoni_guider_problemlosning-och-felsokning_problem-med-mms_sony.html.json,Mobile subscriptions & services,0.7506426,Mobile subscriptions & services,0.8105269074440002,Mobile subscriptions & services,0.8145424
www.telenor.se,Swedish,mobiltelefoni_guider_problemlosning-och-felsokning_problem-med-sms_iphone.html.json,SIM & eSIM,0.75473726,Mobile subscriptions & services,0.7949458360671997,Mobile subscriptions & services,0.8128179
www.telenor.se,Swedish,mobiltelefoni_guider_problemlosning-och-felsokning_problem-med-sms_samsung.html.json,Mobile devices,0.7555555,SIM & eSIM,0.7904367446899414,Mobile devices,0.8111757
www.telenor.se,Swedish,mobiltelefoni_guider_problemlosning-och-felsokning_valj-mobil_android_aktivera-internetdelning-hotspot.html.json,"Routers, modems & network hardware",0.76676357,"Routers, modems & network hardware",0.8090590834617615,"Routers, modems & network hardware",0.8219178
www.telenor.se,Swedish,mobiltelefoni_guider_problemlosning-och-felsokning_valj-mobil_android_aterstall-hardvara.html.json,Mobile devices,0.76407254,Mobile devices,0.8051472902297974,Mobile devices,0.82134247
www.telenor.se,Swedish,mobiltelefoni_guider_problemlosning-och-felsokning_valj-mobil_android_aterstall-natverk.html.json,"Routers, modems & network hardware",0.77910745,"Routers, modems & network hardware",0.8176376819610596,"Routers, modems & network hardware",0.82533467
www.telenor.se,Swedish,mobiltelefoni_guider_problemlosning-och-felsokning_valj-mobil_android_sakerhetskopiera.html.json,Mobile devices,0.7637957,Mobile devices,0.8039081692695618,Mobile subscriptions & services,0.815927
www.telenor.se,Swedish,mobiltelefoni_guider_problemlosning-och-felsokning_valj-mobil_android_sok-natverk.html.json,Mobile devices,0.7589128,"Routers, modems & network hardware",0.7973898649215698,"Routers, modems & network hardware",0.8176561
www.telenor.se,Swedish,mobiltelefoni_guider_problemlosning-och-felsokning_valj-mobil_iphone_aterstall-hardvara.html.json,Mobile devices,0.74903417,Mobile devices,0.7872925996780396,Mobile devices,0.8117388
www.telenor.se,Swedish,mobiltelefoni_guider_problemlosning-och-felsokning_valj-mobil_iphone_aterstall-natverk.html.json,"Routers, modems & network hardware",0.7595335,"Routers, modems & network hardware",0.8049100041389465,"Routers, modems & network hardware",0.8187534
www.telenor.se,Swedish,mobiltelefoni_guider_problemlosning-och-felsokning_valj-mobil_iphone_sakerhetskopiera.html.json,Mobile devices,0.76662105,Mobile devices,0.8006737232208252,Mobile subscriptions & services,0.81014884
www.telenor.se,Swedish,mobiltelefoni_guider_problemlosning-och-felsokning_valj-mobil_iphone_sok-natverk.html.json,"Routers, modems & network hardware",0.75300086,"Routers, modems & network hardware",0.795390784740448,"Routers, modems & network hardware",0.81663746
www.telenor.se,Swedish,mobiltelefoni_guider_sakerhet_valj-mobil_android_uppdatera-operativsystem.html.json,Mobile devices,0.7701695,Mobile devices,0.8083581924438477,Mobile subscriptions & services,0.8178773
www.telenor.se,Swedish,mobiltelefoni_guider_sakerhet_valj-mobil_iphone_uppdatera-operativsystemet.html.json,Mobile devices,0.74787676,Mobile devices,0.7849785685539246,Mobile devices,0.813591
www.telenor.se,Swedish,mobiltelefoni_guider_satt-i-ta-ut-sim-kort.html.json,SIM & eSIM,0.7978474,SIM & eSIM,0.8342983722686768,Mobile subscriptions & services,0.81888187
www.telenor.se,Swedish,mobiltelefoni_guider_tips-skydda-din-mobil.html.json,Mobile devices,0.78683376,SIM & eSIM,0.8233336210250854,SIM & eSIM,0.8299423
www.telenor.se,Swedish,mobiltelefoni_kontantkort.html.json,SIM & eSIM,0.7906283,Mobile subscriptions & services,0.83648681640625,Mobile subscriptions & services,0.8122327
www.telenor.se,Swedish,mobiltelefoni_kontantkort_hantera-kontantkort_aktivera.html.json,SIM & eSIM,0.79476416,SIM & eSIM,0.8397760987281799,Mobile subscriptions & services,0.813635
www.telenor.se,Swedish,mobiltelefoni_kontantkort_hantera-kontantkort_avsluta.html.json,Account & login,0.7666798,Mobile subscriptions & services,0.8222246170043945,Mobile subscriptions & services,0.81634706
www.telenor.se,Swedish,mobiltelefoni_kontantkort_hantera-kontantkort_giltighetstid-kontantkortsladdning.html.json,Network & coverage,0.7534007,Mobile subscriptions & services,0.8126475811004639,Mobile subscriptions & services,0.81177056
www.telenor.se,Swedish,mobiltelefoni_kontantkort_hantera-kontantkort_nummerflytt2.html.json,SIM & eSIM,0.7703762,Other,0.8239535093307495,Mobile subscriptions & services,0.79775614
www.telenor.se,Swedish,mobiltelefoni_kontantkort_hantera-kontantkort_pin-kod.html.json,SIM & eSIM,0.8117357,SIM & eSIM,0.8474286794662476,SIM & eSIM,0.8446195
www.telenor.se,Swedish,mobiltelefoni_kontantkort_hantera-kontantkort_registrera-kontantkort.html.json,SIM & eSIM,0.79838395,SIM & eSIM,0.8345764875411987,SIM & eSIM,0.7942438
www.telenor.se,Swedish,mobiltelefoni_kontantkort_hantera-kontantkort_skaffa-nytt-simkort.html.json,SIM & eSIM,0.77922595,SIM & eSIM,0.8177059292793274,Mobile subscriptions & services,0.8135675
www.telenor.se,Swedish,mobiltelefoni_kontantkort_hantera-kontantkort_sparra.html.json,SIM & eSIM,0.7928517,SIM & eSIM,0.8314216136932373,Mobile subscriptions & services,0.81741023
www.telenor.se,Swedish,mobiltelefoni_kontantkort_ladda-och-saldo_avsluta-prenumeration.html.json,SIM & eSIM,0.7906283,Mobile subscriptions & services,0.83648681640625,Mobile subscriptions & services,0.8140143
www.telenor.se,Swedish,mobiltelefoni_kontantkort_ladda-och-saldo_kolla-ditt-saldo.html.json,Account & login,0.76327956,Account & login,0.8170357942581177,Mobile subscriptions & services,0.8137908
www.telenor.se,Swedish,mobiltelefoni_kontantkort_ladda-och-saldo_ladda-kontantkort.html.json,Mobile subscriptions & services,0.77762616,Mobile subscriptions & services,0.8328964710235596,Mobile subscriptions & services,0.8104572
www.telenor.se,Swedish,mobiltelefoni_kontantkort_ladda-och-saldo_ladda-kontantkort_olika-laddningar.html.json,Mobile devices,0.7602613,Mobile subscriptions & services,0.8125495910644531,Mobile subscriptions & services,0.8108033
www.telenor.se,Swedish,mobiltelefoni_kontantkort_ladda-och-saldo_prenumerera-pa-laddning.html.json,Mobile subscriptions & services,0.78623813,Mobile subscriptions & services,0.821276843547821,Mobile subscriptions & services,0.82183325
www.telenor.se,Swedish,mobiltelefoni_kontantkort_skaffa-nytt-kontantkort_kontantkort-till-larm.html.json,SIM & eSIM,0.7838905,Mobile subscriptions & services,0.8363504409790039,Mobile subscriptions & services,0.8221108
www.telenor.se,Swedish,mobiltelefoni_kontantkort_utomlands_kontantkort-utomlands.html.json,SIM & eSIM,0.7736851,Mobile subscriptions & services,0.8211729526519775,Mobile subscriptions & services,0.81013477
www.telenor.se,Swedish,mobiltelefoni_skada-och-forlust_borttappad-eller-stulen-mobil-surfplatta.html.json,Mobile devices,0.8018743,Mobile devices,0.8426370620727539,Mobile devices,0.824484
www.telenor.se,Swedish,mobiltelefoni_skada-och-forlust_skadad-mobil.html.json,Mobile devices,0.8096486,Mobile devices,0.8523623943328857,Mobile devices,0.82922065
www.telenor.se,Swedish,mobiltelefoni_utomlands.html.json,Mobile subscriptions & services,0.7943322,Mobile subscriptions & services,0.8432382345199585,Mobile subscriptions & services,0.81032765
www.telenor.se,Swedish,mobiltelefoni_utomlands_innan-och-under-resan.html.json,Mobile subscriptions & services,0.7995577,Mobile subscriptions & services,0.8474400043487549,Mobile subscriptions & services,0.83095145
www.telenor.se,Swedish,mobiltelefoni_utomlands_innan-och-under-resan_bra-att-veta_sa-fungerar-rostbrevladan-utomlands.html.json,Mobile subscriptions & services,0.7802651,Mobile subscriptions & services,0.8193275332450867,Mobile subscriptions & services,0.80696
www.telenor.se,Swedish,mobiltelefoni_utomlands_innan-och-under-resan_innan-resan_automatisk-saldosparr-for-surf.html.json,Mobile subscriptions & services,0.7992629,Mobile subscriptions & services,0.8391669988632202,Mobile subscriptions & services,0.8166715
www.telenor.se,Swedish,mobiltelefoni_utomlands_innan-och-under-resan_innan-resan_fa-utlandspriser-som-sms.html.json,Mobile subscriptions & services,0.795156,Mobile subscriptions & services,0.837682843208313,Mobile subscriptions & services,0.82696587
www.telenor.se,Swedish,mobiltelefoni_utomlands_innan-och-under-resan_innan-resan_surfpaket-fast-pris-for-surfen.html.json,Mobile subscriptions & services,0.7872758,Mobile subscriptions & services,0.8303836584091187,Mobile subscriptions & services,0.80420506
www.telenor.se,Swedish,mobiltelefoni_utomlands_innan-och-under-resan_under-resan_anvand-landsnummer-nar-du-ska-ringa.html.json,SIM & eSIM,0.7276895,Other,0.7758733034133911,Mobile subscriptions & services,0.8019307
www.telenor.se,Swedish,mobiltelefoni_utomlands_priser-fran-sverige-till-utlandet.html.json,Mobile subscriptions & services,0.79135036,Mobile subscriptions & services,0.8367629051208496,Mobile subscriptions & services,0.81201196
www.telenor.se,Swedish,mobiltelefoni_utomlands_priser-fran-sverige-till-utlandet_priser_priser-fran-sverige-till-utlandet-for-kontantkort.html.json,Mobile subscriptions & services,0.8020525,Mobile subscriptions & services,0.8438172340393066,Mobile subscriptions & services,0.8185412
www.telenor.se,Swedish,mobiltelefoni_utomlands_priser-fran-sverige-till-utlandet_priser_priser-fran-sverige-till-utlandet.html.json,Mobile subscriptions & services,0.80230725,Mobile subscriptions & services,0.8437786102294922,Mobile subscriptions & services,0.82122564
www.telenor.se,Swedish,mobiltelefoni_utomlands_satellitpriser.html.json,Mobile subscriptions & services,0.8100991,Mobile subscriptions & services,0.8465594053268433,Mobile subscriptions & services,0.82558215
www.telenor.se,Swedish,mobiltelefoni_utomlands_surfanvandning-utomlands.html.json,Mobile subscriptions & services,0.8039924,Mobile subscriptions & services,0.8411915302276611,Mobile subscriptions & services,0.82532775
www.telenor.se,Swedish,mobiltelefoni_utomlands_vad-ar-roaming.html.json,Mobile subscriptions & services,0.7972393,Mobile subscriptions & services,0.8430571556091309,Mobile subscriptions & services,0.82587016
www.telenor.se,Swedish,old-kontakta-oss_skriv-till-oss.html.json,Mobile subscriptions & services,0.78701675,Mobile subscriptions & services,0.8288357853889465,Billing & payment,0.8278975
www.telenor.se,Swedish,om-du-ska-flytta.html.json,TV & streaming,0.79180336,Other,0.8476232290267944,TV & streaming,0.81763726
www.telenor.se,Swedish,overlatelse-av-abonnemang.html.json,Broadband & fixed internet,0.79557455,Mobile subscriptions & services,0.8415058851242065,Broadband & fixed internet,0.8184023
www.telenor.se,Swedish,portar.html.json,"Routers, modems & network hardware",0.78462195,"Routers, modems & network hardware",0.8278234601020813,"Routers, modems & network hardware",0.813439
www.telenor.se,Swedish,priser-villkor-och-blanketter.html.json,Mobile subscriptions & services,0.8129114,Mobile subscriptions & services,0.8524976968765259,Mobile subscriptions & services,0.8281529
www.telenor.se,Swedish,priser-villkor-och-blanketter_fast-bredband-tv-telefoni_aldre-villkor_allmanna-och-sarskilda-villkor.html.json,Mobile subscriptions & services,0.8028704,Broadband & fixed internet,0.8471699953079224,Broadband & fixed internet,0.83783835
www.telenor.se,Swedish,priser-villkor-och-blanketter_fast-bredband-tv-telefoni_aldre-villkor_prislistor.html.json,Broadband & fixed internet,0.81283534,Broadband & fixed internet,0.8588249087333679,Broadband & fixed internet,0.8342526
www.telenor.se,Swedish,priser-villkor-och-blanketter_fast-bredband-tv-telefoni_overlatelse2_overlata-tv--eller-bredbands-abonnemang.html.json,Broadband & fixed internet,0.7737875,Other,0.8275100588798523,Billing & payment,0.80289143
www.telenor.se,Swedish,priser-villkor-och-blanketter_mobiltelefoni-och-mobilt-bredband.html.json,Mobile subscriptions & services,0.83971834,Mobile subscriptions & services,0.8626933097839355,Mobile subscriptions & services,0.8178704
www.telenor.se,Swedish,priser-villkor-och-blanketter_reklamation-angerratt-och-oppet-kop.html.json,Mobile devices,0.7884097,Other,0.8294587731361389,Mobile subscriptions & services,0.80842483
www.telenor.se,Swedish,retur-av-utrustning.html.json,"Routers, modems & network hardware",0.7902291,"Routers, modems & network hardware",0.835218071937561,"Routers, modems & network hardware",0.81211066
www.telenor.se,Swedish,tv-och-stream.html.json,TV & streaming,0.7886377,TV & streaming,0.8440966010093689,TV & streaming,0.82634795
www.telenor.se,Swedish,tv-och-stream_felmeddelande.html.json,TV & streaming,0.7909397,TV & streaming,0.8354211449623108,"Routers, modems & network hardware",0.8161923
www.telenor.se,Swedish,tv-och-stream_felmeddelande_tv-via-fiber_byt-natverkskabel-fel-1.html.json,"Routers, modems & network hardware",0.78508687,"Routers, modems & network hardware",0.8207513093948364,"Routers, modems & network hardware",0.8207139
www.telenor.se,Swedish,tv-och-stream_felmeddelande_tv-via-fiber_fel-1-inget-natverk-anslutet.html.json,Broadband & fixed internet,0.75866055,TV & streaming,0.8083118200302124,Broadband & fixed internet,0.8183545
www.telenor.se,Swedish,tv-och-stream_felmeddelande_tv-via-fiber_fel-2-dhcp-servern-svarar-inte.html.json,TV & streaming,0.7547671,TV & streaming,0.8006414771080017,"Routers, modems & network hardware",0.81414366
www.telenor.se,Swedish,tv-och-stream_felmeddelande_tv-via-fiber_fel-3-nedladdningen-av-mjukvaran-misslyckades.html.json,TV & streaming,0.7696345,TV & streaming,0.818949818611145,Broadband & fixed internet,0.81258774
www.telenor.se,Swedish,tv-och-stream_felmeddelande_tv-via-fiber_fel-4-mjukvaran-kunde-inte-startas.html.json,TV & streaming,0.77130663,TV & streaming,0.8210070133209229,"Routers, modems & network hardware",0.8111615
www.telenor.se,Swedish,tv-och-stream_felmeddelande_tv-via-fiber_kolla-att-du-har-kopplat-ratt.html.json,TV & streaming,0.8061963,TV & streaming,0.8519622087478638,TV & streaming,0.8126327
www.telenor.se,Swedish,tv-och-stream_felmeddelande_tv-via-fiber_rattighetersaknas.html.json,TV & streaming,0.8051934,TV & streaming,0.8521280288696289,Mobile subscriptions & services,0.81647706
www.telenor.se,Swedish,tv-och-stream_felmeddelande_tv-via-fiber_starta-om-fel-1.html.json,TV & streaming,0.785912,TV & streaming,0.8393547534942627,TV & streaming,0.820413
www.telenor.se,Swedish,tv-och-stream_felmeddelande_tv-via-fiber_starta-om-fel-3.html.json,TV & streaming,0.785912,TV & streaming,0.8393547534942627,TV & streaming,0.820413
www.telenor.se,Swedish,tv-och-stream_felmeddelande_tv-via-fiber_starta-om-fel-4.html.json,TV & streaming,0.785912,TV & streaming,0.8393547534942627,TV & streaming,0.820413
www.telenor.se,Swedish,tv-och-stream_felmeddelande_tv-via-fiber_starta-om-tv-boxen.html.json,TV & streaming,0.7890047,TV & streaming,0.8436497449874878,TV & streaming,0.82024145
www.telenor.se,Swedish,tv-och-stream_felmeddelande_tv-via-fiber_starta-om-tv-strom-saknas.html.json,TV & streaming,0.785912,TV & streaming,0.8393547534942627,TV & streaming,0.820413
www.telenor.se,Swedish,tv-och-stream_felmeddelande_tv-via-fiber_starta-om.html.json,TV & streaming,0.7859118,TV & streaming,0.8393546342849731,TV & streaming,0.8204131
www.telenor.se,Swedish,tv-och-stream_felmeddelande_tv-via-fiber_tv-strom-saknas.html.json,TV & streaming,0.78124845,TV & streaming,0.8303672075271606,TV & streaming,0.8190409
www.telenor.se,Swedish,tv-och-stream_felmeddelande_tv-via-kabel_byt-antennkabel.html.json,"Routers, modems & network hardware",0.76565784,Broadband & fixed internet,0.8056174516677856,"Routers, modems & network hardware",0.8143002
www.telenor.se,Swedish,tv-och-stream_felmeddelande_tv-via-kabel_fabriksaterstall-din-tv-box-ingen-atkomst.html.json,TV & streaming,0.78216577,TV & streaming,0.8387700319290161,TV & streaming,0.81922364
www.telenor.se,Swedish,tv-och-stream_felmeddelande_tv-via-kabel_har-du-fatt-en-ny-tv-box-av-oss.html.json,TV & streaming,0.79612243,TV & streaming,0.8357479572296143,Mobile subscriptions & services,0.81041557
www.telenor.se,Swedish,tv-och-stream_felmeddelande_tv-via-kabel_har-du-haft-tv-i-flera-rum.html.json,TV & streaming,0.80238426,TV & streaming,0.8433889150619507,Mobile subscriptions & services,0.8141546
www.telenor.se,Swedish,tv-och-stream_felmeddelande_tv-via-kabel_har-du-kopplat-in-din-tv-box-for-forsta-gangen.html.json,TV & streaming,0.7920086,TV & streaming,0.844357967376709,TV & streaming,0.8155809
www.telenor.se,Swedish,tv-och-stream_felmeddelande_tv-via-kabel_ingen-atkomst.html.json,TV & streaming,0.78265095,TV & streaming,0.8323796987533569,Mobile subscriptions & services,0.8171822
www.telenor.se,Swedish,tv-och-stream_felmeddelande_tv-via-kabel_starta-om-tv-boxen.html.json,TV & streaming,0.7877598,TV & streaming,0.8423863053321838,TV & streaming,0.8202094
www.telenor.se,Swedish,tv-och-stream_felmeddelande_tv-via-kabel_svag-eller-ingen-signal.html.json,TV & streaming,0.76344264,TV & streaming,0.8137824535369873,Network & coverage,0.8188953
www.telenor.se,Swedish,tv-och-stream_guider-och-manualer.html.json,"Routers, modems & network hardware",0.78533804,TV & streaming,0.8347504138946533,TV & streaming,0.8235838
www.telenor.se,Swedish,tv-och-stream_guider-och-manualer_tv-via-fiber_anvandarmanual-arris-tv-box.html.json,TV & streaming,0.76134837,TV & streaming,0.8100367784500122,TV & streaming,0.81767917
www.telenor.se,Swedish,tv-och-stream_guider-och-manualer_tv-via-fiber_installera-tradlos-tv.html.json,TV & streaming,0.7718384,TV & streaming,0.8282474279403687,TV & streaming,0.815487
www.telenor.se,Swedish,tv-och-stream_guider-och-manualer_tv-via-fiber_installera-tradlos-tv_tradlos-tv-med-tva-wifi-forstarkare.html.json,"Routers, modems & network hardware",0.77003825,"Routers, modems & network hardware",0.817637026309967,"Routers, modems & network hardware",0.82569265
www.telenor.se,Swedish,tv-och-stream_guider-och-manualer_tv-via-fiber_installera-tradlos-tv_tradlos-tv-tv-bredband.html.json,"Routers, modems & network hardware",0.7726449,"Routers, modems & network hardware",0.8220033645629883,"Routers, modems & network hardware",0.81956375
www.telenor.se,Swedish,tv-och-stream_guider-och-manualer_tv-via-fiber_para-ihop-en-ny-fjarrkontroll-med-tv-boxen.html.json,TV & streaming,0.76227605,TV & streaming,0.8220443725585938,TV & streaming,0.8286295
www.telenor.se,Swedish,tv-och-stream_guider-och-manualer_tv-via-kabel_manual-for-kanalsokning-pa-adb-2840-och-adb-5720.html.json,SIM & eSIM,0.774946,TV & streaming,0.8112078905105591,TV & streaming,0.8124366
www.telenor.se,Swedish,tv-och-stream_guider-och-manualer_tv-via-kabel_manual-for-kanalsokning-pa-humax-cdig-2000cr-inspelningsbar.html.json,TV & streaming,0.75417984,TV & streaming,0.8055912256240845,TV & streaming,0.8121221
www.telenor.se,Swedish,tv-och-stream_guider-och-manualer_tv-via-kabel_manual-for-kanalsokning-pa-philips-tv-med-tv-modul.html.json,TV & streaming,0.760731,TV & streaming,0.8118029236793518,TV & streaming,0.82823133
www.telenor.se,Swedish,tv-och-stream_guider-och-manualer_tv-via-kabel_manual-for-kanalsokning-pa-samsung-tv-med-tv-modul.html.json,TV & streaming,0.7612286,TV & streaming,0.8171921968460083,TV & streaming,0.81903255
www.telenor.se,Swedish,tv-och-stream_guider-och-manualer_tv-via-kabel_manual-for-kanalsokning-pa-sony-tv-med-tv-modul.html.json,TV & streaming,0.75215244,TV & streaming,0.8060915470123291,TV & streaming,0.82490873
www.telenor.se,Swedish,tv-och-stream_kom-igang.html.json,TV & streaming,0.7924598,TV & streaming,0.8421294689178467,TV & streaming,0.8289177
www.telenor.se,Swedish,tv-och-stream_kom-igang_apple-tv.html.json,TV & streaming,0.78629065,TV & streaming,0.8365505933761597,TV & streaming,0.81975687
www.telenor.se,Swedish,tv-och-stream_kom-igang_box.html.json,TV & streaming,0.77455646,TV & streaming,0.823320746421814,TV & streaming,0.82866144
www.telenor.se,Swedish,tv-och-stream_kom-igang_box_humax-cdig-1000c-tv-box.html.json,TV & streaming,0.76289356,TV & streaming,0.8115032911300659,TV & streaming,0.82174325
www.telenor.se,Swedish,tv-och-stream_kom-igang_box_humax-cdig-2000cr.html.json,TV & streaming,0.764373,TV & streaming,0.815805971622467,TV & streaming,0.82020426
www.telenor.se,Swedish,tv-och-stream_kom-igang_box_telenor-mediahubb.html.json,"Routers, modems & network hardware",0.7630228,TV & streaming,0.8136060237884521,TV & streaming,0.80606765
www.telenor.se,Swedish,tv-och-stream_kom-igang_box_telenor-tv-hubb.html.json,TV & streaming,0.7591251,TV & streaming,0.8133782148361206,TV & streaming,0.82005346
www.telenor.se,Swedish,tv-och-stream_kom-igang_box_telenor-tv-hubb_sa-har-installerar-du-din-tv-hubb.html.json,TV & streaming,0.784119,TV & streaming,0.8419208526611328,TV & streaming,0.82295465
www.telenor.se,Swedish,tv-och-stream_kom-igang_box_tv-boxen-arris.html.json,TV & streaming,0.77018875,TV & streaming,0.8255478739738464,TV & streaming,0.8067407
www.telenor.se,Swedish,tv-och-stream_kom-igang_chromecast.html.json,TV & streaming,0.7852504,TV & streaming,0.8370411396026611,TV & streaming,0.8164459
www.telenor.se,Swedish,tv-och-stream_kom-igang_dator.html.json,TV & streaming,0.7932788,TV & streaming,0.8400587439537048,TV & streaming,0.8231476
www.telenor.se,Swedish,tv-och-stream_kom-igang_mobil-eller-surfplatta.html.json,TV & streaming,0.7872292,TV & streaming,0.8360795974731445,TV & streaming,0.8224172
www.telenor.se,Swedish,tv-och-stream_kom-igang_smart-tv.html.json,TV & streaming,0.77912307,TV & streaming,0.8320515155792236,TV & streaming,0.81734544
www.telenor.se,Swedish,tv-och-stream_problemlosning_telenor-mediahub_bilden-fryser.html.json,"Routers, modems & network hardware",0.8029735,"Routers, modems & network hardware",0.8382070064544678,"Routers, modems & network hardware",0.8187802
www.telenor.se,Swedish,tv-och-stream_problemlosning_telenor-mediahub_dalig-bildkvalitet-pa-vissa-kanaler.html.json,TV & streaming,0.75305635,TV & streaming,0.7985888719558716,TV & streaming,0.8117116
www.telenor.se,Swedish,tv-och-stream_problemlosning_telenor-mediahub_fel-lokala-nyheter-vader-visas.html.json,TV & streaming,0.76234967,TV & streaming,0.8099149465560913,TV & streaming,0.82281214
www.telenor.se,Swedish,tv-och-stream_problemlosning_telenor-mediahub_fel-lokala-nyheter-visas.html.json,TV & streaming,0.752638,TV & streaming,0.7963493466377258,"Routers, modems & network hardware",0.81178665
www.telenor.se,Swedish,tv-och-stream_problemlosning_telenor-mediahub_fordrojning-av-direktsand-tv.html.json,TV & streaming,0.77089274,TV & streaming,0.8166521787643433,TV & streaming,0.8132111
www.telenor.se,Swedish,tv-och-stream_problemlosning_telenor-mediahub_text-tv-fungerar-inte.html.json,TV & streaming,0.745119,TV & streaming,0.7938692569732666,TV & streaming,0.8084507
www.telenor.se,Swedish,tv-och-stream_problemlosning_telenor-mediahub_volymknapparna-fungerar-inte.html.json,TV & streaming,0.76644796,TV & streaming,0.8113936185836792,TV & streaming,0.8270469
www.telenor.se,Swedish,tv-och-stream_problemlosning_telenor-stream_buffrar.html.json,Network & coverage,0.7775814,TV & streaming,0.8275834321975708,TV & streaming,0.81045437
www.telenor.se,Swedish,tv-och-stream_problemlosning_telenor-stream_jag-kan-inte-logga-in-vad-gor-jag.html.json,Account & login,0.78834283,Account & login,0.8327425718307495,TV & streaming,0.82265574
www.telenor.se,Swedish,tv-och-stream_problemlosning_telenor-stream_problem-med-telenor-stream-appen-for-samsung-smarttv.html.json,TV & streaming,0.77713084,TV & streaming,0.8252492547035217,TV & streaming,0.8281772
www.telenor.se,Swedish,tv-och-stream_problemlosning_telenor-stream_varfor-kan-jag-inte-streama-till-min-dator.html.json,TV & streaming,0.7800945,TV & streaming,0.827677845954895,TV & streaming,0.8216758
www.telenor.se,Swedish,tv-och-stream_problemlosning_tv-hubb_dalig-bild-eller-ljud.html.json,Broadband & fixed internet,0.771122,Broadband & fixed internet,0.8250973224639893,TV & streaming,0.82849586
www.telenor.se,Swedish,tv-och-stream_problemlosning_tv-hubb_fel-lokala-nyheter-vader-visas.html.json,TV & streaming,0.7623497,TV & streaming,0.8099148869514465,TV & streaming,0.82326806
www.telenor.se,Swedish,tv-och-stream_problemlosning_tv-hubb_fjarrkontrollen-fungerar-ej.html.json,TV & streaming,0.7647302,TV & streaming,0.8152461051940918,TV & streaming,0.82316136
www.telenor.se,Swedish,tv-och-stream_problemlosning_tv-hubb_kan-ej-spola-eller-pausa-i-tidigare-sanda-program.html.json,TV & streaming,0.77833605,TV & streaming,0.8275949954986572,TV & streaming,0.8237091
www.telenor.se,Swedish,tv-och-stream_problemlosning_tv-hubb_osynkat-ljud-och-bild.html.json,TV & streaming,0.7970772,TV & streaming,0.8371211886405945,TV & streaming,0.8216373
www.telenor.se,Swedish,tv-och-stream_problemlosning_tv-hubb_problem-med-ljudet.html.json,TV & streaming,0.79531384,TV & streaming,0.8305994272232056,TV & streaming,0.81509554
www.telenor.se,Swedish,tv-och-stream_problemlosning_tv-via-fiber_bilden-ar-fryst-eller-hackar.html.json,"Routers, modems & network hardware",0.7783028,"Routers, modems & network hardware",0.8160485029220581,"Routers, modems & network hardware",0.81457555
www.telenor.se,Swedish,tv-och-stream_problemlosning_tv-via-fiber_byt-hdmi-kabel-ingen-bild.html.json,"Routers, modems & network hardware",0.75971925,TV & streaming,0.8049468994140625,"Routers, modems & network hardware",0.8121984
www.telenor.se,Swedish,tv-och-stream_problemlosning_tv-via-fiber_byt-hdmi-kabel.html.json,"Routers, modems & network hardware",0.75971925,TV & streaming,0.8049468994140625,"Routers, modems & network hardware",0.81631887
www.telenor.se,Swedish,tv-och-stream_problemlosning_tv-via-fiber_byt-hdmi-uttag-ingen-bild.html.json,TV & streaming,0.7614931,TV & streaming,0.8168036937713623,TV & streaming,0.8202688
www.telenor.se,Swedish,tv-och-stream_problemlosning_tv-via-fiber_byt-natverkskabel.html.json,"Routers, modems & network hardware",0.78508687,"Routers, modems & network hardware",0.8207513093948364,"Routers, modems & network hardware",0.81542534
www.telenor.se,Swedish,tv-och-stream_problemlosning_tv-via-fiber_dalig-bild-eller-daligt-ljud.html.json,Network & coverage,0.78940743,Network & coverage,0.8345566987991333,Network & coverage,0.81752694
www.telenor.se,Swedish,tv-och-stream_problemlosning_tv-via-fiber_har-du-kopplat-din-tv-box-via-en-hemmabioanlaggning.html.json,TV & streaming,0.762769,TV & streaming,0.8096013069152832,TV & streaming,0.82322025
www.telenor.se,Swedish,tv-och-stream_problemlosning_tv-via-fiber_har-du-tv-i-flera-rum.html.json,TV & streaming,0.7942277,TV & streaming,0.8367754220962524,TV & streaming,0.80450225
www.telenor.se,Swedish,tv-och-stream_problemlosning_tv-via-fiber_ingen-bild-alls.html.json,TV & streaming,0.7594218,TV & streaming,0.8160898685455322,"Routers, modems & network hardware",0.8145462
www.telenor.se,Swedish,tv-och-stream_problemlosning_tv-via-fiber_inget-ljud-alls.html.json,TV & streaming,0.75300306,TV & streaming,0.8055337071418762,TV & streaming,0.81146246
www.telenor.se,Swedish,tv-och-stream_problemlosning_tv-via-fiber_kanaler-saknas.html.json,TV & streaming,0.8055135,TV & streaming,0.8473507761955261,Mobile subscriptions & services,0.8180529
www.telenor.se,Swedish,tv-och-stream_problemlosning_tv-via-fiber_kolla-att-din-tv-box-ar-paslagen.html.json,TV & streaming,0.786378,TV & streaming,0.8326482772827148,Mobile subscriptions & services,0.8095108
www.telenor.se,Swedish,tv-och-stream_problemlosning_tv-via-fiber_kolla-hdmi-kabeln.html.json,TV & streaming,0.7629323,TV & streaming,0.8138700723648071,TV & streaming,0.82250506
www.telenor.se,Swedish,tv-och-stream_problemlosning_tv-via-fiber_kolla-inkopplingen.html.json,TV & streaming,0.78980446,TV & streaming,0.8368488550186157,TV & streaming,0.8187017
www.telenor.se,Swedish,tv-och-stream_problemlosning_tv-via-fiber_kolla-kanallistan.html.json,TV & streaming,0.78338385,TV & streaming,0.8399816155433655,Mobile subscriptions & services,0.81290793
www.telenor.se,Swedish,tv-och-stream_problemlosning_tv-via-fiber_kolla-ljudinstallningarna-i-din-tv-box.html.json,TV & streaming,0.7729379,TV & streaming,0.8266697525978088,TV & streaming,0.8203617
www.telenor.se,Swedish,tv-och-stream_problemlosning_tv-via-fiber_problem-fjarrkontrollens-volymknapp.html.json,TV & streaming,0.7579425,TV & streaming,0.8117296695709229,TV & streaming,0.81284356
www.telenor.se,Swedish,tv-och-stream_problemlosning_tv-via-fiber_prova-med-en-scartkabel.html.json,Network & coverage,0.74339616,TV & streaming,0.7977159023284912,TV & streaming,0.8177592
www.telenor.se,Swedish,tv-och-stream_problemlosning_tv-via-fiber_starta-om.html.json,TV & streaming,0.785912,TV & streaming,0.8393547534942627,TV & streaming,0.8217604
www.telenor.se,Swedish,tv-och-stream_problemlosning_tv-via-fiber_tryck-ned-knappen.html.json,TV & streaming,0.77838194,TV & streaming,0.8256587386131287,Mobile subscriptions & services,0.8100556
www.telenor.se,Swedish,tv-och-stream_problemlosning_tv-via-fiber_tv-boxen-startar-inte.html.json,TV & streaming,0.7812808,TV & streaming,0.825804591178894,Mobile subscriptions & services,0.81542945
www.telenor.se,Swedish,tv-och-stream_problemlosning_tv-via-kabel_bestall-en-ny-fjarrkontroll.html.json,TV & streaming,0.7877262,TV & streaming,0.8382318019866943,TV & streaming,0.81713104
www.telenor.se,Swedish,tv-och-stream_problemlosning_tv-via-kabel_bilden-ar-fryst-eller-hackar.html.json,TV & streaming,0.7797653,TV & streaming,0.831006646156311,"Routers, modems & network hardware",0.81827825
www.telenor.se,Swedish,tv-och-stream_problemlosning_tv-via-kabel_byt-antennkabel-bilden-fryst.html.json,"Routers, modems & network hardware",0.7668928,Broadband & fixed internet,0.8048661947250366,"Routers, modems & network hardware",0.81430006
www.telenor.se,Swedish,tv-och-stream_problemlosning_tv-via-kabel_byt-antennkabel.html.json,"Routers, modems & network hardware",0.76456964,Broadband & fixed internet,0.8039336204528809,"Routers, modems & network hardware",0.8120216
www.telenor.se,Swedish,tv-och-stream_problemlosning_tv-via-kabel_byt-hdmi-kabel.html.json,"Routers, modems & network hardware",0.7597194,TV & streaming,0.8049468398094177,"Routers, modems & network hardware",0.81631887
www.telenor.se,Swedish,tv-och-stream_problemlosning_tv-via-kabel_byt-hdmi-uttag-inget-ljud.html.json,TV & streaming,0.7614931,TV & streaming,0.8168036341667175,TV & streaming,0.8206521
www.telenor.se,Swedish,tv-och-stream_problemlosning_tv-via-kabel_byt-hdmi-uttag.html.json,TV & streaming,0.7614931,TV & streaming,0.8168036341667175,TV & streaming,0.8198415
www.telenor.se,Swedish,tv-och-stream_problemlosning_tv-via-kabel_byt-kanallista.html.json,TV & streaming,0.7761831,TV & streaming,0.831242024898529,Mobile subscriptions & services,0.8207076
www.telenor.se,Swedish,tv-och-stream_problemlosning_tv-via-kabel_daligt-ljud-och-dalig-bild.html.json,TV & streaming,0.7706294,TV & streaming,0.8186089992523193,"Routers, modems & network hardware",0.8210174
www.telenor.se,Swedish,tv-och-stream_problemlosning_tv-via-kabel_det-kan-vara-fel-pa-din-antennkabel.html.json,Network & coverage,0.7695265,Broadband & fixed internet,0.8066452741622925,"Routers, modems & network hardware",0.8154956
www.telenor.se,Swedish,tv-och-stream_problemlosning_tv-via-kabel_det-kan-vara-fel-pa-din-fjarrkontroll.html.json,Mobile devices,0.81194115,TV & streaming,0.845511794090271,Mobile subscriptions & services,0.8125503
www.telenor.se,Swedish,tv-och-stream_problemlosning_tv-via-kabel_fabriksaterstall-din-tv-box-inget-ljud.html.json,TV & streaming,0.7821658,TV & streaming,0.8387702107429504,TV & streaming,0.82023686
www.telenor.se,Swedish,tv-och-stream_problemlosning_tv-via-kabel_fabriksaterstall-din-tv-box-standby.html.json,TV & streaming,0.78216577,TV & streaming,0.8387700319290161,TV & streaming,0.8190323
www.telenor.se,Swedish,tv-och-stream_problemlosning_tv-via-kabel_fabriksaterstall-din-tv-box.html.json,TV & streaming,0.78216577,TV & streaming,0.8387700319290161,TV & streaming,0.8190324
www.telenor.se,Swedish,tv-och-stream_problemlosning_tv-via-kabel_gor-en-kanalsokning.html.json,TV & streaming,0.7826489,TV & streaming,0.8266863822937012,TV & streaming,0.81708264
www.telenor.se,Swedish,tv-och-stream_problemlosning_tv-via-kabel_har-du-kopplat-din-tv-box-via-en-hemmabioanlaggning.html.json,TV & streaming,0.7627686,TV & streaming,0.8096011877059937,TV & streaming,0.8148922
www.telenor.se,Swedish,tv-och-stream_problemlosning_tv-via-kabel_har-du-tv-i-flera-rum.html.json,TV & streaming,0.79142547,TV & streaming,0.8402585387229919,TV & streaming,0.8131823
www.telenor.se,Swedish,tv-och-stream_problemlosning_tv-via-kabel_ingen-bild-alls.html.json,TV & streaming,0.78140545,TV & streaming,0.8269335031509399,TV & streaming,0.81839883
www.telenor.se,Swedish,tv-och-stream_problemlosning_tv-via-kabel_ingen-signal-till-tvn.html.json,TV & streaming,0.7605051,TV & streaming,0.8047189712524414,Network & coverage,0.8095995
www.telenor.se,Swedish,tv-och-stream_problemlosning_tv-via-kabel_inget-hander-nar-jag-trycker-pa-fjarrkontrollens-knappar.html.json,TV & streaming,0.7426498,TV & streaming,0.8001928329467773,TV & streaming,0.8068075
www.telenor.se,Swedish,tv-och-stream_problemlosning_tv-via-kabel_inget-ljud.html.json,TV & streaming,0.7544743,TV & streaming,0.8062867522239685,TV & streaming,0.8132113
www.telenor.se,Swedish,tv-och-stream_problemlosning_tv-via-kabel_inspelningen-startar-inte-nar-jag-trycker-pa-rec.html.json,TV & streaming,0.75617325,TV & streaming,0.8103117942810059,TV & streaming,0.8135367
www.telenor.se,Swedish,tv-och-stream_problemlosning_tv-via-kabel_jag-kan-inte-byta-kanal-samtidigt-som-jag-spelar-in-program.html.json,TV & streaming,0.76079005,TV & streaming,0.8109556436538696,Mobile subscriptions & services,0.814975
www.telenor.se,Swedish,tv-och-stream_problemlosning_tv-via-kabel_kanaler-saknas.html.json,TV & streaming,0.7807814,TV & streaming,0.8358269333839417,TV & streaming,0.821136
www.telenor.se,Swedish,tv-och-stream_problemlosning_tv-via-kabel_kolla-att-din-tv-box-ar-paslagen.html.json,TV & streaming,0.7802515,TV & streaming,0.8282417058944702,Mobile subscriptions & services,0.80978703
www.telenor.se,Swedish,tv-och-stream_problemlosning_tv-via-kabel_kolla-hdmi-kabeln.html.json,TV & streaming,0.7629323,TV & streaming,0.8138700723648071,TV & streaming,0.818426
www.telenor.se,Swedish,tv-och-stream_problemlosning_tv-via-kabel_kolla-ljudinstallningarna-i-din-tv-box.html.json,TV & streaming,0.7720397,TV & streaming,0.8212222456932068,"Routers, modems & network hardware",0.8035519
www.telenor.se,Swedish,tv-och-stream_problemlosning_tv-via-kabel_kolla-om-det-ar-en-driftstorning-bilden-fryst.html.json,Network & coverage,0.7878785,Network & coverage,0.8393722772598267,Network & coverage,0.8127381
www.telenor.se,Swedish,tv-och-stream_problemlosning_tv-via-kabel_kolla-om-det-ar-en-driftstorning.html.json,Network & coverage,0.7878785,Network & coverage,0.8393723368644714,Network & coverage,0.8185787
www.telenor.se,Swedish,tv-och-stream_problemlosning_tv-via-kabel_kolla-vilket-hdmi-uttag-som-anvands.html.json,TV & streaming,0.7599894,TV & streaming,0.817484974861145,"Routers, modems & network hardware",0.81548935
www.telenor.se,Swedish,tv-och-stream_problemlosning_tv-via-kabel_para-ihop-tv-boxen-med-fjarrkontrollen-pa-nytt.html.json,TV & streaming,0.7697974,TV & streaming,0.8248883485794067,TV & streaming,0.81609774
www.telenor.se,Swedish,tv-och-stream_problemlosning_tv-via-kabel_tv-boxen-gar-i-standbylage.html.json,TV & streaming,0.7699867,TV & streaming,0.819442629814148,TV & streaming,0.80873346
www.telenor.se,Swedish,tv-och-stream_problemlosning_tv-via-kabel_tv-boxen-startar-inte.html.json,TV & streaming,0.7732904,TV & streaming,0.8226965665817261,TV & streaming,0.814693
www.telenor.se,Swedish,vanliga-fragor_3g_varfor-slacks-3g-natet.html.json,Network & coverage,0.7980791,Network & coverage,0.8392232060432434,Network & coverage,0.8215935
www.telenor.se,Swedish,vanliga-fragor_abonnemang_var-hittar-jag-mitt-kundnummer.html.json,Billing & payment,0.76999533,Account & login,0.8148118257522583,Billing & payment,0.8077342
www.telenor.se,Swedish,vanliga-fragor_bredband_jag-har-problem-med-att-aktivera-mitt-bredband.html.json,Broadband & fixed internet,0.76133204,Broadband & fixed internet,0.8102378845214844,Broadband & fixed internet,0.8083266
www.telenor.se,Swedish,vanliga-fragor_bredband_nar-kan-jag-borja-anvanda-bredbandstjansten-jag-har-bestallt.html.json,Broadband & fixed internet,0.78121513,Broadband & fixed internet,0.8332399725914001,Broadband & fixed internet,0.81277
www.telenor.se,Swedish,vanliga-fragor_bredband_vad-ar-en-patchpanel.html.json,"Routers, modems & network hardware",0.7508828,Broadband & fixed internet,0.7922434210777283,"Routers, modems & network hardware",0.8080562
www.telenor.se,Swedish,vanliga-fragor_e-sim_vilka-enheter-har-stod-for-e-sim.html.json,SIM & eSIM,0.79630387,SIM & eSIM,0.8304070234298706,SIM & eSIM,0.83243895
www.telenor.se,Swedish,vanliga-fragor_faktura_hur-gor-jag-for-att-skaffa-autogiroe-faktura-om-jag-inte-har-bankid.html.json,Billing & payment,0.75344336,Account & login,0.8072296380996704,Billing & payment,0.80721664
www.telenor.se,Swedish,vanliga-fragor_faktura_vad-ar-trygg-48.html.json,Mobile devices,0.79222226,Mobile devices,0.8338649272918701,Mobile devices,0.816699
www.telenor.se,Swedish,vanliga-fragor_faktura_varfor-far-jag-en-faktura-fast-jag-sagt-upp-mitt-abonnemang.html.json,Billing & payment,0.78803635,Billing & payment,0.8448199033737183,Billing & payment,0.82891417
www.telenor.se,Swedish,vanliga-fragor_faktura_varfor-har-fakturan-ett-annat-belopp-an-jag-forvantade-mig.html.json,Billing & payment,0.7817905,Billing & payment,0.8414483070373535,Billing & payment,0.82819927
www.telenor.se,Swedish,vanliga-fragor_felsokning_min-iphone-visar-fel-nummer.-vad-ska-jag-gora.html.json,SIM & eSIM,0.74214894,SIM & eSIM,0.785905659198761,Mobile devices,0.80077475
www.telenor.se,Swedish,vanliga-fragor_how-do-i-register-a-prepaid-card-if-i-dont-have-a-swedish-social-security-number.html.json,SIM & eSIM,0.7666677,Account & login,0.8145782947540283,SIM & eSIM,0.79746956
www.telenor.se,Swedish,vanliga-fragor_kontantkort_vad-ar-rorligt-saldo.html.json,Mobile subscriptions & services,0.779933,Mobile subscriptions & services,0.8308809399604797,Mobile subscriptions & services,0.8130423
www.telenor.se,Swedish,vanliga-fragor_kop-och-forlangning_nar-far-jag-min-leverans.html.json,"Routers, modems & network hardware",0.7677086,Broadband & fixed internet,0.8171471357345581,Broadband & fixed internet,0.80616295
www.telenor.se,Swedish,vanliga-fragor_min-mobil-surfplatta_var-hittar-jag-imei-numret.html.json,Mobile devices,0.7573526,Mobile subscriptions & services,0.7950122356414795,Mobile subscriptions & services,0.79905146
www.telenor.se,Swedish,vanliga-fragor_port.html.json,"Routers, modems & network hardware",0.784622,"Routers, modems & network hardware",0.8278234004974365,"Routers, modems & network hardware",0.813439
www.telenor.se,Swedish,vanliga-fragor_port_vad-ar-en-tjanstefordelare.html.json,Broadband & fixed internet,0.78766024,Broadband & fixed internet,0.8203878402709961,Broadband & fixed internet,0.81692004
www.telenor.se,Swedish,vanliga-fragor_skada-och-forlust_hur-sager-jag-upp-forsakringen-trygg-48.html.json,Mobile devices,0.7669871,Mobile devices,0.8097909092903137,Mobile subscriptions & services,0.78600895
www.telenor.se,Swedish,vanliga-fragor_skada-och-forlust_vad-ska-jag-gora-om-det-hander-nagot-med-min-mobil-utomlands.html.json,Mobile devices,0.79955864,Mobile devices,0.8373335599899292,Mobile devices,0.823325
www.telenor.se,Swedish,vanliga-fragor_utomlands_jag-kan-inte-ringa-utomlands.-vad-gor-jag.html.json,SIM & eSIM,0.7582343,Mobile subscriptions & services,0.7995249629020691,Mobile subscriptions & services,0.8102595
www.telenor.se,Swedish,vanliga-fragor_wifi_vad-betyder-fargerna-pa-wifi-forstarkarens-lampa.html.json,Broadband & fixed internet,0.77792126,Broadband & fixed internet,0.8181064128875732,"Routers, modems & network hardware",0.82963985
